Step 6: Removing existing Pods and Podfile.lock...
Step 7: Checking and fixing Boost checksum mismatch...
Downloading Boost manually...
  % Total    % Received % Xferd  Average Speed   Time    Time     Time  Current
                                 Dload  Upload   Total   Spent    Left  Speed
  0     0    0     0    0     0      0      0 --:--:-- --:--:-- --:--:--     0100   138  100   138    0     0    253      0 --:--:-- --:--:-- --:--:--   253100   138  100   138    0     0    253      0 --:--:-- --:--:-- --:--:--   253
Calculating checksum...
Expected checksum: f0397ba6e982c4450f27bf32a2a83292aba035b827a5623a14636ea583318c41
Actual checksum: 753e0dd54f28c4f7009b9c0b18a68aed175416bd8b7d134858264586eaac56f0
Checksum mismatch detected. Replace the cached Boost file manually.
mv: rename boost_1_76_0.tar.bz2 to /Users/gr0nk/.cocoapods/repos/trunk/boost/1.76.0/boost_1_76_0.tar.bz2: No such file or directory
Step 8: Reinstalling pods...
  $ /opt/homebrew/bin/node -p require.resolve(     "@react-native-community/cli-platform-ios/native_modules.rb",     {paths: [process.argv[1]]},   ) /Users/gr0nk/Documents/GitHub/ToBeWisePro/node_modules/react-native/scripts
  /Users/gr0nk/Documents/GitHub/ToBeWisePro/node_modules/@react-native-community/cli-platform-ios/native_modules.rb

Using Expo modules
  — expo (49.0.11)
  — expo-application (5.3.1)
  [Expo] Enabling modular headers for pod ExpoModulesCore
  — expo-constants (14.4.2)
  — expo-eas-client (0.6.0)
  — expo-file-system (15.4.4)
  — expo-font (11.4.0)
  — expo-json-utils (0.7.1)
  — expo-keep-awake (12.3.0)
  — expo-manifests (0.7.2)
  — expo-modules-core (1.5.11)
  — expo-notifications (0.20.1)
  — expo-splash-screen (0.20.5)
  — expo-sqlite (11.3.3)
  — expo-structured-headers (3.3.0)
  [Expo] Enabling modular headers for pod React-Core
  [Expo] Enabling modular headers for pod EXStructuredHeaders
  [Expo] Enabling modular headers for pod EXUpdatesInterface
  [Expo] Enabling modular headers for pod EXManifests
  [Expo] Enabling modular headers for pod EASClient
  [Expo] Enabling modular headers for pod ReachabilitySwift
  [Expo] Enabling modular headers for pod ASN1Decoder
  [Expo] Enabling modular headers for pod RCT-Folly
  — expo-updates (0.18.13)
  $ /opt/homebrew/bin/node -e try {console.log(require('@react-native-community/cli').bin);} catch (e) {console.log(require('react-native/cli').bin);}
  /Users/gr0nk/Documents/GitHub/ToBeWisePro/node_modules/@react-native-community/cli/build/bin.js
RNFBAnalytics: Using default Firebase/Analytics with Ad Ids. May require App Tracking Transparency. Not allowed for Kids apps.
RNFBAnalytics: You may set variable `$RNFirebaseAnalyticsWithoutAdIdSupport=true` in Podfile to use analytics without ad ids.
Adding a custom script phase for Pod RNFBApp: [RNFB] Core Configuration
Auto-linking React Native modules for target `ToBeWisePro`: BVLinearGradient, RCTYouTube, RNCAsyncStorage, RNCPicker, RNDateTimePicker, RNFBAnalytics, RNFBApp, RNFBFirestore, RNGestureHandler, RNInAppBrowser, RNRate, RNReactNativeHapticFeedback, RNReanimated, RNScreens, react-native-config, react-native-safe-area-context, react-native-slider, and react-native-webview
Framework build type is static framework
  $ /bin/mkdir -p ./build/generated/ios
[Codegen] Generating ./build/generated/ios/React-Codegen.podspec.json
  Preparing

Analyzing dependencies

Inspecting targets to integrate
  Using `ARCHS` setting to build architectures of target `Pods-ToBeWisePro`: (``)

Fetching external sources
-> Fetching podspec for `BVLinearGradient` from `../node_modules/react-native-linear-gradient`
-> Fetching podspec for `DoubleConversion` from `../node_modules/react-native/third-party-podspecs/DoubleConversion.podspec`
-> Fetching podspec for `EASClient` from `../node_modules/expo-eas-client/ios`
-> Fetching podspec for `EXApplication` from `../node_modules/expo-application/ios`
-> Fetching podspec for `EXConstants` from `../node_modules/expo-constants/ios`
-> Fetching podspec for `EXFileSystem` from `../node_modules/expo-file-system/ios`
-> Fetching podspec for `EXFont` from `../node_modules/expo-font/ios`
-> Fetching podspec for `EXJSONUtils` from `../node_modules/expo-json-utils/ios`
-> Fetching podspec for `EXManifests` from `../node_modules/expo-manifests/ios`
-> Fetching podspec for `EXNotifications` from `../node_modules/expo-notifications/ios`
-> Fetching podspec for `EXSplashScreen` from `../node_modules/expo-splash-screen/ios`
-> Fetching podspec for `EXStructuredHeaders` from `../node_modules/expo-structured-headers/ios`
-> Fetching podspec for `EXUpdates` from `../node_modules/expo-updates/ios`
-> Fetching podspec for `EXUpdatesInterface` from `../node_modules/expo-updates-interface/ios`
-> Fetching podspec for `Expo` from `../node_modules/expo`
-> Fetching podspec for `ExpoKeepAwake` from `../node_modules/expo-keep-awake/ios`
-> Fetching podspec for `ExpoModulesCore` from `../node_modules/expo-modules-core`
-> Fetching podspec for `ExpoSQLite` from `../node_modules/expo-sqlite/ios`
-> Fetching podspec for `FBLazyVector` from `../node_modules/react-native/Libraries/FBLazyVector`
-> Fetching podspec for `FBReactNativeSpec` from `../node_modules/react-native/React/FBReactNativeSpec`
[Codegen] Found FBReactNativeSpec
-> Fetching podspec for `RCT-Folly` from `../node_modules/react-native/third-party-podspecs/RCT-Folly.podspec`
-> Fetching podspec for `RCTRequired` from `../node_modules/react-native/Libraries/RCTRequired`
-> Fetching podspec for `RCTTypeSafety` from `../node_modules/react-native/Libraries/TypeSafety`
-> Fetching podspec for `RCTYouTube` from `../node_modules/react-native-youtube`
-> Fetching podspec for `RNCAsyncStorage` from `../node_modules/@react-native-async-storage/async-storage`
-> Fetching podspec for `RNCPicker` from `../node_modules/@react-native-picker/picker`
-> Fetching podspec for `RNDateTimePicker` from `../node_modules/@react-native-community/datetimepicker`
-> Fetching podspec for `RNFBAnalytics` from `../node_modules/@react-native-firebase/analytics`
RNFBAnalytics: Using default Firebase/Analytics with Ad Ids. May require App Tracking Transparency. Not allowed for Kids apps.
RNFBAnalytics: You may set variable `$RNFirebaseAnalyticsWithoutAdIdSupport=true` in Podfile to use analytics without ad ids.
-> Fetching podspec for `RNFBApp` from `../node_modules/@react-native-firebase/app`
-> Fetching podspec for `RNFBFirestore` from `../node_modules/@react-native-firebase/firestore`
-> Fetching podspec for `RNGestureHandler` from `../node_modules/react-native-gesture-handler`
-> Fetching podspec for `RNInAppBrowser` from `../node_modules/react-native-inappbrowser-reborn`
-> Fetching podspec for `RNRate` from `../node_modules/react-native-rate`
-> Fetching podspec for `RNReactNativeHapticFeedback` from `../node_modules/react-native-haptic-feedback`
-> Fetching podspec for `RNReanimated` from `../node_modules/react-native-reanimated`
-> Fetching podspec for `RNScreens` from `../node_modules/react-native-screens`
-> Fetching podspec for `React` from `../node_modules/react-native/`
-> Fetching podspec for `React-Codegen` from `build/generated/ios`
-> Fetching podspec for `React-Core` from `../node_modules/react-native/`
-> Fetching podspec for `React-CoreModules` from `../node_modules/react-native/React/CoreModules`
-> Fetching podspec for `React-NativeModulesApple` from `../node_modules/react-native/ReactCommon/react/nativemodule/core/platform/ios`
-> Fetching podspec for `React-RCTActionSheet` from `../node_modules/react-native/Libraries/ActionSheetIOS`
-> Fetching podspec for `React-RCTAnimation` from `../node_modules/react-native/Libraries/NativeAnimation`
-> Fetching podspec for `React-RCTAppDelegate` from `../node_modules/react-native/Libraries/AppDelegate`
-> Fetching podspec for `React-RCTBlob` from `../node_modules/react-native/Libraries/Blob`
-> Fetching podspec for `React-RCTImage` from `../node_modules/react-native/Libraries/Image`
-> Fetching podspec for `React-RCTLinking` from `../node_modules/react-native/Libraries/LinkingIOS`
-> Fetching podspec for `React-RCTNetwork` from `../node_modules/react-native/Libraries/Network`
-> Fetching podspec for `React-RCTSettings` from `../node_modules/react-native/Libraries/Settings`
-> Fetching podspec for `React-RCTText` from `../node_modules/react-native/Libraries/Text`
-> Fetching podspec for `React-RCTVibration` from `../node_modules/react-native/Libraries/Vibration`
-> Fetching podspec for `React-callinvoker` from `../node_modules/react-native/ReactCommon/callinvoker`
-> Fetching podspec for `React-cxxreact` from `../node_modules/react-native/ReactCommon/cxxreact`
-> Fetching podspec for `React-debug` from `../node_modules/react-native/ReactCommon/react/debug`
-> Fetching podspec for `React-jsc` from `../node_modules/react-native/ReactCommon/jsc`
-> Fetching podspec for `React-jsi` from `../node_modules/react-native/ReactCommon/jsi`
-> Fetching podspec for `React-jsiexecutor` from `../node_modules/react-native/ReactCommon/jsiexecutor`
-> Fetching podspec for `React-jsinspector` from `../node_modules/react-native/ReactCommon/jsinspector`
-> Fetching podspec for `React-logger` from `../node_modules/react-native/ReactCommon/logger`
-> Fetching podspec for `React-perflogger` from `../node_modules/react-native/ReactCommon/reactperflogger`
-> Fetching podspec for `React-rncore` from `../node_modules/react-native/ReactCommon`
[Codegen] Found rncore
-> Fetching podspec for `React-runtimeexecutor` from `../node_modules/react-native/ReactCommon/runtimeexecutor`
-> Fetching podspec for `React-runtimescheduler` from `../node_modules/react-native/ReactCommon/react/renderer/runtimescheduler`
-> Fetching podspec for `React-utils` from `../node_modules/react-native/ReactCommon/react/utils`
-> Fetching podspec for `ReactCommon` from `../node_modules/react-native/ReactCommon`
-> Fetching podspec for `Yoga` from `../node_modules/react-native/ReactCommon/yoga`
-> Fetching podspec for `boost` from `../node_modules/react-native/third-party-podspecs/boost.podspec`
-> Fetching podspec for `glog` from `../node_modules/react-native/third-party-podspecs/glog.podspec`
-> Fetching podspec for `react-native-config` from `../node_modules/react-native-config`
-> Fetching podspec for `react-native-safe-area-context` from `../node_modules/react-native-safe-area-context`
-> Fetching podspec for `react-native-slider` from `../node_modules/@react-native-community/slider`
-> Fetching podspec for `react-native-webview` from `../node_modules/react-native-webview`

Resolving dependencies of `Podfile`
  CDN: trunk Relative path: CocoaPods-version.yml exists! Returning local because checking is only performed in repo update
  CDN: trunk Relative path: all_pods_versions_0_3_5.txt exists! Returning local because checking is only performed in repo update
  CDN: trunk Relative path: Specs/0/3/5/Firebase/11.6.0/Firebase.podspec.json exists! Returning local because checking is only performed in repo update
  CDN: trunk Relative path: Specs/0/3/5/Firebase/10.15.0/Firebase.podspec.json exists! Returning local because checking is only performed in repo update
  CDN: trunk Relative path: all_pods_versions_6_1_e.txt exists! Returning local because checking is only performed in repo update
  CDN: trunk Relative path: Specs/6/1/e/nanopb/3.30910.0/nanopb.podspec.json exists! Returning local because checking is only performed in repo update
  CDN: trunk Relative path: all_pods_versions_d_d_6.txt exists! Returning local because checking is only performed in repo update
  CDN: trunk Relative path: Specs/d/d/6/ReachabilitySwift/5.2.4/ReachabilitySwift.podspec.json exists! Returning local because checking is only performed in repo update
  CDN: trunk Relative path: all_pods_versions_f_1_2.txt exists! Returning local because checking is only performed in repo update
  CDN: trunk Relative path: Specs/f/1/2/ASN1Decoder/1.10.0/ASN1Decoder.podspec.json exists! Returning local because checking is only performed in repo update
  CDN: trunk Relative path: Specs/0/3/5/Firebase/10.15.0/Firebase.podspec.json exists! Returning local because checking is only performed in repo update
  CDN: trunk Relative path: Specs/0/3/5/Firebase/10.15.0/Firebase.podspec.json exists! Returning local because checking is only performed in repo update
  CDN: trunk Relative path: all_pods_versions_7_6_3.txt exists! Returning local because checking is only performed in repo update
  CDN: trunk Relative path: Specs/7/6/3/fmt/7.1.3/fmt.podspec.json exists! Returning local because checking is only performed in repo update
  CDN: trunk Relative path: all_pods_versions_a_9_3.txt exists! Returning local because checking is only performed in repo update
  CDN: trunk Relative path: Specs/a/9/3/SocketRocket/0.7.1/SocketRocket.podspec.json exists! Returning local because checking is only performed in repo update
  CDN: trunk Relative path: all_pods_versions_b_b_a.txt exists! Returning local because checking is only performed in repo update
  CDN: trunk Relative path: Specs/b/b/a/YoutubePlayer-in-WKWebView/0.3.11/YoutubePlayer-in-WKWebView.podspec.json exists! Returning local because checking is only performed in repo update
  CDN: trunk Relative path: all_pods_versions_0_9_f.txt exists! Returning local because checking is only performed in repo update
  CDN: trunk Relative path: Specs/0/9/f/FirebaseFirestore/11.6.0/FirebaseFirestore.podspec.json exists! Returning local because checking is only performed in repo update
  CDN: trunk Relative path: Specs/0/9/f/FirebaseFirestore/10.15.0/FirebaseFirestore.podspec.json exists! Returning local because checking is only performed in repo update
  CDN: trunk Relative path: all_pods_versions_8_b_d.txt exists! Returning local because checking is only performed in repo update
  CDN: trunk Relative path: Specs/8/b/d/FirebaseCore/11.6.0/FirebaseCore.podspec.json exists! Returning local because checking is only performed in repo update
  CDN: trunk Relative path: all_pods_versions_3_8_6.txt exists! Returning local because checking is only performed in repo update
  CDN: trunk Relative path: Specs/3/8/6/abseil/1.20240722.0/abseil.podspec.json exists! Returning local because checking is only performed in repo update
  CDN: trunk Relative path: Specs/3/8/6/abseil/1.20220623.0/abseil.podspec.json exists! Returning local because checking is only performed in repo update
  CDN: trunk Relative path: Specs/3/8/6/abseil/1.20220623.2/abseil.podspec.json exists! Returning local because checking is only performed in repo update
  CDN: trunk Relative path: Specs/3/8/6/abseil/1.20220623.0/abseil.podspec.json exists! Returning local because checking is only performed in repo update
  CDN: trunk Relative path: Specs/3/8/6/abseil/1.20220623.2/abseil.podspec.json exists! Returning local because checking is only performed in repo update
  CDN: trunk Relative path: Specs/3/8/6/abseil/1.20220623.0/abseil.podspec.json exists! Returning local because checking is only performed in repo update
  CDN: trunk Relative path: Specs/3/8/6/abseil/1.20220623.2/abseil.podspec.json exists! Returning local because checking is only performed in repo update
  CDN: trunk Relative path: Specs/3/8/6/abseil/1.20220623.0/abseil.podspec.json exists! Returning local because checking is only performed in repo update
  CDN: trunk Relative path: Specs/3/8/6/abseil/1.20220623.2/abseil.podspec.json exists! Returning local because checking is only performed in repo update
  CDN: trunk Relative path: Specs/3/8/6/abseil/1.20220623.0/abseil.podspec.json exists! Returning local because checking is only performed in repo update
  CDN: trunk Relative path: Specs/3/8/6/abseil/1.20220623.2/abseil.podspec.json exists! Returning local because checking is only performed in repo update
  CDN: trunk Relative path: Specs/3/8/6/abseil/1.20220623.0/abseil.podspec.json exists! Returning local because checking is only performed in repo update
  CDN: trunk Relative path: Specs/3/8/6/abseil/1.20220623.2/abseil.podspec.json exists! Returning local because checking is only performed in repo update
  CDN: trunk Relative path: Specs/3/8/6/abseil/1.20220623.0/abseil.podspec.json exists! Returning local because checking is only performed in repo update
  CDN: trunk Relative path: Specs/3/8/6/abseil/1.20220623.2/abseil.podspec.json exists! Returning local because checking is only performed in repo update
  CDN: trunk Relative path: Specs/3/8/6/abseil/1.20220623.0/abseil.podspec.json exists! Returning local because checking is only performed in repo update
  CDN: trunk Relative path: Specs/3/8/6/abseil/1.20220623.2/abseil.podspec.json exists! Returning local because checking is only performed in repo update
  CDN: trunk Relative path: all_pods_versions_c_8_7.txt exists! Returning local because checking is only performed in repo update
  CDN: trunk Relative path: Specs/c/8/7/gRPC-C++/1.69.0/gRPC-C++.podspec.json exists! Returning local because checking is only performed in repo update
  CDN: trunk Relative path: all_pods_versions_a_d_a.txt exists! Returning local because checking is only performed in repo update
  CDN: trunk Relative path: Specs/a/d/a/leveldb-library/1.22.6/leveldb-library.podspec.json exists! Returning local because checking is only performed in repo update
  CDN: trunk Relative path: Specs/7/6/3/fmt/6.2.1/fmt.podspec.json exists! Returning local because checking is only performed in repo update
  CDN: trunk Relative path: Specs/0/3/5/Firebase/10.15.0/Firebase.podspec.json exists! Returning local because checking is only performed in repo update
  CDN: trunk Relative path: Specs/c/8/7/gRPC-C++/1.50.1/gRPC-C++.podspec.json exists! Returning local because checking is only performed in repo update
  CDN: trunk Relative path: Specs/c/8/7/gRPC-C++/1.50.1/gRPC-C++.podspec.json exists! Returning local because checking is only performed in repo update
  CDN: trunk Relative path: Specs/c/8/7/gRPC-C++/1.50.1/gRPC-C++.podspec.json exists! Returning local because checking is only performed in repo update
  CDN: trunk Relative path: all_pods_versions_e_2_1.txt exists! Returning local because checking is only performed in repo update
  CDN: trunk Relative path: Specs/e/2/1/FirebaseAnalytics/11.6.0/FirebaseAnalytics.podspec.json exists! Returning local because checking is only performed in repo update
  CDN: trunk Relative path: all_pods_versions_9_1_0.txt exists! Returning local because checking is only performed in repo update
  CDN: trunk Relative path: Specs/9/1/0/gRPC-Core/1.69.0/gRPC-Core.podspec.json exists! Returning local because checking is only performed in repo update
  CDN: trunk Relative path: Specs/3/8/6/abseil/1.20220623.0/abseil.podspec.json exists! Returning local because checking is only performed in repo update
  CDN: trunk Relative path: Specs/3/8/6/abseil/1.20220623.0/abseil.podspec.json exists! Returning local because checking is only performed in repo update
  CDN: trunk Relative path: Specs/3/8/6/abseil/1.20220623.0/abseil.podspec.json exists! Returning local because checking is only performed in repo update
  CDN: trunk Relative path: Specs/3/8/6/abseil/1.20220623.0/abseil.podspec.json exists! Returning local because checking is only performed in repo update
  CDN: trunk Relative path: Specs/3/8/6/abseil/1.20220623.0/abseil.podspec.json exists! Returning local because checking is only performed in repo update
  CDN: trunk Relative path: Specs/3/8/6/abseil/1.20220623.0/abseil.podspec.json exists! Returning local because checking is only performed in repo update
  CDN: trunk Relative path: Specs/3/8/6/abseil/1.20220623.0/abseil.podspec.json exists! Returning local because checking is only performed in repo update
  CDN: trunk Relative path: Specs/3/8/6/abseil/1.20220623.0/abseil.podspec.json exists! Returning local because checking is only performed in repo update
  CDN: trunk Relative path: Specs/3/8/6/abseil/1.20220623.0/abseil.podspec.json exists! Returning local because checking is only performed in repo update
  CDN: trunk Relative path: Specs/3/8/6/abseil/1.20220623.0/abseil.podspec.json exists! Returning local because checking is only performed in repo update
  CDN: trunk Relative path: Specs/3/8/6/abseil/1.20220623.0/abseil.podspec.json exists! Returning local because checking is only performed in repo update
  CDN: trunk Relative path: Specs/3/8/6/abseil/1.20220623.0/abseil.podspec.json exists! Returning local because checking is only performed in repo update
  CDN: trunk Relative path: Specs/3/8/6/abseil/1.20220623.0/abseil.podspec.json exists! Returning local because checking is only performed in repo update
  CDN: trunk Relative path: Specs/3/8/6/abseil/1.20220623.0/abseil.podspec.json exists! Returning local because checking is only performed in repo update
  CDN: trunk Relative path: Specs/3/8/6/abseil/1.20220623.0/abseil.podspec.json exists! Returning local because checking is only performed in repo update
  CDN: trunk Relative path: Specs/3/8/6/abseil/1.20220623.0/abseil.podspec.json exists! Returning local because checking is only performed in repo update
  CDN: trunk Relative path: Specs/3/8/6/abseil/1.20220623.0/abseil.podspec.json exists! Returning local because checking is only performed in repo update
  CDN: trunk Relative path: Specs/3/8/6/abseil/1.20220623.0/abseil.podspec.json exists! Returning local because checking is only performed in repo update
  CDN: trunk Relative path: Specs/3/8/6/abseil/1.20220623.0/abseil.podspec.json exists! Returning local because checking is only performed in repo update
  CDN: trunk Relative path: Specs/3/8/6/abseil/1.20220623.0/abseil.podspec.json exists! Returning local because checking is only performed in repo update
  CDN: trunk Relative path: Specs/3/8/6/abseil/1.20220623.0/abseil.podspec.json exists! Returning local because checking is only performed in repo update
  CDN: trunk Relative path: Specs/3/8/6/abseil/1.20220623.0/abseil.podspec.json exists! Returning local because checking is only performed in repo update
  CDN: trunk Relative path: Specs/3/8/6/abseil/1.20220623.0/abseil.podspec.json exists! Returning local because checking is only performed in repo update
  CDN: trunk Relative path: Specs/3/8/6/abseil/1.20220623.0/abseil.podspec.json exists! Returning local because checking is only performed in repo update
  CDN: trunk Relative path: Specs/e/2/1/FirebaseAnalytics/10.15.0/FirebaseAnalytics.podspec.json exists! Returning local because checking is only performed in repo update
  CDN: trunk Relative path: all_pods_versions_2_f_7.txt exists! Returning local because checking is only performed in repo update
  CDN: trunk Relative path: Specs/2/f/7/FirebaseInstallations/11.6.0/FirebaseInstallations.podspec.json exists! Returning local because checking is only performed in repo update
  CDN: trunk Relative path: all_pods_versions_0_8_4.txt exists! Returning local because checking is only performed in repo update
  CDN: trunk Relative path: Specs/0/8/4/GoogleUtilities/8.0.2/GoogleUtilities.podspec.json exists! Returning local because checking is only performed in repo update
  CDN: trunk Relative path: Specs/0/8/4/GoogleUtilities/7.11.0/GoogleUtilities.podspec.json exists! Returning local because checking is only performed in repo update
  CDN: trunk Relative path: Specs/0/8/4/GoogleUtilities/7.11.1/GoogleUtilities.podspec.json exists! Returning local because checking is only performed in repo update
  CDN: trunk Relative path: Specs/0/8/4/GoogleUtilities/7.11.4/GoogleUtilities.podspec.json exists! Returning local because checking is only performed in repo update
  CDN: trunk Relative path: Specs/0/8/4/GoogleUtilities/7.11.5/GoogleUtilities.podspec.json exists! Returning local because checking is only performed in repo update
  CDN: trunk Relative path: Specs/0/8/4/GoogleUtilities/7.11.6/GoogleUtilities.podspec.json exists! Returning local because checking is only performed in repo update
  CDN: trunk Relative path: Specs/0/8/4/GoogleUtilities/7.12.0/GoogleUtilities.podspec.json exists! Returning local because checking is only performed in repo update
  CDN: trunk Relative path: Specs/0/8/4/GoogleUtilities/7.13.0/GoogleUtilities.podspec.json exists! Returning local because checking is only performed in repo update
  CDN: trunk Relative path: Specs/0/8/4/GoogleUtilities/7.13.2/GoogleUtilities.podspec.json exists! Returning local because checking is only performed in repo update
  CDN: trunk Relative path: Specs/0/8/4/GoogleUtilities/7.13.3/GoogleUtilities.podspec.json exists! Returning local because checking is only performed in repo update
  CDN: trunk Relative path: Specs/0/8/4/GoogleUtilities/7.11.0/GoogleUtilities.podspec.json exists! Returning local because checking is only performed in repo update
  CDN: trunk Relative path: Specs/0/8/4/GoogleUtilities/7.11.1/GoogleUtilities.podspec.json exists! Returning local because checking is only performed in repo update
  CDN: trunk Relative path: Specs/0/8/4/GoogleUtilities/7.11.4/GoogleUtilities.podspec.json exists! Returning local because checking is only performed in repo update
  CDN: trunk Relative path: Specs/0/8/4/GoogleUtilities/7.11.5/GoogleUtilities.podspec.json exists! Returning local because checking is only performed in repo update
  CDN: trunk Relative path: Specs/0/8/4/GoogleUtilities/7.11.6/GoogleUtilities.podspec.json exists! Returning local because checking is only performed in repo update
  CDN: trunk Relative path: Specs/0/8/4/GoogleUtilities/7.12.0/GoogleUtilities.podspec.json exists! Returning local because checking is only performed in repo update
  CDN: trunk Relative path: Specs/0/8/4/GoogleUtilities/7.13.0/GoogleUtilities.podspec.json exists! Returning local because checking is only performed in repo update
  CDN: trunk Relative path: Specs/0/8/4/GoogleUtilities/7.13.2/GoogleUtilities.podspec.json exists! Returning local because checking is only performed in repo update
  CDN: trunk Relative path: Specs/0/8/4/GoogleUtilities/7.13.3/GoogleUtilities.podspec.json exists! Returning local because checking is only performed in repo update
  CDN: trunk Relative path: Specs/0/8/4/GoogleUtilities/7.11.0/GoogleUtilities.podspec.json exists! Returning local because checking is only performed in repo update
  CDN: trunk Relative path: Specs/0/8/4/GoogleUtilities/7.11.1/GoogleUtilities.podspec.json exists! Returning local because checking is only performed in repo update
  CDN: trunk Relative path: Specs/0/8/4/GoogleUtilities/7.11.4/GoogleUtilities.podspec.json exists! Returning local because checking is only performed in repo update
  CDN: trunk Relative path: Specs/0/8/4/GoogleUtilities/7.11.5/GoogleUtilities.podspec.json exists! Returning local because checking is only performed in repo update
  CDN: trunk Relative path: Specs/0/8/4/GoogleUtilities/7.11.6/GoogleUtilities.podspec.json exists! Returning local because checking is only performed in repo update
  CDN: trunk Relative path: Specs/0/8/4/GoogleUtilities/7.12.0/GoogleUtilities.podspec.json exists! Returning local because checking is only performed in repo update
  CDN: trunk Relative path: Specs/0/8/4/GoogleUtilities/7.13.0/GoogleUtilities.podspec.json exists! Returning local because checking is only performed in repo update
  CDN: trunk Relative path: Specs/0/8/4/GoogleUtilities/7.13.2/GoogleUtilities.podspec.json exists! Returning local because checking is only performed in repo update
  CDN: trunk Relative path: Specs/0/8/4/GoogleUtilities/7.13.3/GoogleUtilities.podspec.json exists! Returning local because checking is only performed in repo update
  CDN: trunk Relative path: Specs/0/8/4/GoogleUtilities/7.11.0/GoogleUtilities.podspec.json exists! Returning local because checking is only performed in repo update
  CDN: trunk Relative path: Specs/0/8/4/GoogleUtilities/7.11.1/GoogleUtilities.podspec.json exists! Returning local because checking is only performed in repo update
  CDN: trunk Relative path: Specs/0/8/4/GoogleUtilities/7.11.4/GoogleUtilities.podspec.json exists! Returning local because checking is only performed in repo update
  CDN: trunk Relative path: Specs/0/8/4/GoogleUtilities/7.11.5/GoogleUtilities.podspec.json exists! Returning local because checking is only performed in repo update
  CDN: trunk Relative path: Specs/0/8/4/GoogleUtilities/7.11.6/GoogleUtilities.podspec.json exists! Returning local because checking is only performed in repo update
  CDN: trunk Relative path: Specs/0/8/4/GoogleUtilities/7.12.0/GoogleUtilities.podspec.json exists! Returning local because checking is only performed in repo update
  CDN: trunk Relative path: Specs/0/8/4/GoogleUtilities/7.13.0/GoogleUtilities.podspec.json exists! Returning local because checking is only performed in repo update
  CDN: trunk Relative path: Specs/0/8/4/GoogleUtilities/7.13.2/GoogleUtilities.podspec.json exists! Returning local because checking is only performed in repo update
  CDN: trunk Relative path: Specs/0/8/4/GoogleUtilities/7.13.3/GoogleUtilities.podspec.json exists! Returning local because checking is only performed in repo update
  CDN: trunk Relative path: Specs/e/2/1/FirebaseAnalytics/10.15.0/FirebaseAnalytics.podspec.json exists! Returning local because checking is only performed in repo update
  CDN: trunk Relative path: Specs/3/8/6/abseil/1.20220623.0/abseil.podspec.json exists! Returning local because checking is only performed in repo update
  CDN: trunk Relative path: Specs/3/8/6/abseil/1.20220623.0/abseil.podspec.json exists! Returning local because checking is only performed in repo update
  CDN: trunk Relative path: Specs/3/8/6/abseil/1.20220623.0/abseil.podspec.json exists! Returning local because checking is only performed in repo update
  CDN: trunk Relative path: Specs/3/8/6/abseil/1.20220623.0/abseil.podspec.json exists! Returning local because checking is only performed in repo update
  CDN: trunk Relative path: Specs/3/8/6/abseil/1.20220623.0/abseil.podspec.json exists! Returning local because checking is only performed in repo update
  CDN: trunk Relative path: Specs/3/8/6/abseil/1.20220623.0/abseil.podspec.json exists! Returning local because checking is only performed in repo update
  CDN: trunk Relative path: Specs/3/8/6/abseil/1.20220623.0/abseil.podspec.json exists! Returning local because checking is only performed in repo update
  CDN: trunk Relative path: Specs/3/8/6/abseil/1.20220623.0/abseil.podspec.json exists! Returning local because checking is only performed in repo update
  CDN: trunk Relative path: Specs/3/8/6/abseil/1.20220623.0/abseil.podspec.json exists! Returning local because checking is only performed in repo update
  CDN: trunk Relative path: Specs/3/8/6/abseil/1.20220623.0/abseil.podspec.json exists! Returning local because checking is only performed in repo update
  CDN: trunk Relative path: Specs/3/8/6/abseil/1.20220623.0/abseil.podspec.json exists! Returning local because checking is only performed in repo update
  CDN: trunk Relative path: Specs/3/8/6/abseil/1.20220623.0/abseil.podspec.json exists! Returning local because checking is only performed in repo update
  CDN: trunk Relative path: Specs/3/8/6/abseil/1.20220623.0/abseil.podspec.json exists! Returning local because checking is only performed in repo update
  CDN: trunk Relative path: Specs/3/8/6/abseil/1.20220623.0/abseil.podspec.json exists! Returning local because checking is only performed in repo update
  CDN: trunk Relative path: Specs/3/8/6/abseil/1.20220623.0/abseil.podspec.json exists! Returning local because checking is only performed in repo update
  CDN: trunk Relative path: Specs/3/8/6/abseil/1.20220623.0/abseil.podspec.json exists! Returning local because checking is only performed in repo update
  CDN: trunk Relative path: Specs/3/8/6/abseil/1.20220623.0/abseil.podspec.json exists! Returning local because checking is only performed in repo update
  CDN: trunk Relative path: Specs/3/8/6/abseil/1.20220623.0/abseil.podspec.json exists! Returning local because checking is only performed in repo update
  CDN: trunk Relative path: Specs/3/8/6/abseil/1.20220623.0/abseil.podspec.json exists! Returning local because checking is only performed in repo update
  CDN: trunk Relative path: Specs/3/8/6/abseil/1.20220623.0/abseil.podspec.json exists! Returning local because checking is only performed in repo update
  CDN: trunk Relative path: Specs/3/8/6/abseil/1.20220623.0/abseil.podspec.json exists! Returning local because checking is only performed in repo update
  CDN: trunk Relative path: Specs/3/8/6/abseil/1.20220623.0/abseil.podspec.json exists! Returning local because checking is only performed in repo update
  CDN: trunk Relative path: Specs/3/8/6/abseil/1.20220623.0/abseil.podspec.json exists! Returning local because checking is only performed in repo update
  CDN: trunk Relative path: Specs/3/8/6/abseil/1.20220623.0/abseil.podspec.json exists! Returning local because checking is only performed in repo update
  CDN: trunk Relative path: Specs/3/8/6/abseil/1.20220623.0/abseil.podspec.json exists! Returning local because checking is only performed in repo update
  CDN: trunk Relative path: Specs/3/8/6/abseil/1.20220623.0/abseil.podspec.json exists! Returning local because checking is only performed in repo update
  CDN: trunk Relative path: Specs/3/8/6/abseil/1.20220623.0/abseil.podspec.json exists! Returning local because checking is only performed in repo update
  CDN: trunk Relative path: Specs/3/8/6/abseil/1.20220623.0/abseil.podspec.json exists! Returning local because checking is only performed in repo update
  CDN: trunk Relative path: Specs/3/8/6/abseil/1.20220623.0/abseil.podspec.json exists! Returning local because checking is only performed in repo update
  CDN: trunk Relative path: all_pods_versions_e_3_b.txt exists! Returning local because checking is only performed in repo update
  CDN: trunk Relative path: Specs/e/3/b/GoogleAppMeasurement/11.6.0/GoogleAppMeasurement.podspec.json exists! Returning local because checking is only performed in repo update
  CDN: trunk Relative path: Specs/3/8/6/abseil/1.20220623.0/abseil.podspec.json exists! Returning local because checking is only performed in repo update
  CDN: trunk Relative path: Specs/3/8/6/abseil/1.20220623.0/abseil.podspec.json exists! Returning local because checking is only performed in repo update
  CDN: trunk Relative path: Specs/3/8/6/abseil/1.20220623.0/abseil.podspec.json exists! Returning local because checking is only performed in repo update
  CDN: trunk Relative path: Specs/3/8/6/abseil/1.20220623.0/abseil.podspec.json exists! Returning local because checking is only performed in repo update
  CDN: trunk Relative path: Specs/3/8/6/abseil/1.20220623.0/abseil.podspec.json exists! Returning local because checking is only performed in repo update
  CDN: trunk Relative path: Specs/3/8/6/abseil/1.20220623.0/abseil.podspec.json exists! Returning local because checking is only performed in repo update
  CDN: trunk Relative path: Specs/9/1/0/gRPC-Core/1.50.1/gRPC-Core.podspec.json exists! Returning local because checking is only performed in repo update
  CDN: trunk Relative path: Specs/9/1/0/gRPC-Core/1.50.1/gRPC-Core.podspec.json exists! Returning local because checking is only performed in repo update
  CDN: trunk Relative path: Specs/9/1/0/gRPC-Core/1.50.1/gRPC-Core.podspec.json exists! Returning local because checking is only performed in repo update
  CDN: trunk Relative path: Specs/3/8/6/abseil/1.20220623.0/abseil.podspec.json exists! Returning local because checking is only performed in repo update
  CDN: trunk Relative path: Specs/3/8/6/abseil/1.20220623.0/abseil.podspec.json exists! Returning local because checking is only performed in repo update
  CDN: trunk Relative path: Specs/3/8/6/abseil/1.20220623.0/abseil.podspec.json exists! Returning local because checking is only performed in repo update
  CDN: trunk Relative path: Specs/3/8/6/abseil/1.20220623.0/abseil.podspec.json exists! Returning local because checking is only performed in repo update
  CDN: trunk Relative path: Specs/3/8/6/abseil/1.20220623.0/abseil.podspec.json exists! Returning local because checking is only performed in repo update
  CDN: trunk Relative path: Specs/3/8/6/abseil/1.20220623.0/abseil.podspec.json exists! Returning local because checking is only performed in repo update
  CDN: trunk Relative path: Specs/3/8/6/abseil/1.20220623.0/abseil.podspec.json exists! Returning local because checking is only performed in repo update
  CDN: trunk Relative path: Specs/3/8/6/abseil/1.20220623.0/abseil.podspec.json exists! Returning local because checking is only performed in repo update
  CDN: trunk Relative path: Specs/3/8/6/abseil/1.20220623.0/abseil.podspec.json exists! Returning local because checking is only performed in repo update
  CDN: trunk Relative path: Specs/3/8/6/abseil/1.20220623.0/abseil.podspec.json exists! Returning local because checking is only performed in repo update
  CDN: trunk Relative path: Specs/3/8/6/abseil/1.20220623.0/abseil.podspec.json exists! Returning local because checking is only performed in repo update
  CDN: trunk Relative path: Specs/3/8/6/abseil/1.20220623.0/abseil.podspec.json exists! Returning local because checking is only performed in repo update
  CDN: trunk Relative path: Specs/3/8/6/abseil/1.20220623.0/abseil.podspec.json exists! Returning local because checking is only performed in repo update
  CDN: trunk Relative path: Specs/3/8/6/abseil/1.20220623.0/abseil.podspec.json exists! Returning local because checking is only performed in repo update
  CDN: trunk Relative path: Specs/3/8/6/abseil/1.20220623.0/abseil.podspec.json exists! Returning local because checking is only performed in repo update
  CDN: trunk Relative path: Specs/3/8/6/abseil/1.20220623.0/abseil.podspec.json exists! Returning local because checking is only performed in repo update
  CDN: trunk Relative path: Specs/3/8/6/abseil/1.20220623.0/abseil.podspec.json exists! Returning local because checking is only performed in repo update
  CDN: trunk Relative path: Specs/3/8/6/abseil/1.20220623.0/abseil.podspec.json exists! Returning local because checking is only performed in repo update
  CDN: trunk Relative path: Specs/3/8/6/abseil/1.20220623.0/abseil.podspec.json exists! Returning local because checking is only performed in repo update
  CDN: trunk Relative path: Specs/3/8/6/abseil/1.20220623.0/abseil.podspec.json exists! Returning local because checking is only performed in repo update
  CDN: trunk Relative path: Specs/3/8/6/abseil/1.20220623.0/abseil.podspec.json exists! Returning local because checking is only performed in repo update
  CDN: trunk Relative path: Specs/3/8/6/abseil/1.20220623.0/abseil.podspec.json exists! Returning local because checking is only performed in repo update
  CDN: trunk Relative path: Specs/3/8/6/abseil/1.20220623.0/abseil.podspec.json exists! Returning local because checking is only performed in repo update
  CDN: trunk Relative path: Specs/3/8/6/abseil/1.20220623.0/abseil.podspec.json exists! Returning local because checking is only performed in repo update
  CDN: trunk Relative path: Specs/3/8/6/abseil/1.20220623.0/abseil.podspec.json exists! Returning local because checking is only performed in repo update
  CDN: trunk Relative path: Specs/3/8/6/abseil/1.20220623.0/abseil.podspec.json exists! Returning local because checking is only performed in repo update
  CDN: trunk Relative path: Specs/3/8/6/abseil/1.20220623.0/abseil.podspec.json exists! Returning local because checking is only performed in repo update
  CDN: trunk Relative path: Specs/3/8/6/abseil/1.20220623.0/abseil.podspec.json exists! Returning local because checking is only performed in repo update
  CDN: trunk Relative path: Specs/3/8/6/abseil/1.20220623.0/abseil.podspec.json exists! Returning local because checking is only performed in repo update
  CDN: trunk Relative path: Specs/3/8/6/abseil/1.20220623.0/abseil.podspec.json exists! Returning local because checking is only performed in repo update
  CDN: trunk Relative path: Specs/3/8/6/abseil/1.20220623.0/abseil.podspec.json exists! Returning local because checking is only performed in repo update
  CDN: trunk Relative path: Specs/a/9/3/SocketRocket/0.6.1/SocketRocket.podspec.json exists! Returning local because checking is only performed in repo update
  CDN: trunk Relative path: Specs/8/b/d/FirebaseCore/10.15.0/FirebaseCore.podspec.json exists! Returning local because checking is only performed in repo update
  CDN: trunk Relative path: Specs/0/8/4/GoogleUtilities/7.8.0/GoogleUtilities.podspec.json exists! Returning local because checking is only performed in repo update
  CDN: trunk Relative path: Specs/0/8/4/GoogleUtilities/7.10.0/GoogleUtilities.podspec.json exists! Returning local because checking is only performed in repo update
  CDN: trunk Relative path: Specs/0/8/4/GoogleUtilities/7.11.0/GoogleUtilities.podspec.json exists! Returning local because checking is only performed in repo update
  CDN: trunk Relative path: Specs/0/8/4/GoogleUtilities/7.11.1/GoogleUtilities.podspec.json exists! Returning local because checking is only performed in repo update
  CDN: trunk Relative path: Specs/0/8/4/GoogleUtilities/7.11.4/GoogleUtilities.podspec.json exists! Returning local because checking is only performed in repo update
  CDN: trunk Relative path: Specs/0/8/4/GoogleUtilities/7.11.5/GoogleUtilities.podspec.json exists! Returning local because checking is only performed in repo update
  CDN: trunk Relative path: Specs/0/8/4/GoogleUtilities/7.11.6/GoogleUtilities.podspec.json exists! Returning local because checking is only performed in repo update
  CDN: trunk Relative path: Specs/0/8/4/GoogleUtilities/7.12.0/GoogleUtilities.podspec.json exists! Returning local because checking is only performed in repo update
  CDN: trunk Relative path: Specs/0/8/4/GoogleUtilities/7.13.0/GoogleUtilities.podspec.json exists! Returning local because checking is only performed in repo update
  CDN: trunk Relative path: Specs/0/8/4/GoogleUtilities/7.13.2/GoogleUtilities.podspec.json exists! Returning local because checking is only performed in repo update
  CDN: trunk Relative path: Specs/0/8/4/GoogleUtilities/7.13.3/GoogleUtilities.podspec.json exists! Returning local because checking is only performed in repo update
  CDN: trunk Relative path: Specs/0/8/4/GoogleUtilities/7.8.0/GoogleUtilities.podspec.json exists! Returning local because checking is only performed in repo update
  CDN: trunk Relative path: Specs/0/8/4/GoogleUtilities/7.10.0/GoogleUtilities.podspec.json exists! Returning local because checking is only performed in repo update
  CDN: trunk Relative path: Specs/0/8/4/GoogleUtilities/7.11.0/GoogleUtilities.podspec.json exists! Returning local because checking is only performed in repo update
  CDN: trunk Relative path: Specs/0/8/4/GoogleUtilities/7.11.1/GoogleUtilities.podspec.json exists! Returning local because checking is only performed in repo update
  CDN: trunk Relative path: Specs/0/8/4/GoogleUtilities/7.11.4/GoogleUtilities.podspec.json exists! Returning local because checking is only performed in repo update
  CDN: trunk Relative path: Specs/0/8/4/GoogleUtilities/7.11.5/GoogleUtilities.podspec.json exists! Returning local because checking is only performed in repo update
  CDN: trunk Relative path: Specs/0/8/4/GoogleUtilities/7.11.6/GoogleUtilities.podspec.json exists! Returning local because checking is only performed in repo update
  CDN: trunk Relative path: Specs/0/8/4/GoogleUtilities/7.12.0/GoogleUtilities.podspec.json exists! Returning local because checking is only performed in repo update
  CDN: trunk Relative path: Specs/0/8/4/GoogleUtilities/7.13.0/GoogleUtilities.podspec.json exists! Returning local because checking is only performed in repo update
  CDN: trunk Relative path: Specs/0/8/4/GoogleUtilities/7.13.2/GoogleUtilities.podspec.json exists! Returning local because checking is only performed in repo update
  CDN: trunk Relative path: Specs/0/8/4/GoogleUtilities/7.13.3/GoogleUtilities.podspec.json exists! Returning local because checking is only performed in repo update
  CDN: trunk Relative path: all_pods_versions_7_9_1.txt exists! Returning local because checking is only performed in repo update
  CDN: trunk Relative path: Specs/7/9/1/FirebaseCoreInternal/11.6.0/FirebaseCoreInternal.podspec.json exists! Returning local because checking is only performed in repo update
  CDN: trunk Relative path: Specs/8/b/d/FirebaseCore/10.29.0/FirebaseCore.podspec.json exists! Returning local because checking is only performed in repo update
  CDN: trunk Relative path: Specs/8/b/d/FirebaseCore/10.28.1/FirebaseCore.podspec.json exists! Returning local because checking is only performed in repo update
  CDN: trunk Relative path: Specs/8/b/d/FirebaseCore/10.28.0/FirebaseCore.podspec.json exists! Returning local because checking is only performed in repo update
  CDN: trunk Relative path: Specs/8/b/d/FirebaseCore/10.27.0/FirebaseCore.podspec.json exists! Returning local because checking is only performed in repo update
  CDN: trunk Relative path: Specs/8/b/d/FirebaseCore/10.25.0/FirebaseCore.podspec.json exists! Returning local because checking is only performed in repo update
  CDN: trunk Relative path: Specs/8/b/d/FirebaseCore/10.24.0/FirebaseCore.podspec.json exists! Returning local because checking is only performed in repo update
  CDN: trunk Relative path: Specs/8/b/d/FirebaseCore/10.23.1/FirebaseCore.podspec.json exists! Returning local because checking is only performed in repo update
  CDN: trunk Relative path: Specs/8/b/d/FirebaseCore/10.23.0/FirebaseCore.podspec.json exists! Returning local because checking is only performed in repo update
  CDN: trunk Relative path: Specs/8/b/d/FirebaseCore/10.22.0/FirebaseCore.podspec.json exists! Returning local because checking is only performed in repo update
  CDN: trunk Relative path: Specs/8/b/d/FirebaseCore/10.21.0/FirebaseCore.podspec.json exists! Returning local because checking is only performed in repo update
  CDN: trunk Relative path: Specs/8/b/d/FirebaseCore/10.20.0/FirebaseCore.podspec.json exists! Returning local because checking is only performed in repo update
  CDN: trunk Relative path: Specs/8/b/d/FirebaseCore/10.19.0/FirebaseCore.podspec.json exists! Returning local because checking is only performed in repo update
  CDN: trunk Relative path: Specs/8/b/d/FirebaseCore/10.18.0/FirebaseCore.podspec.json exists! Returning local because checking is only performed in repo update
  CDN: trunk Relative path: Specs/8/b/d/FirebaseCore/10.17.0/FirebaseCore.podspec.json exists! Returning local because checking is only performed in repo update
  CDN: trunk Relative path: Specs/8/b/d/FirebaseCore/10.16.0/FirebaseCore.podspec.json exists! Returning local because checking is only performed in repo update
  CDN: trunk Relative path: Specs/8/b/d/FirebaseCore/10.15.0/FirebaseCore.podspec.json exists! Returning local because checking is only performed in repo update
  CDN: trunk Relative path: Specs/8/b/d/FirebaseCore/10.14.0/FirebaseCore.podspec.json exists! Returning local because checking is only performed in repo update
  CDN: trunk Relative path: Specs/8/b/d/FirebaseCore/10.13.0/FirebaseCore.podspec.json exists! Returning local because checking is only performed in repo update
  CDN: trunk Relative path: Specs/8/b/d/FirebaseCore/10.12.0/FirebaseCore.podspec.json exists! Returning local because checking is only performed in repo update
  CDN: trunk Relative path: Specs/8/b/d/FirebaseCore/10.11.0/FirebaseCore.podspec.json exists! Returning local because checking is only performed in repo update
  CDN: trunk Relative path: Specs/8/b/d/FirebaseCore/10.10.0/FirebaseCore.podspec.json exists! Returning local because checking is only performed in repo update
  CDN: trunk Relative path: Specs/8/b/d/FirebaseCore/10.9.0/FirebaseCore.podspec.json exists! Returning local because checking is only performed in repo update
  CDN: trunk Relative path: Specs/8/b/d/FirebaseCore/10.8.0/FirebaseCore.podspec.json exists! Returning local because checking is only performed in repo update
  CDN: trunk Relative path: Specs/8/b/d/FirebaseCore/10.7.0/FirebaseCore.podspec.json exists! Returning local because checking is only performed in repo update
  CDN: trunk Relative path: Specs/8/b/d/FirebaseCore/10.6.0/FirebaseCore.podspec.json exists! Returning local because checking is only performed in repo update
  CDN: trunk Relative path: Specs/8/b/d/FirebaseCore/10.5.0/FirebaseCore.podspec.json exists! Returning local because checking is only performed in repo update
  CDN: trunk Relative path: Specs/8/b/d/FirebaseCore/10.4.0/FirebaseCore.podspec.json exists! Returning local because checking is only performed in repo update
  CDN: trunk Relative path: Specs/8/b/d/FirebaseCore/10.3.0/FirebaseCore.podspec.json exists! Returning local because checking is only performed in repo update
  CDN: trunk Relative path: Specs/8/b/d/FirebaseCore/10.2.0/FirebaseCore.podspec.json exists! Returning local because checking is only performed in repo update
  CDN: trunk Relative path: Specs/8/b/d/FirebaseCore/10.1.0/FirebaseCore.podspec.json exists! Returning local because checking is only performed in repo update
  CDN: trunk Relative path: Specs/8/b/d/FirebaseCore/10.0.0/FirebaseCore.podspec.json exists! Returning local because checking is only performed in repo update
  CDN: trunk Relative path: Specs/e/3/b/GoogleAppMeasurement/10.15.0/GoogleAppMeasurement.podspec.json exists! Returning local because checking is only performed in repo update
  CDN: trunk Relative path: Specs/e/3/b/GoogleAppMeasurement/10.15.0/GoogleAppMeasurement.podspec.json exists! Returning local because checking is only performed in repo update
  CDN: trunk Relative path: Specs/3/8/6/abseil/1.20220623.0/abseil.podspec.json exists! Returning local because checking is only performed in repo update
  CDN: trunk Relative path: Specs/3/8/6/abseil/1.20220623.0/abseil.podspec.json exists! Returning local because checking is only performed in repo update
  CDN: trunk Relative path: Specs/3/8/6/abseil/1.20220623.0/abseil.podspec.json exists! Returning local because checking is only performed in repo update
  CDN: trunk Relative path: Specs/3/8/6/abseil/1.20220623.0/abseil.podspec.json exists! Returning local because checking is only performed in repo update
  CDN: trunk Relative path: Specs/3/8/6/abseil/1.20220623.0/abseil.podspec.json exists! Returning local because checking is only performed in repo update
  CDN: trunk Relative path: all_pods_versions_f_8_8.txt exists! Returning local because checking is only performed in repo update
  CDN: trunk Relative path: Specs/f/8/8/BoringSSL-GRPC/0.0.38/BoringSSL-GRPC.podspec.json exists! Returning local because checking is only performed in repo update
  CDN: trunk Relative path: Specs/e/3/b/GoogleAppMeasurement/10.15.0/GoogleAppMeasurement.podspec.json exists! Returning local because checking is only performed in repo update
  CDN: trunk Relative path: Specs/f/8/8/BoringSSL-GRPC/0.0.24/BoringSSL-GRPC.podspec.json exists! Returning local because checking is only performed in repo update
  CDN: trunk Relative path: Specs/f/8/8/BoringSSL-GRPC/0.0.24/BoringSSL-GRPC.podspec.json exists! Returning local because checking is only performed in repo update
  CDN: trunk Relative path: Specs/f/8/8/BoringSSL-GRPC/0.0.24/BoringSSL-GRPC.podspec.json exists! Returning local because checking is only performed in repo update
  CDN: trunk Relative path: Specs/3/8/6/abseil/1.20220623.0/abseil.podspec.json exists! Returning local because checking is only performed in repo update
  CDN: trunk Relative path: Specs/3/8/6/abseil/1.20220623.0/abseil.podspec.json exists! Returning local because checking is only performed in repo update
  CDN: trunk Relative path: Specs/3/8/6/abseil/1.20220623.0/abseil.podspec.json exists! Returning local because checking is only performed in repo update
  CDN: trunk Relative path: Specs/3/8/6/abseil/1.20220623.0/abseil.podspec.json exists! Returning local because checking is only performed in repo update
  CDN: trunk Relative path: Specs/3/8/6/abseil/1.20220623.0/abseil.podspec.json exists! Returning local because checking is only performed in repo update
  CDN: trunk Relative path: Specs/3/8/6/abseil/1.20220623.0/abseil.podspec.json exists! Returning local because checking is only performed in repo update
  CDN: trunk Relative path: Specs/3/8/6/abseil/1.20220623.2/abseil.podspec.json exists! Returning local because checking is only performed in repo update
  CDN: trunk Relative path: Specs/3/8/6/abseil/1.20220623.2/abseil.podspec.json exists! Returning local because checking is only performed in repo update
  CDN: trunk Relative path: Specs/3/8/6/abseil/1.20220623.2/abseil.podspec.json exists! Returning local because checking is only performed in repo update
  CDN: trunk Relative path: Specs/3/8/6/abseil/1.20220623.2/abseil.podspec.json exists! Returning local because checking is only performed in repo update
  CDN: trunk Relative path: Specs/3/8/6/abseil/1.20220623.2/abseil.podspec.json exists! Returning local because checking is only performed in repo update
  CDN: trunk Relative path: Specs/3/8/6/abseil/1.20220623.2/abseil.podspec.json exists! Returning local because checking is only performed in repo update
  CDN: trunk Relative path: Specs/3/8/6/abseil/1.20220623.2/abseil.podspec.json exists! Returning local because checking is only performed in repo update
  CDN: trunk Relative path: Specs/3/8/6/abseil/1.20220623.2/abseil.podspec.json exists! Returning local because checking is only performed in repo update
  CDN: trunk Relative path: Specs/3/8/6/abseil/1.20220623.2/abseil.podspec.json exists! Returning local because checking is only performed in repo update
  CDN: trunk Relative path: Specs/3/8/6/abseil/1.20220623.0/abseil.podspec.json exists! Returning local because checking is only performed in repo update
  CDN: trunk Relative path: Specs/3/8/6/abseil/1.20220623.0/abseil.podspec.json exists! Returning local because checking is only performed in repo update
  CDN: trunk Relative path: Specs/3/8/6/abseil/1.20220623.0/abseil.podspec.json exists! Returning local because checking is only performed in repo update
  CDN: trunk Relative path: Specs/3/8/6/abseil/1.20220623.0/abseil.podspec.json exists! Returning local because checking is only performed in repo update
  CDN: trunk Relative path: Specs/3/8/6/abseil/1.20220623.2/abseil.podspec.json exists! Returning local because checking is only performed in repo update
  CDN: trunk Relative path: Specs/3/8/6/abseil/1.20220623.2/abseil.podspec.json exists! Returning local because checking is only performed in repo update
  CDN: trunk Relative path: Specs/3/8/6/abseil/1.20220623.2/abseil.podspec.json exists! Returning local because checking is only performed in repo update
  CDN: trunk Relative path: Specs/3/8/6/abseil/1.20220623.2/abseil.podspec.json exists! Returning local because checking is only performed in repo update
  CDN: trunk Relative path: Specs/3/8/6/abseil/1.20220623.2/abseil.podspec.json exists! Returning local because checking is only performed in repo update
  CDN: trunk Relative path: Specs/3/8/6/abseil/1.20220623.2/abseil.podspec.json exists! Returning local because checking is only performed in repo update
  CDN: trunk Relative path: Specs/3/8/6/abseil/1.20220623.0/abseil.podspec.json exists! Returning local because checking is only performed in repo update
  CDN: trunk Relative path: Specs/3/8/6/abseil/1.20220623.0/abseil.podspec.json exists! Returning local because checking is only performed in repo update
  CDN: trunk Relative path: Specs/3/8/6/abseil/1.20220623.2/abseil.podspec.json exists! Returning local because checking is only performed in repo update
  CDN: trunk Relative path: Specs/3/8/6/abseil/1.20220623.2/abseil.podspec.json exists! Returning local because checking is only performed in repo update
  CDN: trunk Relative path: Specs/3/8/6/abseil/1.20220623.2/abseil.podspec.json exists! Returning local because checking is only performed in repo update
  CDN: trunk Relative path: Specs/3/8/6/abseil/1.20220623.2/abseil.podspec.json exists! Returning local because checking is only performed in repo update
  CDN: trunk Relative path: Specs/3/8/6/abseil/1.20220623.2/abseil.podspec.json exists! Returning local because checking is only performed in repo update
  CDN: trunk Relative path: Specs/3/8/6/abseil/1.20220623.2/abseil.podspec.json exists! Returning local because checking is only performed in repo update
  CDN: trunk Relative path: Specs/3/8/6/abseil/1.20220623.2/abseil.podspec.json exists! Returning local because checking is only performed in repo update
  CDN: trunk Relative path: Specs/3/8/6/abseil/1.20220623.2/abseil.podspec.json exists! Returning local because checking is only performed in repo update
  CDN: trunk Relative path: Specs/3/8/6/abseil/1.20220623.2/abseil.podspec.json exists! Returning local because checking is only performed in repo update
  CDN: trunk Relative path: Specs/3/8/6/abseil/1.20220623.2/abseil.podspec.json exists! Returning local because checking is only performed in repo update
  CDN: trunk Relative path: Specs/3/8/6/abseil/1.20220623.2/abseil.podspec.json exists! Returning local because checking is only performed in repo update
  CDN: trunk Relative path: Specs/3/8/6/abseil/1.20220623.2/abseil.podspec.json exists! Returning local because checking is only performed in repo update
  CDN: trunk Relative path: Specs/3/8/6/abseil/1.20220623.2/abseil.podspec.json exists! Returning local because checking is only performed in repo update
  CDN: trunk Relative path: Specs/3/8/6/abseil/1.20220623.2/abseil.podspec.json exists! Returning local because checking is only performed in repo update
  CDN: trunk Relative path: Specs/3/8/6/abseil/1.20220623.2/abseil.podspec.json exists! Returning local because checking is only performed in repo update
  CDN: trunk Relative path: Specs/3/8/6/abseil/1.20220623.2/abseil.podspec.json exists! Returning local because checking is only performed in repo update
  CDN: trunk Relative path: Specs/3/8/6/abseil/1.20220623.2/abseil.podspec.json exists! Returning local because checking is only performed in repo update
  CDN: trunk Relative path: Specs/3/8/6/abseil/1.20220623.0/abseil.podspec.json exists! Returning local because checking is only performed in repo update
  CDN: trunk Relative path: Specs/6/1/e/nanopb/2.30909.1/nanopb.podspec.json exists! Returning local because checking is only performed in repo update
  CDN: trunk Relative path: Specs/6/1/e/nanopb/2.30909.0/nanopb.podspec.json exists! Returning local because checking is only performed in repo update
  CDN: trunk Relative path: Specs/6/1/e/nanopb/2.30908.0/nanopb.podspec.json exists! Returning local because checking is only performed in repo update
  CDN: trunk Relative path: Specs/6/1/e/nanopb/2.30909.1/nanopb.podspec.json exists! Returning local because checking is only performed in repo update
  CDN: trunk Relative path: Specs/6/1/e/nanopb/2.30909.1/nanopb.podspec.json exists! Returning local because checking is only performed in repo update
  CDN: trunk Relative path: Specs/f/1/2/ASN1Decoder/1.10.0/ASN1Decoder.podspec.json exists! Returning local because checking is only performed in repo update
  CDN: trunk Relative path: Specs/f/1/2/ASN1Decoder/1.9.0/ASN1Decoder.podspec.json exists! Returning local because checking is only performed in repo update
  CDN: trunk Relative path: Specs/f/1/2/ASN1Decoder/1.8.0/ASN1Decoder.podspec.json exists! Returning local because checking is only performed in repo update
  CDN: trunk Relative path: Specs/a/d/a/leveldb-library/1.22.6/leveldb-library.podspec.json exists! Returning local because checking is only performed in repo update
  CDN: trunk Relative path: Specs/a/d/a/leveldb-library/1.22.5/leveldb-library.podspec.json exists! Returning local because checking is only performed in repo update
  CDN: trunk Relative path: Specs/a/d/a/leveldb-library/1.22.4/leveldb-library.podspec.json exists! Returning local because checking is only performed in repo update
  CDN: trunk Relative path: Specs/a/d/a/leveldb-library/1.22.3/leveldb-library.podspec.json exists! Returning local because checking is only performed in repo update
  CDN: trunk Relative path: Specs/a/d/a/leveldb-library/1.22.2/leveldb-library.podspec.json exists! Returning local because checking is only performed in repo update
  CDN: trunk Relative path: Specs/a/d/a/leveldb-library/1.22.1/leveldb-library.podspec.json exists! Returning local because checking is only performed in repo update
  CDN: trunk Relative path: Specs/a/d/a/leveldb-library/1.22/leveldb-library.podspec.json exists! Returning local because checking is only performed in repo update
  CDN: trunk Relative path: Specs/b/b/a/YoutubePlayer-in-WKWebView/0.3.11/YoutubePlayer-in-WKWebView.podspec.json exists! Returning local because checking is only performed in repo update
  CDN: trunk Relative path: Specs/b/b/a/YoutubePlayer-in-WKWebView/0.3.9/YoutubePlayer-in-WKWebView.podspec.json exists! Returning local because checking is only performed in repo update
  CDN: trunk Relative path: Specs/b/b/a/YoutubePlayer-in-WKWebView/0.3.8/YoutubePlayer-in-WKWebView.podspec.json exists! Returning local because checking is only performed in repo update
  CDN: trunk Relative path: Specs/b/b/a/YoutubePlayer-in-WKWebView/0.3.7/YoutubePlayer-in-WKWebView.podspec.json exists! Returning local because checking is only performed in repo update
  CDN: trunk Relative path: Specs/b/b/a/YoutubePlayer-in-WKWebView/0.3.5/YoutubePlayer-in-WKWebView.podspec.json exists! Returning local because checking is only performed in repo update
  CDN: trunk Relative path: Specs/b/b/a/YoutubePlayer-in-WKWebView/0.3.4/YoutubePlayer-in-WKWebView.podspec.json exists! Returning local because checking is only performed in repo update
  CDN: trunk Relative path: Specs/b/b/a/YoutubePlayer-in-WKWebView/0.3.3/YoutubePlayer-in-WKWebView.podspec.json exists! Returning local because checking is only performed in repo update
  CDN: trunk Relative path: Specs/b/b/a/YoutubePlayer-in-WKWebView/0.3.2/YoutubePlayer-in-WKWebView.podspec.json exists! Returning local because checking is only performed in repo update
  CDN: trunk Relative path: Specs/b/b/a/YoutubePlayer-in-WKWebView/0.3.1/YoutubePlayer-in-WKWebView.podspec.json exists! Returning local because checking is only performed in repo update
  CDN: trunk Relative path: Specs/0/8/4/GoogleUtilities/7.13.3/GoogleUtilities.podspec.json exists! Returning local because checking is only performed in repo update
  CDN: trunk Relative path: Specs/0/8/4/GoogleUtilities/7.13.3/GoogleUtilities.podspec.json exists! Returning local because checking is only performed in repo update
  CDN: trunk Relative path: Specs/0/8/4/GoogleUtilities/7.13.3/GoogleUtilities.podspec.json exists! Returning local because checking is only performed in repo update
  CDN: trunk Relative path: all_pods_versions_0_b_5.txt exists! Returning local because checking is only performed in repo update
  CDN: trunk Relative path: Specs/0/b/5/PromisesObjC/2.4.0/PromisesObjC.podspec.json exists! Returning local because checking is only performed in repo update
  CDN: trunk Relative path: Specs/0/8/4/GoogleUtilities/7.13.3/GoogleUtilities.podspec.json exists! Returning local because checking is only performed in repo update
  CDN: trunk Relative path: Specs/0/8/4/GoogleUtilities/7.13.3/GoogleUtilities.podspec.json exists! Returning local because checking is only performed in repo update
  CDN: trunk Relative path: Specs/0/8/4/GoogleUtilities/7.13.3/GoogleUtilities.podspec.json exists! Returning local because checking is only performed in repo update
  CDN: trunk Relative path: Specs/0/b/5/PromisesObjC/2.4.0/PromisesObjC.podspec.json exists! Returning local because checking is only performed in repo update
  CDN: trunk Relative path: Specs/0/b/5/PromisesObjC/2.3.1/PromisesObjC.podspec.json exists! Returning local because checking is only performed in repo update
  CDN: trunk Relative path: Specs/0/b/5/PromisesObjC/2.3.0/PromisesObjC.podspec.json exists! Returning local because checking is only performed in repo update
  CDN: trunk Relative path: Specs/0/b/5/PromisesObjC/2.2.0/PromisesObjC.podspec.json exists! Returning local because checking is only performed in repo update
  CDN: trunk Relative path: Specs/0/b/5/PromisesObjC/2.1.1/PromisesObjC.podspec.json exists! Returning local because checking is only performed in repo update
  CDN: trunk Relative path: Specs/0/b/5/PromisesObjC/2.1.0/PromisesObjC.podspec.json exists! Returning local because checking is only performed in repo update
  CDN: trunk Relative path: Specs/0/b/5/PromisesObjC/2.0.0/PromisesObjC.podspec.json exists! Returning local because checking is only performed in repo update
  CDN: trunk Relative path: Specs/0/b/5/PromisesObjC/1.2.12/PromisesObjC.podspec.json exists! Returning local because checking is only performed in repo update
  CDN: trunk Relative path: Specs/0/b/5/PromisesObjC/1.2.11/PromisesObjC.podspec.json exists! Returning local because checking is only performed in repo update
  CDN: trunk Relative path: Specs/0/b/5/PromisesObjC/1.2.10/PromisesObjC.podspec.json exists! Returning local because checking is only performed in repo update
  CDN: trunk Relative path: Specs/0/b/5/PromisesObjC/1.2.9/PromisesObjC.podspec.json exists! Returning local because checking is only performed in repo update
  CDN: trunk Relative path: Specs/0/b/5/PromisesObjC/1.2.8/PromisesObjC.podspec.json exists! Returning local because checking is only performed in repo update
  CDN: trunk Relative path: Specs/0/b/5/PromisesObjC/1.2.7/PromisesObjC.podspec.json exists! Returning local because checking is only performed in repo update
  CDN: trunk Relative path: Specs/0/b/5/PromisesObjC/1.2.6/PromisesObjC.podspec.json exists! Returning local because checking is only performed in repo update
  CDN: trunk Relative path: Specs/0/b/5/PromisesObjC/1.2.5/PromisesObjC.podspec.json exists! Returning local because checking is only performed in repo update
  CDN: trunk Relative path: Specs/0/b/5/PromisesObjC/1.2.4/PromisesObjC.podspec.json exists! Returning local because checking is only performed in repo update
  CDN: trunk Relative path: Specs/0/b/5/PromisesObjC/1.2.3/PromisesObjC.podspec.json exists! Returning local because checking is only performed in repo update
  CDN: trunk Relative path: Specs/0/b/5/PromisesObjC/1.2.2/PromisesObjC.podspec.json exists! Returning local because checking is only performed in repo update
  CDN: trunk Relative path: Specs/0/b/5/PromisesObjC/1.2.1/PromisesObjC.podspec.json exists! Returning local because checking is only performed in repo update
  CDN: trunk Relative path: Specs/0/b/5/PromisesObjC/1.2/PromisesObjC.podspec.json exists! Returning local because checking is only performed in repo update
  CDN: trunk Relative path: Specs/d/d/6/ReachabilitySwift/5.2.4/ReachabilitySwift.podspec.json exists! Returning local because checking is only performed in repo update
  CDN: trunk Relative path: Specs/d/d/6/ReachabilitySwift/5.2.3/ReachabilitySwift.podspec.json exists! Returning local because checking is only performed in repo update
  CDN: trunk Relative path: Specs/d/d/6/ReachabilitySwift/5.2.2/ReachabilitySwift.podspec.json exists! Returning local because checking is only performed in repo update
  CDN: trunk Relative path: Specs/d/d/6/ReachabilitySwift/5.2.1/ReachabilitySwift.podspec.json exists! Returning local because checking is only performed in repo update
  CDN: trunk Relative path: Specs/d/d/6/ReachabilitySwift/5.0.0/ReachabilitySwift.podspec.json exists! Returning local because checking is only performed in repo update
  CDN: trunk Relative path: Specs/d/d/6/ReachabilitySwift/5.0.0-beta1/ReachabilitySwift.podspec.json exists! Returning local because checking is only performed in repo update
  CDN: trunk Relative path: Specs/d/d/6/ReachabilitySwift/4.3.1/ReachabilitySwift.podspec.json exists! Returning local because checking is only performed in repo update
  CDN: trunk Relative path: Specs/d/d/6/ReachabilitySwift/4.3.0/ReachabilitySwift.podspec.json exists! Returning local because checking is only performed in repo update
  CDN: trunk Relative path: Specs/d/d/6/ReachabilitySwift/4.2.1/ReachabilitySwift.podspec.json exists! Returning local because checking is only performed in repo update
  CDN: trunk Relative path: Specs/d/d/6/ReachabilitySwift/4.2.0/ReachabilitySwift.podspec.json exists! Returning local because checking is only performed in repo update
  CDN: trunk Relative path: Specs/d/d/6/ReachabilitySwift/4.1.0/ReachabilitySwift.podspec.json exists! Returning local because checking is only performed in repo update
  CDN: trunk Relative path: Specs/d/d/6/ReachabilitySwift/4.0.0/ReachabilitySwift.podspec.json exists! Returning local because checking is only performed in repo update
  CDN: trunk Relative path: Specs/d/d/6/ReachabilitySwift/4.0-beta2/ReachabilitySwift.podspec.json exists! Returning local because checking is only performed in repo update
  CDN: trunk Relative path: Specs/d/d/6/ReachabilitySwift/3/ReachabilitySwift.podspec.json exists! Returning local because checking is only performed in repo update
  CDN: trunk Relative path: Specs/d/d/6/ReachabilitySwift/2.4/ReachabilitySwift.podspec.json exists! Returning local because checking is only performed in repo update
  CDN: trunk Relative path: Specs/d/d/6/ReachabilitySwift/2.3.3/ReachabilitySwift.podspec.json exists! Returning local because checking is only performed in repo update
  CDN: trunk Relative path: Specs/d/d/6/ReachabilitySwift/2.3/ReachabilitySwift.podspec.json exists! Returning local because checking is only performed in repo update
  CDN: trunk Relative path: Specs/d/d/6/ReachabilitySwift/2.1/ReachabilitySwift.podspec.json exists! Returning local because checking is only performed in repo update
  CDN: trunk Relative path: Specs/d/d/6/ReachabilitySwift/2.0/ReachabilitySwift.podspec.json exists! Returning local because checking is only performed in repo update
  CDN: trunk Relative path: Specs/d/d/6/ReachabilitySwift/2.0-beta1/ReachabilitySwift.podspec.json exists! Returning local because checking is only performed in repo update
  CDN: trunk Relative path: Specs/d/d/6/ReachabilitySwift/1.1/ReachabilitySwift.podspec.json exists! Returning local because checking is only performed in repo update
  CDN: trunk Relative path: Specs/2/f/7/FirebaseInstallations/10.29.0/FirebaseInstallations.podspec.json exists! Returning local because checking is only performed in repo update
  CDN: trunk Relative path: Specs/2/f/7/FirebaseInstallations/10.28.0/FirebaseInstallations.podspec.json exists! Returning local because checking is only performed in repo update
  CDN: trunk Relative path: Specs/2/f/7/FirebaseInstallations/10.27.0/FirebaseInstallations.podspec.json exists! Returning local because checking is only performed in repo update
  CDN: trunk Relative path: Specs/2/f/7/FirebaseInstallations/10.25.0/FirebaseInstallations.podspec.json exists! Returning local because checking is only performed in repo update
  CDN: trunk Relative path: Specs/2/f/7/FirebaseInstallations/10.24.0/FirebaseInstallations.podspec.json exists! Returning local because checking is only performed in repo update
  CDN: trunk Relative path: Specs/2/f/7/FirebaseInstallations/10.23.0/FirebaseInstallations.podspec.json exists! Returning local because checking is only performed in repo update
  CDN: trunk Relative path: Specs/2/f/7/FirebaseInstallations/10.22.0/FirebaseInstallations.podspec.json exists! Returning local because checking is only performed in repo update
  CDN: trunk Relative path: Specs/2/f/7/FirebaseInstallations/10.21.0/FirebaseInstallations.podspec.json exists! Returning local because checking is only performed in repo update
  CDN: trunk Relative path: Specs/2/f/7/FirebaseInstallations/10.20.0/FirebaseInstallations.podspec.json exists! Returning local because checking is only performed in repo update
  CDN: trunk Relative path: Specs/2/f/7/FirebaseInstallations/10.19.0/FirebaseInstallations.podspec.json exists! Returning local because checking is only performed in repo update
  CDN: trunk Relative path: Specs/2/f/7/FirebaseInstallations/10.18.0/FirebaseInstallations.podspec.json exists! Returning local because checking is only performed in repo update
  CDN: trunk Relative path: Specs/2/f/7/FirebaseInstallations/10.17.0/FirebaseInstallations.podspec.json exists! Returning local because checking is only performed in repo update
  CDN: trunk Relative path: Specs/2/f/7/FirebaseInstallations/10.16.0/FirebaseInstallations.podspec.json exists! Returning local because checking is only performed in repo update
  CDN: trunk Relative path: Specs/2/f/7/FirebaseInstallations/10.15.0/FirebaseInstallations.podspec.json exists! Returning local because checking is only performed in repo update
  CDN: trunk Relative path: Specs/2/f/7/FirebaseInstallations/10.14.0/FirebaseInstallations.podspec.json exists! Returning local because checking is only performed in repo update
  CDN: trunk Relative path: Specs/2/f/7/FirebaseInstallations/10.13.0/FirebaseInstallations.podspec.json exists! Returning local because checking is only performed in repo update
  CDN: trunk Relative path: Specs/2/f/7/FirebaseInstallations/10.12.0/FirebaseInstallations.podspec.json exists! Returning local because checking is only performed in repo update
  CDN: trunk Relative path: Specs/2/f/7/FirebaseInstallations/10.11.0/FirebaseInstallations.podspec.json exists! Returning local because checking is only performed in repo update
  CDN: trunk Relative path: Specs/2/f/7/FirebaseInstallations/10.10.0/FirebaseInstallations.podspec.json exists! Returning local because checking is only performed in repo update
  CDN: trunk Relative path: Specs/2/f/7/FirebaseInstallations/10.9.0/FirebaseInstallations.podspec.json exists! Returning local because checking is only performed in repo update
  CDN: trunk Relative path: Specs/2/f/7/FirebaseInstallations/10.8.0/FirebaseInstallations.podspec.json exists! Returning local because checking is only performed in repo update
  CDN: trunk Relative path: Specs/2/f/7/FirebaseInstallations/10.7.0/FirebaseInstallations.podspec.json exists! Returning local because checking is only performed in repo update
  CDN: trunk Relative path: Specs/2/f/7/FirebaseInstallations/10.6.0/FirebaseInstallations.podspec.json exists! Returning local because checking is only performed in repo update
  CDN: trunk Relative path: Specs/2/f/7/FirebaseInstallations/10.5.0/FirebaseInstallations.podspec.json exists! Returning local because checking is only performed in repo update
  CDN: trunk Relative path: Specs/2/f/7/FirebaseInstallations/10.4.0/FirebaseInstallations.podspec.json exists! Returning local because checking is only performed in repo update
  CDN: trunk Relative path: Specs/2/f/7/FirebaseInstallations/10.3.0/FirebaseInstallations.podspec.json exists! Returning local because checking is only performed in repo update
  CDN: trunk Relative path: Specs/2/f/7/FirebaseInstallations/10.2.0/FirebaseInstallations.podspec.json exists! Returning local because checking is only performed in repo update
  CDN: trunk Relative path: Specs/2/f/7/FirebaseInstallations/10.1.0/FirebaseInstallations.podspec.json exists! Returning local because checking is only performed in repo update
  CDN: trunk Relative path: Specs/2/f/7/FirebaseInstallations/10.0.0/FirebaseInstallations.podspec.json exists! Returning local because checking is only performed in repo update
  CDN: trunk Relative path: Specs/0/8/4/GoogleUtilities/7.8.0/GoogleUtilities.podspec.json exists! Returning local because checking is only performed in repo update
  CDN: trunk Relative path: Specs/0/8/4/GoogleUtilities/7.10.0/GoogleUtilities.podspec.json exists! Returning local because checking is only performed in repo update
  CDN: trunk Relative path: Specs/0/8/4/GoogleUtilities/7.11.0/GoogleUtilities.podspec.json exists! Returning local because checking is only performed in repo update
  CDN: trunk Relative path: Specs/0/8/4/GoogleUtilities/7.11.1/GoogleUtilities.podspec.json exists! Returning local because checking is only performed in repo update
  CDN: trunk Relative path: Specs/0/8/4/GoogleUtilities/7.11.4/GoogleUtilities.podspec.json exists! Returning local because checking is only performed in repo update
  CDN: trunk Relative path: Specs/0/8/4/GoogleUtilities/7.11.5/GoogleUtilities.podspec.json exists! Returning local because checking is only performed in repo update
  CDN: trunk Relative path: Specs/0/8/4/GoogleUtilities/7.11.6/GoogleUtilities.podspec.json exists! Returning local because checking is only performed in repo update
  CDN: trunk Relative path: Specs/0/8/4/GoogleUtilities/7.12.0/GoogleUtilities.podspec.json exists! Returning local because checking is only performed in repo update
  CDN: trunk Relative path: Specs/0/8/4/GoogleUtilities/7.13.0/GoogleUtilities.podspec.json exists! Returning local because checking is only performed in repo update
  CDN: trunk Relative path: Specs/0/8/4/GoogleUtilities/7.13.2/GoogleUtilities.podspec.json exists! Returning local because checking is only performed in repo update
  CDN: trunk Relative path: Specs/0/8/4/GoogleUtilities/7.13.3/GoogleUtilities.podspec.json exists! Returning local because checking is only performed in repo update
  CDN: trunk Relative path: Specs/0/b/5/PromisesObjC/2.4.0/PromisesObjC.podspec.json exists! Returning local because checking is only performed in repo update
  CDN: trunk Relative path: Specs/0/b/5/PromisesObjC/2.3.1/PromisesObjC.podspec.json exists! Returning local because checking is only performed in repo update
  CDN: trunk Relative path: Specs/0/b/5/PromisesObjC/2.3.0/PromisesObjC.podspec.json exists! Returning local because checking is only performed in repo update
  CDN: trunk Relative path: Specs/0/b/5/PromisesObjC/2.2.0/PromisesObjC.podspec.json exists! Returning local because checking is only performed in repo update
  CDN: trunk Relative path: Specs/0/b/5/PromisesObjC/2.1.1/PromisesObjC.podspec.json exists! Returning local because checking is only performed in repo update
  CDN: trunk Relative path: Specs/0/b/5/PromisesObjC/2.1.0/PromisesObjC.podspec.json exists! Returning local because checking is only performed in repo update
  CDN: trunk Relative path: Specs/7/9/1/FirebaseCoreInternal/10.29.0/FirebaseCoreInternal.podspec.json exists! Returning local because checking is only performed in repo update
  CDN: trunk Relative path: Specs/7/9/1/FirebaseCoreInternal/10.28.0/FirebaseCoreInternal.podspec.json exists! Returning local because checking is only performed in repo update
  CDN: trunk Relative path: Specs/7/9/1/FirebaseCoreInternal/10.27.0/FirebaseCoreInternal.podspec.json exists! Returning local because checking is only performed in repo update
  CDN: trunk Relative path: Specs/7/9/1/FirebaseCoreInternal/10.25.0/FirebaseCoreInternal.podspec.json exists! Returning local because checking is only performed in repo update
  CDN: trunk Relative path: Specs/7/9/1/FirebaseCoreInternal/10.24.0/FirebaseCoreInternal.podspec.json exists! Returning local because checking is only performed in repo update
  CDN: trunk Relative path: Specs/7/9/1/FirebaseCoreInternal/10.23.0/FirebaseCoreInternal.podspec.json exists! Returning local because checking is only performed in repo update
  CDN: trunk Relative path: Specs/7/9/1/FirebaseCoreInternal/10.22.0/FirebaseCoreInternal.podspec.json exists! Returning local because checking is only performed in repo update
  CDN: trunk Relative path: Specs/7/9/1/FirebaseCoreInternal/10.21.0/FirebaseCoreInternal.podspec.json exists! Returning local because checking is only performed in repo update
  CDN: trunk Relative path: Specs/7/9/1/FirebaseCoreInternal/10.20.0/FirebaseCoreInternal.podspec.json exists! Returning local because checking is only performed in repo update
  CDN: trunk Relative path: Specs/7/9/1/FirebaseCoreInternal/10.19.0/FirebaseCoreInternal.podspec.json exists! Returning local because checking is only performed in repo update
  CDN: trunk Relative path: Specs/7/9/1/FirebaseCoreInternal/10.18.0/FirebaseCoreInternal.podspec.json exists! Returning local because checking is only performed in repo update
  CDN: trunk Relative path: Specs/7/9/1/FirebaseCoreInternal/10.17.0/FirebaseCoreInternal.podspec.json exists! Returning local because checking is only performed in repo update
  CDN: trunk Relative path: Specs/7/9/1/FirebaseCoreInternal/10.16.0/FirebaseCoreInternal.podspec.json exists! Returning local because checking is only performed in repo update
  CDN: trunk Relative path: Specs/7/9/1/FirebaseCoreInternal/10.15.0/FirebaseCoreInternal.podspec.json exists! Returning local because checking is only performed in repo update
  CDN: trunk Relative path: Specs/7/9/1/FirebaseCoreInternal/10.14.0/FirebaseCoreInternal.podspec.json exists! Returning local because checking is only performed in repo update
  CDN: trunk Relative path: Specs/7/9/1/FirebaseCoreInternal/10.13.0/FirebaseCoreInternal.podspec.json exists! Returning local because checking is only performed in repo update
  CDN: trunk Relative path: Specs/7/9/1/FirebaseCoreInternal/10.12.0/FirebaseCoreInternal.podspec.json exists! Returning local because checking is only performed in repo update
  CDN: trunk Relative path: Specs/7/9/1/FirebaseCoreInternal/10.11.0/FirebaseCoreInternal.podspec.json exists! Returning local because checking is only performed in repo update
  CDN: trunk Relative path: Specs/7/9/1/FirebaseCoreInternal/10.10.0/FirebaseCoreInternal.podspec.json exists! Returning local because checking is only performed in repo update
  CDN: trunk Relative path: Specs/7/9/1/FirebaseCoreInternal/10.9.0/FirebaseCoreInternal.podspec.json exists! Returning local because checking is only performed in repo update
  CDN: trunk Relative path: Specs/7/9/1/FirebaseCoreInternal/10.8.0/FirebaseCoreInternal.podspec.json exists! Returning local because checking is only performed in repo update
  CDN: trunk Relative path: Specs/7/9/1/FirebaseCoreInternal/10.7.0/FirebaseCoreInternal.podspec.json exists! Returning local because checking is only performed in repo update
  CDN: trunk Relative path: Specs/7/9/1/FirebaseCoreInternal/10.6.0/FirebaseCoreInternal.podspec.json exists! Returning local because checking is only performed in repo update
  CDN: trunk Relative path: Specs/7/9/1/FirebaseCoreInternal/10.5.0/FirebaseCoreInternal.podspec.json exists! Returning local because checking is only performed in repo update
  CDN: trunk Relative path: Specs/7/9/1/FirebaseCoreInternal/10.4.0/FirebaseCoreInternal.podspec.json exists! Returning local because checking is only performed in repo update
  CDN: trunk Relative path: Specs/7/9/1/FirebaseCoreInternal/10.3.0/FirebaseCoreInternal.podspec.json exists! Returning local because checking is only performed in repo update
  CDN: trunk Relative path: Specs/7/9/1/FirebaseCoreInternal/10.2.0/FirebaseCoreInternal.podspec.json exists! Returning local because checking is only performed in repo update
  CDN: trunk Relative path: Specs/7/9/1/FirebaseCoreInternal/10.1.0/FirebaseCoreInternal.podspec.json exists! Returning local because checking is only performed in repo update
  CDN: trunk Relative path: Specs/7/9/1/FirebaseCoreInternal/10.0.0/FirebaseCoreInternal.podspec.json exists! Returning local because checking is only performed in repo update
  CDN: trunk Relative path: Specs/0/8/4/GoogleUtilities/7.8.0/GoogleUtilities.podspec.json exists! Returning local because checking is only performed in repo update
  CDN: trunk Relative path: Specs/0/8/4/GoogleUtilities/7.10.0/GoogleUtilities.podspec.json exists! Returning local because checking is only performed in repo update
  CDN: trunk Relative path: Specs/0/8/4/GoogleUtilities/7.11.0/GoogleUtilities.podspec.json exists! Returning local because checking is only performed in repo update
  CDN: trunk Relative path: Specs/0/8/4/GoogleUtilities/7.11.1/GoogleUtilities.podspec.json exists! Returning local because checking is only performed in repo update
  CDN: trunk Relative path: Specs/0/8/4/GoogleUtilities/7.11.4/GoogleUtilities.podspec.json exists! Returning local because checking is only performed in repo update
  CDN: trunk Relative path: Specs/0/8/4/GoogleUtilities/7.11.5/GoogleUtilities.podspec.json exists! Returning local because checking is only performed in repo update
  CDN: trunk Relative path: Specs/0/8/4/GoogleUtilities/7.11.6/GoogleUtilities.podspec.json exists! Returning local because checking is only performed in repo update
  CDN: trunk Relative path: Specs/0/8/4/GoogleUtilities/7.12.0/GoogleUtilities.podspec.json exists! Returning local because checking is only performed in repo update
  CDN: trunk Relative path: Specs/0/8/4/GoogleUtilities/7.13.0/GoogleUtilities.podspec.json exists! Returning local because checking is only performed in repo update
  CDN: trunk Relative path: Specs/0/8/4/GoogleUtilities/7.13.2/GoogleUtilities.podspec.json exists! Returning local because checking is only performed in repo update
  CDN: trunk Relative path: Specs/0/8/4/GoogleUtilities/7.13.3/GoogleUtilities.podspec.json exists! Returning local because checking is only performed in repo update

Comparing resolved specification to the sandbox manifest
  A ASN1Decoder
  A BVLinearGradient
  A BoringSSL-GRPC
  A DoubleConversion
  A EASClient
  A EXApplication
  A EXConstants
  A EXFileSystem
  A EXFont
  A EXJSONUtils
  A EXManifests
  A EXNotifications
  A EXSplashScreen
  A EXStructuredHeaders
  A EXUpdates
  A EXUpdatesInterface
  A Expo
  A ExpoKeepAwake
  A ExpoModulesCore
  A ExpoSQLite
  A FBLazyVector
  A FBReactNativeSpec
  A Firebase
  A FirebaseAnalytics
  A FirebaseCore
  A FirebaseCoreInternal
  A FirebaseFirestore
  A FirebaseInstallations
  A GoogleAppMeasurement
  A GoogleUtilities
  A PromisesObjC
  A RCT-Folly
  A RCTRequired
  A RCTTypeSafety
  A RCTYouTube
  A RNCAsyncStorage
  A RNCPicker
  A RNDateTimePicker
  A RNFBAnalytics
  A RNFBApp
  A RNFBFirestore
  A RNGestureHandler
  A RNInAppBrowser
  A RNRate
  A RNReactNativeHapticFeedback
  A RNReanimated
  A RNScreens
  A ReachabilitySwift
  A React
  A React-Codegen
  A React-Core
  A React-CoreModules
  A React-NativeModulesApple
  A React-RCTActionSheet
  A React-RCTAnimation
  A React-RCTAppDelegate
  A React-RCTBlob
  A React-RCTImage
  A React-RCTLinking
  A React-RCTNetwork
  A React-RCTSettings
  A React-RCTText
  A React-RCTVibration
  A React-callinvoker
  A React-cxxreact
  A React-debug
  A React-jsc
  A React-jsi
  A React-jsiexecutor
  A React-jsinspector
  A React-logger
  A React-perflogger
  A React-rncore
  A React-runtimeexecutor
  A React-runtimescheduler
  A React-utils
  A ReactCommon
  A SocketRocket
  A Yoga
  A YoutubePlayer-in-WKWebView
  A abseil
  A boost
  A fmt
  A gRPC-C++
  A gRPC-Core
  A glog
  A leveldb-library
  A nanopb
  A react-native-config
  A react-native-safe-area-context
  A react-native-slider
  A react-native-webview

Downloading dependencies

-> Installing ASN1Decoder (1.10.0)
 > Git download
 > Git download
     $ /usr/bin/git clone https://github.com/filom/ASN1Decoder.git /var/folders/3n/wjddhk5s4b9_8vrk72p0c4gc0000gn/T/d20250109-94496-4f4xp7 --template= --single-branch --depth 1 --branch 1.10.0
     Cloning into '/var/folders/3n/wjddhk5s4b9_8vrk72p0c4gc0000gn/T/d20250109-94496-4f4xp7'...
     Note: switching to '7e1523662c69d019a3299bbfb22fb824141dd1f6'.
     
     You are in 'detached HEAD' state. You can look around, make experimental
     changes and commit them, and you can discard any commits you make in this
     state without impacting any branches by switching back to a branch.
     
     If you want to create a new branch to retain commits you create, you may
     do so (now or later) by using -c with the switch command. Example:
     
       git switch -c <new-branch-name>
     
     Or undo this operation with:
     
       git switch -
     
     Turn off this advice by setting config variable advice.detachedHead to false
     
  $ /usr/bin/rsync -a --exclude=.git --delete /var/folders/3n/wjddhk5s4b9_8vrk72p0c4gc0000gn/T/d20250109-94496-4f4xp7/ /Users/gr0nk/Library/Caches/CocoaPods/Pods/Release/ASN1Decoder/1.10.0-91cb1
  > Copying ASN1Decoder from `/Users/gr0nk/Library/Caches/CocoaPods/Pods/Release/ASN1Decoder/1.10.0-91cb1` to `Pods/ASN1Decoder`

-> Installing BVLinearGradient (2.8.3)

-> Installing BoringSSL-GRPC (0.0.24)
 > Git download
 > Git download
     $ /usr/bin/git clone https://github.com/google/boringssl.git /var/folders/3n/wjddhk5s4b9_8vrk72p0c4gc0000gn/T/d20250109-94496-kizz9v --template=
     Cloning into '/var/folders/3n/wjddhk5s4b9_8vrk72p0c4gc0000gn/T/d20250109-94496-kizz9v'...
   $ /usr/bin/git -C /var/folders/3n/wjddhk5s4b9_8vrk72p0c4gc0000gn/T/d20250109-94496-kizz9v checkout --quiet b9232f9e27e5668bc0414879dcdedb2a59ea75f2
  $ /usr/bin/rsync -a --exclude=.git --delete /var/folders/3n/wjddhk5s4b9_8vrk72p0c4gc0000gn/T/d20250109-94496-kizz9v/ /Users/gr0nk/Library/Caches/CocoaPods/Pods/Release/BoringSSL-GRPC/0.0.24-3175b
 > Running prepare command
   $ /bin/bash -c  set -e set -e # Add a module map and an umbrella header mkdir -p src/include/openssl cat > src/include/openssl/umbrella.h <<EOF   #include "ssl.h"   #include "crypto.h"   #include "aes.h"   /* The following macros are defined by base.h. The latter is the first file included by the      other headers. */   #if defined(OPENSSL_ARM) || defined(OPENSSL_AARCH64)   #  include "arm_arch.h"   #endif   #include "asn1.h"   #include "asn1_mac.h"   #include "asn1t.h"   #include "blowfish.h"   #include "cast.h"   #include "chacha.h"   #include "cmac.h"   #include "conf.h"   #include "cpu.h"   #include "curve25519.h"   #include "des.h"   #include "dtls1.h"   #include "hkdf.h"   #include "md4.h"   #include "md5.h"   #include "obj_mac.h"   #include "objects.h"   #include "opensslv.h"   #include "ossl_typ.h"   #include "pkcs12.h"   #include "pkcs7.h"   #include "pkcs8.h"   #include "poly1305.h"   #include "rand.h"   #include "rc4.h"   #include "ripemd.h"   #include "safestack.h"   #include "srtp.h"   #include "x509.h"   #include "x509v3.h" EOF cat > src/include/openssl/BoringSSL.modulemap <<EOF   framework module openssl {     umbrella header "umbrella.h"     textual header "arm_arch.h"     export *     module * { export * }   } EOF  # To avoid symbol conflict with OpenSSL, gRPC needs to rename all the BoringSSL symbols with a # prefix. This is done with BoringSSL's BORINGSSL_PREFIX mechanism # (https://github.com/google/boringssl/blob/75148d7abf12bdd1797fec3c5da9a21963703516/BUILDING.md#building-with-prefixed-symbols). # The required prefix header file boringssl_prefix_symbols.h is not part of BoringSSL repo at # this moment. It has to be generated by BoringSSL's users and be injected to BoringSSL build. # gRPC generates this file in script /tools/distrib/upgrade_boringssl_objc.sh. This script # outputs a gzip+base64 encoded version of boringssl_prefix_symbols.h because of Cocoapods' # limit on the 'prepare_command' field length. The encoded header is generated from # /src/boringssl/boringssl_prefix_symbols.h. Here we decode the content and inject the header to # the correct location in BoringSSL. case "$(uname)" in   Darwin) opts="" ;;        *) opts="--ignore-garbage" ;; esac base64 --decode $opts <<EOF | gunzip > src/include/openssl/boringssl_prefix_symbols.h   H4sICAAAAAAC/2JvcmluZ3NzbF9wcmVmaXhfc3ltYm9scy5oAKydXXPbuJZo3+dXuO683Kk6NRM7nW73   fVNsJdG0Y/tIck9nXliURNk8oUiFoOy4f/0FQErEx94g94arTs10LK21KQDEF0Hgv/7r7DErszptss3Z   6vX0j2RV1Xn5KESR7Otsm/9MnrJ0k9X/KZ7OqvLso/50sbg5W1e7Xd78v7PV7xfvL7a/Zxe/ZR9+/fVy   tX73y/kvl7/9vllvss3qIv3we5b+9mF78W//9l//dXZV7V/r/PGpOfu/6/84u3h3fvmPs89V9VhkZ7Ny   /Z/yK+pb91m9y4XIZbymOjuI7B8y2v71H2e7apNv5f9Py81/VfXZJhdNna8OTXbWPOXiTFTb5iWts7Ot   /DAtX5Vrf6j3lcjOXvJG/oBa///q0Jxts+xMIk9ZnalfX6elTIh/nO3r6jmXFy6FaSP/T3aWrqrnTJnW   p2svqyZfZ+oq2rj7/nqPH+33WVqf5eVZWhSKzDNx/HXLL9Ozxd2n5f9M5tOz2eLsfn735+x6en32fyYL   +e//cza5vdZfmjwsv9zNz65ni6ubyezr4mxyc3MmqfnkdjmbLpTrf2bLL2fz6efJXCJ3kpK+3n17dfNw   Pbv9rMHZ1/ubmYzSC87uPinH1+n86ov8y+Tj7Ga2/KbDf5otb6eLxX9Kx9nt3dn0z+nt8mzxRXmMK/s4   PbuZTT7eTM8+yX9Nbr8p3eJ+ejWb3PxDXvd8erX8h1Qc/0t+6erudjH954PUye+cXU++Tj6rC9H08Z/6   h32ZLBd3Mu5c/rzFw81S/YxP87uvZzd3C3XlZw+LqYwxWU4ULdNQXvLiH5Kbygucq+ueyP9dLWd3t8on   ARl6OZ+o67idfr6ZfZ7eXk0Ve6eB5d1cfvdh0TH/OJvMZwsV9O5hqeg75dRF+O72dqq/06a+Sg95Lfoq   pnOZEF8nWvzJzo3/1OX/491cOuXtk0yur5P7+fTT7K+zfSqaTJw1L9WZLHplk2/zrBay8MjCX5WZzIRG   FTFZqHdC/UGJ8kbdrarEVduzXbquq7Ps5z4tdSGU/8sbcZbWj4ed9ImzVSbhTAeSd+9//tu/b+SdXWbg   5fzf9B9nq/8AP0pm8qfP2y8EHeYXz9Kzf//3s0T9n9W/9dTsLtkmspaBr6H/Y/uHf/TAf1gOkTVUS4f0   nuvlzSJZF7lMqmSXyephM1bnk46VoQM9Iqufs5qjs0jHqurCZHXYbmVx47gB3o7wfJ5c8FPWpwE7U4v6   2Cnt0549JiXC6fAoy3ST7zLVstG8BulZn2QLV2RMsQ17blYiIL8+Js/COabqirzMmzwtjr8k2Ry6mpca   CFf1cafzeVJU6SZRBtW7kV2xsYEgtjff3U9v1QfqGihVpsv1xvvp16TOungL2V1QbeJIK8QC5lVeRdkd   3o7wUstWlKv3YMgdcfmgoI+h/ng1u5c9l2STiXWd7ylFEqZBu6of0oOs58t8w9CbOOpfqd4Kz61Q1LvO   97J/H3HlvQCNsckfM9FExOgFaAy2O+D8/jMp013GFHd00M6+6hZG3bv0ZyKrbMEr744Bj5KXsVF6Axol   IguC6b+vtxEZ0NEBe9VU66pIIiKcDGiUeruOSZ8jjvqf0+LAlWsWN0eVm1CZyUWSynaNYe5IzLoqqvX3   rr7j2U0DGEU0skeY1htuplq8E+Hu632SbjbJutrt60xPxRC7gwMaIN62zjLgm4IcERMBMWX5eEdPP4uE   rW/yQxAPEjHfsALkG8THTRYoVZZ/qXLwLlk/pbIWX2d1QzL7OOg/j/OfD/n1J1aOpMUjIxDoQSK2w9Sr   CSvMEYbd2c+mTuOSzHPAkUT7MzkBOtT3rp8yWT/u6/xZzbJ/z16pdk8AxGj7q/K3PdbVYU+OYOOAv8jS   2kg9QY7gCrAYbj4xI3kaLN6u2mS8EIrErJUeVzGvvYN9d1amqyJLqrXYq0ZxX8iBPjUE5EAjifyxzLpa   QE1dSGC3F8yQsAyN3RRC5V9ZZuTuJibxY22Lg3g63rrkH2bTgF2272SnZHyTbsRVyuXbfC1rAarV5bEI   6n7huRUZsvJuZpdHIuzTOt2x3JrErG2Ny6ixHRz0tzeCaNTzGbreoBG7rtIFS92iiPfYVCdFLhqW3jLA   UeSf0kMhh4upEC+yzlhxAnmSkbGSg8jqTdqkbxL0ZIOjZz8TbqgORb1l9iKb9E32kyk/8ViEyJYalMCx   8nJbJeu0KFbp+jsnjiWAY8gbtageo6I4CjiOmoTSdy/3BrIEeAw91cKaksAkSCyZdfGxXAkSi9FbO3Kw   kdlTM1DY++OQq8fNT4dmU72wksQ2wFH0s470iToz5NGwvevZyPIshyDstPctcDTi00YARbyFkLWM/M76   e3uLsjLbt8DRZPHNt69RtYijCMbZZPvmKSKI5oMRuNlu4L5fP63svlFU65R1D4ISP1aZyVFHs9sn8wV5   csJkIfMLXfjie+psVz1n3MkHm/bt6oMkXa9lTlPVBhr0Jo9VtYmQaz4coc7K7LFqcsbgB9Eg8dpqanso   ClacHsf8q+Qpp3eWTBYzV3Kcu+ZlcseGzfxsNgUDMWIzGvAgEfVgRGeXyP/mBbMVgTj6iyt2jBYP+FVf   PcLf4gF/V8lEhDgZkCjsmyJwR6jFuRnP2qKItzzsVsTHZTaKeEV8iRRjSqSIK5FiqESKuBIphkqkiC6R   YkSJ7HqVvPJzhCF3865bPJnsq4rRzNg8EoE1lycCc3ntZ8fJG8FTn3DEf+z7sufGYAsY7ZydRueBNJKf   HepnTq1zQoNe1rSByyMRsvUTa4BkwYibNUfbk4hV5I9p8ci74I4Nm/nJbQqQGHHPOAAFEuct7qrzkXdV   Ioet1UtyKL+X1Yt6YLzvZnY4mYTLsNiR0cb4RVaoDian5XENcJT2qTtL36EBLzf/B/Ndfx45/YF5kIh6   2jgtN5yn6p4AidE+GmfWAiaO+KOep4gRz1OM78QULMuARDnUtfqS6vtww9gKLI4shruujPCiGAI4RvQT   KDHuCZR40ydQgvgEyvx+d8vt0+ZJxMQ1PUjESuhaVtaBemKYl7auBI6VpXXxqp+TdWsCOM0sYEGi8Z7m   idDTPPXhNi1EptZr1F2TmG2S7oVW3aJwAg454St5rLNUYhFpaRvgKFHP+8Tw8z4R/7xPjHneJ2Kf94nh   533iLZ73iXHP+45fE5lsM7d1+qheM+XGsiRIrNhni2Lcs0XBfLYo0GeL+hMRV7xMfjhCktaPsVGUA45U   qqdfbSpG9X8hz1BEkaSbZ7V4SWSb6LCODI6tl8fVmdhXpWAVCkuAxOA9eRahJ8/qQ7UpwaHJ1NKKrBTc   EL4FidYvS+UsvEctSDTx/dQTjbixAA0er3tRNDaeo0HidZtWcGK0KOz9ccjXEdlj4Kg/YrWDGLHaQUSt   dhADqx3az9dVvenfUIpocRAVFrdRo9CqlD1M8ZRefPg1qbbmeEvwLmHIil1N13+XfWpZfx12GS+6a4Gj   HZuAfmUqs34HRVjM2FUtYuSqFvN7uXq5qGxkdRoTrbeEo6kKZ/OUcdfUBFRIXGhtN7vDi9vw6Hn5qF5O   qWo5gtnpHYwENzSgQuLWzV7d5Nu8yHjRTAESo6nzdfQ0lG+Bo3XLm9QLgxHNhW/BorFLZ7A02nPiMWNV   2IRGVZ3Mtp1Xr5ZxO+SgaGzMmG4KbgtHb9LmIGJ/7UkyJhavkXAdwUj9Sr+4aJZnZETxJvFEMNpBTf7I   +ici1FGBxJF19uaJpddkyBpXzG0FHidb869fsbi5FilXLNGgNzppTAcSqT7wmiENwk7+ZH5oFr/rhb5B   xwA2BaOy1uaKwbW5BzWxsKV6WwqwyXv4vh19/0F/iGbTQ/Zksrg9jwuhFYNxVH8qMo5SwHHmi0lcglmC   ETHYyeZbxkTjJp5vgaNFvMbo4IN+dsq5juFI7aNkbtrBpuGobxEPj6SGfu3GlM1r8pTTZ/pBiR1revUl   +WP6baHeoafoTQ4xUl+/tUDE+ZSKZHPYF11WVeU2fyQu3RlyIZF3aS2e0kJN7NSv3bcFKy5oQqISX3Ew   OcRIb74c1PZ2G6QlapPe0+PL/nEtJc6ACo5rPBlep3s1POSE9C1wNGqRNjnMWO2S1WtDm8Dwadjevr9N   3lwIwAN+3tQaogjEYT8Uwi2BaPssIs0UPOA22wARFcgyDUVt56Lj4rWOQKS3mY4cqQxcRzsWZ8dscdTP   WW0C4EE/6x1yzIFHorWgNolbd2p/7Zq6OBA24FFiHhiFPHjEboqnyLeZXidH7ZoNuUKRdxk/0i4Lm4lz   wQCO+yMzJ5gnqiMXWbk5CjwOv0rpadiei/ZRHbcPY/JwBGJn0sBgn16Vzqs6OjTojelVOAo0TkwdLobq   cPFGtZMYXTv1T3+4cUIlVETUQCJYA4m4GkgM1UBCjiWKTbJSb+WVj0WmRsasQIAHjthU/F79kQ2bk21V   R2Q2oIHj0QeMNmlb6S/CQ++/R+wRGdwfMmJvyOC+kGqDwnTfTjWoh/qywDaUHeZDDj8Say/IwD6Q6iM1   S9W9gnJY/StbN0KVINkLpz3oGFA5cQv1JbVRererPimSCw+4k6KKDKANUBQ9Su8eKqgmumjocXwHFKl5   3WfstDLgATczrVyDHaVdyfOUkxLnBLkute6p0AvdmTt/IgonjlrI1W4bSXL3mOOL2at0YJ9S+lUC1xez   D+nAHqS8/UCxvUDZ+4AG9gBlbPAB7uuxPjTNU10dHp/03r5FRnsSA+C2fyOL7aM6Xy5Z15me+k8L1VMh   9dRRiROr0gfOyGHTd9KPMDnHKLsNjNfxDMz2tXO7pxX26+Znv6hajS0pQYZcUGQ9q9x2Ymg5AOCoX73T   o/oE5KofcziR1k+8n2BwjjFyL93hfXTfbA9dwv650Xvnjtg3N6tr2WNnHj7jwY77576q9eIl1Ubv5O1f   y9ueFAA02FGoT1H8pyenQzPVsi59AALF59OuvXlnvihOK/M+DdjNB8CqWyTIETwDFIXXUId3/dWfqhtb   r1CsZJ+0zmltNmxAorCft8IGIIrxStRpyyp6joMWIBr7KdbQ0yveTszYLsz9057YcWvYhEXlPh0b81Ss   /07XyelOVmhXljHDgSosrruajRnT0wDxuvee6uzHQTZZsgEj7h2ESsBYMS9bIAoozps8XyQ9V3zUW8rQ   d4g0Oc+YdAt1iMIj5vuYa7scFPC2Ly6sXumHNwE46mfkIP5OBXMXdnQH9rjd14d2Xjc+r+W4qNox5S0M   uLuNPeiLQXw6YO+PqmGH6BV4nP7IZWaUkwCM8ZwRu+0mhxmpxyTZpG897vfBeG4C4L7fGxlSI3gCIIYa   jpC9CgJc9Cd56CoM44Pkrw/vfk8Wy7v5VK+pzDc/mSEAExiVteYjvNaj2+p/JxJx2KsBGl1twL57S75b   tsB9Iv+Ri6eM7uo438jex2TgzAL98TO5XZGI7zkNQpMiI99jFuy72XufDJxzEH3GwYjzDaLPNhhxrgHn   TAP4PAPmWQboOQZ6RdJxGEPfKBPAA35ml9HlkQjc29qCMfehKGKTyHEgkfQeDI3sXgk9waWHzIIVDzQh   UdXwJG0OddYP8lgxAQ8UsdyoWTteH9GmATvrOCebBKzG6w1kr8GGzeQlfqDAj8Hft2PohBK95fcqr6hO   xQAm1s4foTNOTp8JNadQrjOW+AgDbnqXpIb6JCJbq7um381eT17xOlEhFxS5nT22dimghwQkUKx2foc1   8rRg1K1ebWXc+zaN2Tljq54MWfXcOl+tccjPGiOj80jiKa3VLBZvusOmUTtjr2efhuy82g+v94DGLtnk   jxm9C4ybxkVV3XNWAQq4xkVm3RGIB4jI3XnlMbzrirEiPn3MEvGdtmIZwAE/++GsT8P2Q5n/oE+S9iRo   NXbOOD0EYoSANEPxOCXYN/hRIjarHjynK+aMrvD5XBFncwXP5TI+pC8S9GDQzWlz0HHzC6N3+QL2Ll/o   fbUXqK/2IqusjN2htGnbrt7diH0Oijn8SN1IiirvMNuXl8y3cS3QcxqbFxOlBulZ5VifqlOI4xHJRtY+   JE+LeB4lZ01fuKxnbnuIRGUL+S6g2VabyOwFNRECJjuq6osc9hvinFFP2bYiX9Vp/UrOfpNzjOpowv5x   G3XkBOCAv11L1S6XE2S9Rdv2XfqYr0/zKaeNABtSeUElbqx2MwK1UKZdIkML4tKuXW0zLb+gFvlQpw88   2HZzz5XEz5Qkvh/nvRdXHnb24J5UKnzatu+zjNRFUt93DeR2BWxTZN99rc7Y0hOZ+0o0vCXAAQ0cT1bR   5+/1I65jcaa//jTk8iI/55usvURqC+rBtrvd1FeW8dOvTrZF/vjUUJ8DBUVATD1zVmTPWUGO0qOAt+1A   8cQGa5trYqVRe/UE80BL9PxK4wPOHQXgrl8vsjJyU80dC1oMUOHGEe5D+n8R325AFHacbmvgfn0kJYIH   u251hIGMXLSvGNHUNuua1brl/O+s3RAmL/Imp011wAYsSkRuoxI3VlvP1Rn1VRCbdK2csw6xcw4jzjgM   nm+oP6Q+DjlBgCvqRLcxZyTq77xwrvgFuuJzVh6dI3nEOWMRPV8x5mzF8LmK+lPoPSZyCEgCxOq7wbxf   4vBABPL6buwER+7pjfjJjVGnNg6c2Bh5WuPgSY3xpzSOOaFR8Fb8CmzFrz7PsD1XXc2zUq/XYgEz7yzH   4DmO6kN6nZZANRrnMD30hMao0wwHTjKMOMUweIJh3OmFQycX6s+7o9xZhcuCATf3DMGB8wPjz5wbc96c   /k77qp6qs9sj1chBXAEUY1vV60xPwunZM5E+MuIAEiAWff0sugOOIK8JFcCaUPW3qH5xM9QjjlghOnDK   nfr4X5vv5+fJS1V/T+vqUJLTw+X9COz1nQPn2kWfaTfiPLvos+xGnGMXfYbdiPPrOGfXwefWxZxZFz6v   LvasuuFz6vQ3mgNZ2hx8D/sVyYGT35invqEnvsWf9jbmpLf4U97GnPD2Bqe7jTrZ7Q1OdRt1ohvzNDf0   JLfTMWzmVsH0dxwDGiQeL7vRE+NOH8YsZUYlSCy1D7kaQK/Va9ibbF/lJS/VIBEYk7mubOgkPP4peKET   8NrP+mlhTmvi8lCEtzznjnPGnaCvyxXQulzBW0EpsBWU8efEjTkjTn/nKdsYfVL6A1dUAsXilX+85L/N   a9eUE+be6HS50SfLRZ0qN3CiXHsOHGMkjYyg406mG3Mq3duc5Tb2HDfjYKsn9TCYuoIV4tEIMSspxdiV   lCJ6JaUYsZIy8kyxwfPEeGeJYeeIRZ4hNnh+GPfsMPzcMOaZYeh5YbFnhQ2fE8Y6Iww5H4x3Nhh2Ltjb  
   nAk29jywmLPAwueACfqqVQGtWmW10XD7TG5ZgFZF/Ymxh5zJ4UbypqEebLubqtGH6HDXW0G8HYF/Nlvo   XLbIM9kGz2OLPItt8By2qDPYBs5fiz97bcy5a/Fnro05by3irLXgOWuxZ6wNn68We8rZ8Aln0aebjTjZ   TK1VSZ6yoqi6HeC6VVHEMKDDjsSYVwZnkl9SWiKo7zsGtYyOpFCA5Xi+eH8cwpOnnjzWM7OUiKub/2Mp   LbY3L28WvB/vgbaTLoMsrB/sgbZTnbOWrA7brSyQDDOAW/7n8+ScnaI+7Lt5UszGTWEfdt0XMalwEU6F   C6YUs0WkwkU4FSLSIJgCHCFsivjtyC/fXOSJcSrGWKeDoT7KehoA7b35xYZznQ6G+ijXCaC9V7b6V/Nv   98u75OPDp0/TuR4Et4dGbg/lemyMAc1QPLUn8RvEO2kC8TZZttcXxg51MgSiqFchykNRsIMcBaEYhx1f   f9gFzPuDeGKrFRxwi/FvmEBswEzaTBOmLftivryX379bTq+W6r6R//lpdjPl5O2QalxcUn4HLKOiEctA   SGPHU2svZ/dfTnXEbk+98zEFFketN24yXoCWRc2HPVN72GNO+acNT6pIzMoptD6N2mlF0wIxJ7UA2iRm   pVYSLmp59RaUt5OvU3ZRRgzBKIy2GVOE4nDaZEyBxOG0xQCN2Ik3kg1iTsJhCx6IOAkvyrocbqTe7D6M   uPfVnp8KRxhz0255G0SceoVzzI1pCrAYhO3LPNB3xt1+Q3cet3Dg5YJW+x8R38MtWnipEk/5lpwzGvJd   1Jajh3rX5OpKDsKS6+niaj67Xx4Psx9rRfCgf/wmECAcdBNqLpg27NNFcvV1cjXa133fNqxX6yQr1/Xr   +EMxHczxbVfnF5cspUU61qbmWi3Stm4ysq5DbE+2XnEuzcAcH8MFeSp2XlSBvBB683b9AeVNJQD1vV1A   jtdAbe+hfKnTPVXZU5gt2aebzfilSCBsuznXCV9lxDXiV7i4PU8mt98o9WOPOJ6Ps2WyWKrvt8dGkowu   jLtJTQXA4uZH/Vpgw5V3OO7nq0NWSvPjowHvYUc7bhoV4DEI02AAGvTG5KSAc/LrPbsIWijqpV6xAaJO   cvEwSdd6d3czndySr/OEOb7p7cPX6XyynF7Tk9RhcfMjsYzZKO7N2dpQOlCzy0Zxr+CnggilQlMlH2+5   Zg077k/MQvYJLWWfp7cy3s3sf6fXy5kcbqabf5HMAD8Qgd78gYaBKORbBhIMxCBmgo8P+KnFHeAHIuxr   wjIg3DAQhXp7AfxwBOIyygENHI/bwvl40M8rV1hrZ3/MLFNoqzebfOCmio2iXmJqmCDqpKaCRbrW2+X0   s3rOtNvTnD2HGAmPjlwOMdLzyAARJ7ULYXCIMecJc8xHzu2eQ4yC+ZsF+ptV1XOQVemvv3DFHY746V0R   i3Sstw83N/TCdKIgGzHTOwYyUbP7CDmuu4//Pb1aqv2nCIuJfRK2ktPO4GAjMf1OFGyjpmGPub6r5bSf   vCBWkS4cclMrSxcOuem55dIhOzXnbDZkJueiA4fc1CrQhR33vfz7cvLxZspNckgwEIOY8D4+4KcmP8Bj   ESLSJ5gy7DQJpAY/HYIpQHm1E0Ad72L6z4fp7dWUM+HrsJiZawWMS95lLpErbItbmzbpZkOzOnDIvS6y   tCTW05AAjkFtXdB25fgBYdWJy8FGynZfLocYeam5wdKQXK3gtW0/8f+O/cNPMOo+Hau8S8V3ZgjLAUcq   svJx/PusPglbqRUj2i50H9Cnc0ww4EzGn40MsWFzst3HyCUO+6k9FLRv0n/wjil8hxqT1WtyO7tmejsa   t8feHWLU3eF+K0nF+i2iKQ8cUQ5KH5afLjlBOhTxUjsVBocbuTf6kXXMy1/PudW1jaJeYs/CBFEnNQ0s   0rUyn4Ms0ecgrIcfyBMP5mMO9NmG/mCTb7d0naIgG73gIM9EOA9C4KcfrEceyHMO5sMN9IkG6zEG8uwi   5oFF+CmF/lRWb49ZmdX6gIKN2uuJHsF3uJG+3U/J/e0jBLno5fFIQTbqlPQRglzkEtlBkEtwrkvA16X2   P2fJzh3bw+3sz+l8wX+6BQkGYhArDB8f8FMzDeDdCMsrVhNhcIiR3lBYJGbd7fVGb0nDU59wxE8vJQaI   OHPetebYNZJLQc8hRnqTYpGIlVotGBxu5DQvPu75P12yqwmbxc3kYmCQuJVeGEzU8f45W8wi5qp9POgn   JogLB93UZPFox0479ttAHE/b/2iy5Pk9SWZwnrFJqhXlxC0Hc3x5k+2SzUVOsh0hxEV5Z98DMSdxesXg   QCM9gw0ONB44F3gAr04djsDJkpZDjOT72wQRZ36xYSklhxipd7LBQUbej8Z+MevnIr9VbVbBuk86EHNy   7pOWg4ys7EDyYp8Se4gnCrKpjXnpNkVhtmTd/OQZFQlZDyXvN7ccZKTtqelyjnG36nZJJD8jskjMWvK1   JeBtmy+Z3n/T7miDc4yyN7vLm/w5o1cTNup6D02SVbS5444BTIzWvsccX5M+XlBfmugYwCTGHy1tMq4p   2+0Lvd8fNRMs0rA+LL9IYPktmd1+uku6FzJJdtQwFIWQtgg/FIFSI2MCKMYf02+za2Yq9Sxu5qTMkcSt   rNQ4ob3342Qxu0qu7m7lkGAyu13SygtMh+zjUwNiQ2ZCioCw4Z7dJel+r49JyouMsrE6gNre04lA66Yu   KFYLdJxFltbJtkjHH03pYJCv3cCTaTVgx602JtHHE+uvkMw26nipyemnovyLHi7qY0eIm5+iAiRGe373   4yGt07LJMlYYxwFEIh637XK2cVMdzyik+HrKtmXVlqKRX7d5tYML6XGvBTmugrAryQlwHDUtF516svtL   khYF1aIY26TXxBCW7JiMbxq/bXtPAJY92bL3LXmZN1SPYnzTTk1CMNLoyMHG/fiOoYP5PrUbiyyv45fu   eKDvZNbpDop51aGc47d1hljfTN3x3+U8I/WHO7/2Kfu5OexIhblDbI/KoJJUllvCtTTklu/I2CZVDPUx   TCUthUzONTZP5GrxBAEuSgfPYACT3vCJ9GIIgGJeYnZYIOLcyI5EXb2ytB2LmKk3hAUiTjkI5zkViDhr   wvFxHog4SZu/+6Rvreg9EgOzfcTC7pVz1Qis8irZp3lNFJ0438joABqY76P1LVoCsBDOWzAZwLQne/a+   RdWJq8OWquow3yeq9feMnOgt5dp+Ej0/XcNht8pq8v1oYKBP3VGyDWEoO9K2MgY+4JhnX5EKhPy6w6tl   A6SC0BKOpanJzcqRcUzEgc7eG+dQK3e/TqcWHb/MtOeCivKcqtEQ4OLM8lig6xS021UDjuOFd1UvyDUJ   Tt0t4JpbEOtt4dXaglxnC6DGVido7GgSCbgOeu0qwLpV9+EKwvnJFgS4ZNLrkxmpZcCDEbcaCOwJ+5qC   MOJme2EndaQuwNkMQZ7NEMBshv4bdQR9ggDXniza+xbqzIgAZ0ZENyFB7L0YGOzLqq0a5x/qkqPtad9e   EpYSmIxvOs1DkEtITwasxJkREZwZ6T8V+2ydpwVP3cGYmzxAclDfy5nNEehszmko1p2oRHpEjgqcGE/V   odgkckTESWkXBt3kItdjiI/4YMXkQCO9IBica2xzUn5GE54wx1fS+9hHxjY1mWBU7D1l2w7qgGPSVbWE   bXmmzp89+3Nnz5wkeobT6IUxsHoBR1bkIgWUpfbWJT4yOUGQi9PltknDejP5Y3rx8eLDr6NtJwKyJJ/y   klD9OBxonFE6DTYG+h72G8qcqgsaztvk483s9rp9H798zgi9SR+FvaRby+FgY14+p0VOSgKQRu3MZMgD   qUCZZ7Qxy3e1/CvJxh/G0ROehZgtR8TzEF4i6wnPQkuejvAsoklr6tVoxjJ9nt5efdTrQAiqHgJcgpRG   J8Yyfb27XeoLpix6dDnYSCwKFgcbadlpYqhPVTKiobyoiQrwGNuqTnbV5lAcBDeKoYDj0AqDiaG+pFDz   JBumtqMte7oSSS6Sl6qmWA3Ktm1Ilo1Hky+kQ2yPWF+sSopFA5ZjlZc0RwvYDvmXnOTQAOAgbuPvcoBx   n9Jt+9QzrVcr1rX1nGvcZGuaSgKu44mwxuMIuI4iY/2wE+b6dvucZpKA5dDrAAkK/X3fQNnq3mQAE7E5   6SHbRVj8cWu/L9/+m1pnHBHbQ2tsvTZ2XR1KVcG+JH9ndaUSTJB0Hm3ZZRmn1UYtYDvyZ4ogf3Zpajof   EdtzoOS29Vab/HdWPqXlOtsku7wo1OPPVFdydb6TPf3mVU8eEPRjdHb8H4e0YHVQHNK2/qSkify2RRPv   Qu/+29bVTnZkyuax2mX1K0llkZb1cU0pKvLbNn18a1XlRZaQqnOPdcxNUm/X7z9c/Np94fzD+19Jekjg   xTiM37i4JzwL8Y47IpZHtm20uqMFLAfpYcit+xzkVvUVZZ1G7BH3kOsqs8dUvTJFkx0p11aROq0t4DlK   4sVIwHXsq5cLmkQRnoV+xxgUbNumstZS87I8rYG7fmIBh8Yc8m+q0aRZFGFZiox2k+jv2wbSyYknAHCc   kyXnlmWX1uJJtjakFR025vjEd2qP5sTYpmpDHCN2BGRJfhzy8e/EupxnpLXCHQFZLnSbSHe1HGRkCsM+   VjcGFuAxiPe3x3pmPfUqqJfcUZgtWRVqMfiGZz3SqL3acM0VUPLJ9UwPIa5zluwcs7HuS4tFzBFixLs7   FESdJCALrwPtw56b2Ck4Ip5H/KiJGklAloau8cudOKyomsMKsrCKxInzjIzqyq+l9jmtK9ECtoNWLt0y   KYsU9Zd0iOWhTe67c/plKZOHwqvv+wbqHdBDtkudL0nrwhwR0ENNYIvzjZSjM03GMtEGIe4IZJ+qFkd1   /pJDqfYiIbWHAG3buXM0gdkY0u5zx+/7BsqCwR6xPSI7bKqkTklPbA0Ks6n/85jxnC1rmYkX6F0Z65IC   19L+mTastDjbSO0Z1X6vqCb3iGqgN0Q8UrYnPAtjqsPEPB9tXkoA81KCPi8loHkpWo/E7Y0QeyJeL4TW   A3F7H6oHQU2DDrE8TZU4x5wSjD4MurtzyxjijnStrK6uxVnGA21C4ODOBhxoD5AO7hOkA60oHNyy8JwW   h4zY9p4Yy0ScxnLmsE5f2R7KdZNXZfJEqIFAGrKLrNjS2nAfNbwPn5Kv06/dFi+jlRbl20iPRAzGNz3W   1QvVpBjY1J7Xw/G1pG+ldNF7xPeoF6bqZ3KidZjt22U7ylO+E2FbRFMTLS3hWYp12hA1CgE8hCfEPeJ5   SvrPKqHfVRZZSfUU5nudVx8/6ulQyjSxycCmZFVVBUenQcRJOgjUJxFrtW7I+0KjAixGvmmfkzaEN4Vx   AxLlwE+gA5JCpCGpBfkusU/XGdWlId91OP+VapII6OnOopJDOvnRz/HD3YACjFNkDHMB/fYLch5LBPRE   /3ZfAcR5f0H2vr8APYw0VBDgot8nB+j+kH9kXJOCANclWXQJWaIz9XI4T1Wvk1wvaMh2Ec8+NBDbQ3mT   9fh9x5ATX8iyINcl1mm9SdZPebGh+QzQdsr/yMfvMtATkIWy8bRNOTbKDm8nAHC0jZCaIBi/fx0I227K   gpXj931DQr6Lesq2Efpq3ddtntg/NxDbQxliHr9vGhZdVy2r1Yh+k9XjZR4KefOm27f5KRWUGTTcAERR   PSp5CbQemc/aZrVnV5qXolvB+UqpTiDate9fqV0yk7JttDpz4dWZC73SLC1fiWMHm8ONSVZkO8JubhgP   R1AlMDaK6wAicVIGThX6qMoBESf39w/+7iTf7Yt8ndMHV7gDi0Qb+LgkYj3wtQfES755T5DvKlLRkDqN   Fub7qr2a8SOuGAPhATerGPuGoSi8gf2QaSgqr9BADj8SadR7QkAPf5CAKsA4RcYwFxnguiAnqjPqPf0x   +reHR73dlyij3hMCehhp6I56F9Tl6AYCehjX5I56uz+TKzCo7ooZ9WIGIErZ5IXs2NeC3FwaqO2ljVEW   3hhloRYyHxdbnNq07JHWKcccXiT9Mr3TySYGghShOLyf4wvsGKSx2MIdiy3aHZTU6zwUywmyXfss+95e   apOSUtMCbaf4nu8pKvV9x9CMf+p1/L5roDy96QnDMp0vZ59mV5Pl9P7uZnY1m9JO0sD4cATCHQnSYTvh   aR2CG/6vkyvyNgEWBLhICWxCgIvyYw3GMZH2aOkJx0LZl+UEOI45ZRPKnnAstB1dDMTw3N1+Sv6c3DyQ   TnS1Kcem9zHIBC3/XRBxFlW3rydLfKIde7vesMgJ7bGNGb75TXI9WyyT+zvyeT0Qi5sJhdAjcSulEPio   6f12v7xLPj58+jSdy2/c3RCTAsSDftKlQzRmT4ti/LFpAIp5STNnHolZ+ckcSmE9Fy2bVp75SGN2Si/K   BTEnuzgESoLeqkU9PmenhGkYjCKatMnXOrdVvzrdZpFBfSF2DbQd8iDWM399WE7/Ij+qA1jETBoCuSDi   VJvckLaAhOmQnfa0EMYR/6GMu36DD0fg/wZT4MWQndVvspdBfWgJwaibUWpMFPUedEcrWamfJ5gBLIcX   abGcLGdXkQUVloyIxclyxBKOxi/EmGZUvOjfFyzZyy/z6eR6dp2sD3VNeWwC47hfb93dHU7IDWI6wpHK   wy6r83VMoE4RjrOv1GRMHROnU3hx1qv1+cWl2vOmft1T88WGMXdWRrg72HdvV+rjc67dwTH/ZZx/8Pqj   7Kj7KZX/Sy7eUbVHzje2PRHVv9fH29N78oDBj9LUEWliwQNu9U/CkwZc4cXZVvV3eUM06rDr/LGs6izZ   pZvn5CXfZ1WpP1WbH6qV/JQ5YI7cvzb6UAkcI+mDHnnFwEQ97+N6pxI4Jbd8PYg5efWbDQ+4WWUKUmBx   ePeFDQ+4Y35D+L7ovsTq2losZtZj7u/ZK899pDG7bELHbwEHoJiX8uTCBX2nOmjkte2HtccCcvtCAVMw   ane+31uEdVXBuO2Fxge1PGBEXrVnkJiVfMIqgoN+3TR0m7vlVckI4RjAKDr1KDvWQyxqVusSI7LYVYBx   mid9kpb8LuHBCYz7/qdUrQamj7970HOqdZqp2BGFHeXb2g4gud944jyjrlbFq6C8Ow+gvlcfBrbN1SG0   eVokqwNlyXjA4UUq8lWd1q+cfDNRz7vjzLLv4Pn19s+cSzRI35rtCG8HW5DnUrUTr+Y0SN962CWc+aYT   5xmrmFFZFR6VVeWaWjEqxPPsq+L1/P27D7y+lEPjdkZpsljcfKA9xgVp3y7HQkJWFavqJ+vSHdzz1xtG   HdZCiEvtG9Tk+yK7pJxwFlD4cTJOJdNRgG3bbrUsByuJCq63pSS9FDEkwmPm5ZobRaKeV82IqXerYvqN   oAOM9DZ9ckHok4u365MLSp9cvFGfXIzukwt2n1wE+uT6QMJNzNUbNGiP7NGKMT1aEdejFUM9Wl7HDuvT   dX/XM1giy5jaE476822SPqd5ka6KjBnDVHhxmkKcy/aEWqMfMcO3nCfX84+faacX2BRgO+7xTRYeQcBJ   anFNCHCpd+8IuW9jhu8pvVJjEuKUlkX1tuvp4jhJ936sy2RsU7Zevad2Ml3OMzKFiG+TXahHMCypw3rm   9xHm9wFzSc+fI2ObSub1lei1qbqUMDlpIKAnOZTrp4xynBEI++5Kdmj2aZ035EvtScP6JdGRRru67/uG   ZH9YkRLQ4WxjtdsfZPeJ6OspzKZmVp4IeQLBqJt2og4IW27K06Du6xZ/OiuClowmBvtkKUp3WZPVgrC5   ISpwYjTvkkeSUwG+g/qbW8T37KmWPeD4Qf5FEgE8df7M+WFHDjCSb1oT830/qKYfrkMdP/Lb7+e/Jxfv   frmk2SzU8h43/+/LHcHsw5absKyz/bZNE3fuNRDL0y79Zv0+F7W8gn4vCeheEvT7QED3gR5W6ffZaKYO   sl2E87+7r1s8bUnqCTAdOtUF5dwokzFMs/n0ank3/7ZYzqmn1UIsbh4/jPBJ3Eq5iXzU9C7ubybfltO/   lsQ0sDnYSPntJgXbSL/Zwixf97pDcjv5OqX+Zo/FzaTf7pC4lZYGLgp6mUmA/nrWD0d+M+/nYr9Uz8Ht   KY9zQdhwLybJYkasPQzGN6k2nmpSjG/qWmGqrMN8HyUresT36NaTatKQ7xKM1BJearXDKvXSc9ocatK1   Oajt3VQxap/27OoTolIhnuc5q/PtK9HUQo5LNtjXX0giTdgW6t3k30msgZzDIUbeUA41uFFIg7kTAVjI   v9zrgx7/uid79pDlB/132X3Z01+pgzoXhJzEYZ3DAcYfZNcPz0J9DORgoI+8KAtibXPEYBGkEbvMPcYt   DeCI/7Aq8jVbf6JtO7HV9FpM9jAVYEEzL1U9GHSzUtRlbbNg1G0CrNsEo1YSYK0keHeqwO5UarPut+mk   gXr3fdtAHKqfCNtC71gAvQrGkN+Eetf0ijdT7nK4Mdnme8HVathyM0YXNgXbKuIJUxALmSljF5vCbEnN   8yU1ahRMI/iLiWMsD4SdPylv03sg5CS0QhYEuUjjNweDfIJVagRSapqKW7aPpGsljrMsCHDRqkQHc330   C4OuSv0tecmbp6RUyzP1ArYiS7+b7TvnFS+e3b+6vzNqxL+9ksZJdj/Nk8+futNoZY/qafx5hj7pWctc   NPuLi194ZodG7B9+jbGfaND+d5T9b8w+v3u4TwiLtk0GMBE6ESYDmGiNsgEBrnYQ384PVDXZauOYv6oJ   +3MDKOxtN53bFukjR93TiH1dbdM1M01OMOY+1M+ZKoE8+ZEO2ilzzQiO+DfZI6cE9ijiZRcTtJS0tzVh   Q3+fBKxqLmL1GpPMngGJwi8nFg3YdYqRnmYDKOAVUfelGLgv1ef8ysqiEbve2UG9yqSOPVeHz8nuwY4V   CTRZUf+Yfuvm2WljNwdEnKRRps15RpnhuSxK7TZQ2boev/0gKvBjkNrHjvAsxLbxiHgezjQ+gAa9nGz3   eCCCapLripycPQg7GfN1CI74yXN2MA3Z9X1IvZc9FjRn5VpXV4JhPrGwmTax55OYlTwRj+CePxdJtU9/   HKi34InzjDI/LwgvdNmUZztOmbOabliAxuDfLsHnBt13SNMqRwKysHsyIA9GIA/NbNBzttP07It2ccRP   f/CB4JifXT4CT0C6b3B7YR4Lmrl1qQjWpSKiLhXBulSw61IRqEt1b5LRzJ440MgvFQ4N27lNrA0PuJN0   qz6UeS2HCnmZkuZEx/m8K6A9NLIgy/V1uvxyd91u0pFnxSZpXveUCgbkrQjtki7CUeMmA5j0m2nUfq+L   Ql7SzNeJgUyEfeEtCHBtVgVZJRnIdKD/PnfEQV/FaEGAS89Mxdw+Ic3oeMQphyEVEDdXw+KGHKPFIJ9I   UvV2utqIoaGXNhuH/XIIrzsNHPmRBcy7A71ESwYw0fqEwHrV01+rdXOh5y/IvhMJWPXfL9arFdl6IlGr   jMu0ShKwire5D8XY+1C83X0oKPdh2yfb7etMiGzzJrFxHRK/qfg3rsNbEboufr65KAmnM3gg6BSN/GzD   cLag5dTn6x3yosm7WoJSznzYcF9ffPhw/rvqQ+3TfPyEqY2hvuN03vj3KFGBH4P0fNlgfBPx+atFmbbZ  
   /WS+/EZ+dcMDEef4dxccDPFRWgOHM4y3n2e3xN/bI55HFdb2ATdxTgDGQf88xj7H3fr8l+OdlpWP8iNB   jAApvDiUfDsRnqXOHmVVo86GLQpdIxdZQ81C0OFFEnF5KobyVMTkqcDydD5PFpM/p3rXdWL59lHbq7Yx   yuq6qmkzDh4Zsm752q3tbceA+mOK08Agn3iVBWfH1Zq0bW9/Bu3IP5fDjUnJdSalbdU7M7cfCYrT5Bzj   oVyzf74H2249r0/NqhOEuJJC/Ykj1GTISr6xANz3l9nP/lt6s0lqCN9gR5F/ZGehyzpm1bJ8nN1xypzL   Amb1H1yzwQLm+eT2mq02YcCtd46p2HYbt/360EvyLdNTmI180zho0Eu+bSAeiKBP8+YlRo8Gvbxkcfjh   CLwEgiROrGqvBqm7tP5OsveY46vV0hIdklSsTQ43JusVVyrRgHe7Z3u3e8d74JS4A1jW6iwVVcmumAHc   9e+q50wfn5bRxD0HGrvtBLliE3f9olHHYTDMBmg7RcpJg55ybLK1pd5OR8Yw/XmfTKaTa33ia0o4I8oD   ESfxvDqIRcykEYsLIk7VhRl/LgOAIl7KfoYeGHC2S/s3eZ2tKfvwD3mQiJRxucMhxmqf8S5agQFn8pg2   T4SVtAiPRBAZ4a0jFww4E7FOm4Z52aYAidGkj6SXmwAWMVN2bfZAwKkeedP2TQJQwKve0pIVf/3EqelM   GHFzU9hgAXP76g4zPUzYdn9UL1wtqz8ISyEsyrZdze6/TOc6U/WBi7RXhzABGmOd74k3uAfjbnqb5dO4   nbIWwEdxb1MXXK9EUW+3/yilT4gJ0Bi0FU8Ai5uJvQQHRb36Uf9+Txsv4Qo0DrXn4KC495lRoUA8GoFX   h4MCNMau2nBzV6Gol9jTsUncmm+41nyDWtVG1dwiolnULOLLuBhTxtWXYmqAEx+MEF0ebUkwltoel19h   GgYwSlT7OtC2cvMBT/+YmiZcy0Tl6EBOMmsWtFbh3fv+fU/v9kB9Hf23T3lJG8cYGOoj7Mvlk5B1Rm0A   TxRmY11iB0LOB9L5Qy5nG6+ztSxBH1OR/foLxWhyoFHd9QyhwiAfuewYGOSj5nJPQTZ6jpgcZNzckOsZ   C/ScqkfMScQThxuJ5dtBQS8je44Y6uNdJngfdp+xsr0HHWf+mAnaj9YEZKFndI+hvr/uPjGVkkSt1Fyx   SMhKLjonCrOxLhEuN/qjBWWdnUVhNmZ+n1DMy0vLI4lZGbeNw0JmrhU3/klbxehwuJGZWwaMu3k51rO4   mZu+Jm3bp7dXd9dT1qyJg6Je4rjaJh1ryerXGBjkI5cFA4N81PzvKchGz3OTg4yMfo0Fek5Wv8bkcCOx   3ndQ0MvIHrhfY3zAu0ywfeo+Y2U71q/5cv/HtH0yQH3ca5OYNWc6c8jIeSptgYiTMcPvsog5+7mv6oYl   blHES62RLRBxft9sWUrJIUbu8zVQgMQgtiEmhxipT6EtEHFSnxFbIOps9Pu663yfZ2XD1FuOYCSRlRva   ZBMoGBGjXX+gXoNhbXVI0yLXQ32GbYGA84/rT5zKsMUg3/Qry6cx0PeNXQ8aLGYmPuW0QMTJqgOB/Y3M   j6inl4Iw4qY+u7NAxPk927GUkkOMnPrU303F/ISzgwPCYxHouzjAOOJn1QVH0HZ+vY5YE+HBoJtxF38N   rLA7fka8gw0M9RH7xjYJW/XJ5RypBkFndyw5Q9qRoJVae33FVit+5a0p/IqtKOw+2G0Ytt0GdlXPnN+q   MNBHrKO+IusOu7+Tn5ibHGhkPcF2WdjMqzHQuoK0mYuNeT52nRaozzipCKeeeuGx3YWGobRhz018mtsS   noWRcmCaMfLUz8/7j9NEkE6otinH9sfV4vJCtorfSLYT5dqm3y70hzTbkfJtrBVzFog4N7R22OQQI7Xd   sEDE2e4XSew++XTIXos0qdJsnxTpKiv4cWwPHlF/cfe4PSc2ZJhjIJK+pMhInWMgEmMtEeYYiiREItKi   Ia5gDnkCEU8n68UkoylBYhH7DiaHG4kjcQdFvOKN7hsx+r7Ru/ut250a1TpdbjhLMiKWHDj3W8xEB7Vs   gegqSWStpb5O2vZ7wDMuohxzZj/3bxGzNQ1EjakJxaiaULxBTShG1YTiDWpCMaomFEYN1qV25C+zTISo   b5B9vm58/JhmANeNiP9WgYcjRrc/Yrj9SYUgLi4xMNSXXC8mTKdCcW+7KShX3dK4fc6/6jl41atUZJyG   uOMgI6dZQNoAyu6hBgObOHsxwzjkV/NrMQFsHoiwyegjS4PDjeRZMA8G3eqoBoZVYaiPe6knFjfrFwYy   2qM6iAcidC9vkc0dhxt5yWHCgJs1VkbGyaQDFU0IcRHO5nY51MioUY8g5mS2AQaLmefcq51jV3vOTNNz   NE3PuWl6jqfpeUSangfT9JybpuehNG0Koe4ztciLtgNu0AJHS+r0hfu8EHOEIrGeGyIKIA6jMwL2Q+in   iHgkYG0742Rli6E+XkVusIB5l8t+X/kY0ynxFUAcztwQPC+kJnZiyzLgCEXil2VfAcQ5Tq2Q7Ucw4OSV   GYuG7Hq/pPbwabrcgHF3mzNceUvjdp0dXLmGAbfgtmoCb9VERKsmgq2a4LZqAm/VxJu0amJkq6b34yY+   kbNAyMmZRUDmEPSAmnX/nUjQ+jfjF3tPM/WfWamHpBzxVBQbA3zP5JdQDAz18fLDYHFzna3VglquvMMH   /VG/wHTYkVhvUyHvUXHeoILfnTr+lbicycB8H32RP/b+FfOtJvR9Jt6bTNg7TP3fialngZCTnoL4u1Bq   w+h2l6AkLfKU1J1wWd+8Ib9b2lOOTe1fmGYiOb+4TNardSKeUt1KkeSYZGSsJN/tZd8jp+6dN0oYuob1   LlkVh6ypKtorTLhlbLTk8m3iJZehiE2dPO1SnS4XH37lR7Q9gYiP6x07imTDZjnkKDd6O7KYGL1lIJqI   KIwdPxBBltTzi6gY2jAiyvvoKO+xKL9f8HO9ZRGzLGnxNZIrGRkrukYKCUPX8AZ3LOAJROTmXceGzZF3   rGcZiCYiMit8xx6/wb9jLcOIKO+jo0B37Poplf+7eJfsq+L1/P27D+QongGIspFXkm2y93G3L2gZGy3q   Bh40AldRHoqC/1stGrD/jM+4n4M5d+pH0dwnDPE1NcvX1LAvI+ytbmOwj1wBor2V9oNqy7o+iQE+2UBy   8qPFEB8jP1oM9nHyo8VgHyc/4H5E+wEnP1rM93WtOtXXYYiPnh8dBvsY+dFhsI+RH0jfoP2AkR8dZvtW   Rfo9u1gRe0k9ZdsYr8CB776ppoNYQjrE9xBzskMAD20nwg4BPe8ZovewiZNMRw4xchKs40Aj8xL9K1QH   q6smniI7MrZJPUVu54ZWr2W6I2WsywbMtOfQDup725kn3hWbbMBMv2IDxb3V6l9cr0Rt71MqdHX2lNab   l7QmpYTLOub994zboXFZxMxoClwWMEd1a2EDEOXp+2bLGFG7LGD+2Z50GhPAV9hxdmkt/1x0xSpJi8eq   zpsnUk5gDjgScwkCgCN+1sIDn3bsG9KGp/LrLv+Bxn/weD2CI0o0Y5v28pdmUfkNG6AozLz2YNDNymeX   tc31+iL55R21Ye4p38ZQAZ5faA6n7FHLjV9m9NzBVm9V1u1Zs67V6wWH7Tb/SVWjIi/mxcUvRLkkfAut   2oRqSfm395fUa5GEZ/lAm99rCciS0H9VR9k2NfWk5qH0IvldSiqsLgubu3pCPUSvNxy9JYBjtJ8dvykO   e7VVWcaKhqiwuPqgNsabX7DBiPLXcnp7Pb3W27Y8LCafiWcgw3jQT3iADsFBN2UlI0j39k+z+wVp//sT   ADgSwlYbFuS49EF96+pQEs7H8sDe+Xl6O51PbhJ13vuClPE+iVnHZ7fLYUZCJnsg7KS8peRyiJGwA4LL   IUZu9gRyp32xoFKHvN0SBrUBRSjOc1ocImJoHPHzChlaxrhFLFDC9PJUllOTiFWcEr/k5p+tCMXh558I   5N/i4eNyPuUVb5PFzfTC0ZO4lVFEDLT3fvnjevQO9uq7Nqm2S03LDUXQIZ6nqdN1QxRpxjB9nVyNNsjv   2iRnFzeXg4yEHdwsCHERFuy5HGCkFHsLAlyUxacWBLgIxdtkABNpnzGbcmykxZw94Vhm1FSa+SlEXLhp   Mo6JtlzTQBwPZeX5CTAc88VCvRCcjr/zToRjyUqqRROO5bipKGXixQMdJ3/qDsEdP3fCCIRdd1W8vpc3   63M2fl9tDwSdu0PBEEqqt80Wiwf51eR6tlgm93ez2yWpXkPwoH/8PQzCQTeh7oPp3v71evR0jvyqxdGq   uxNgOyiV3fH7tmFZp6XYVvWOojlBtotW2fWEafkwHv9gcdT0/OCn5wdien7w0vMDJz0/wOn5gZyeH/z0   nC6/3F1TXg7qCc9yKOkezfQmPVy4urtdLOcTeTMtkvVTNv5oE5gO2Cm1FAgH3OMLCoAGvITaCWINs/zk   Ey0JToRr0bvQZesmr0qazABBZ1MTZjxdzjUW1fgDGXoCsiSrvKKbFOXaKNl5BAzHdLm4mtxPk8X9H7JT   R8pMH0W9hLLsgqiT8sM9ErbOktWvv6hOKWHaFuNDEdp3X/kRWh6LwM3EWSAPZ/qukL1LQrcU47EIvEIy   Q8vIjFtEZqESIiLTQQymA+U1ZZ/ErLRXbiHWMN8tZ1dT+VVaWbMoyEYoAQYDmSg5b0K96+7jfyfrlbgg   rKkyEMdDm5QyEMezozl2Lk/a5r8nbMuG9ks27q+Q/7FRRTXfqFUZguJyUNS7eo1Rd7Rt188QKGe4W5Dt   oh233ROOpaQWzpawLfIPF+vViqLpEN9TlFRNUfoWwmpDA/E9gnw1wrkaqaUmcYf4nuZnQ/VIxPYIco4L   IMellqrpEN9DzKsOMTz301v1JfVmdloU/TItkayrcvRgcEDjx1sd8kLtf9fueCyocRzc9+vqW2RUb4ch   PkK9a2Owrya13j4JWGVa549ko6YA2/4gK2N9EhlZ2aO+l/Or4d/7uGvyHdnVUphNluF/8YyKRK2bfLtl   ahXqe59S8fT+gqpsKd+Wp+8v1uk+uacKTyDgVA9M9EaXFdnao763eJJDvCJryBl/AmFnpWuu+pGjPbKg   mVPgOwz05bKKGv8UwQNBJ6HDblOw7bCTA4NsJzjOIwua66yp8+yZk55HNOilPPdBcMCv545UmyWbrF21   ORT0Jg9y+JF2shxWa6q7pTAb6bk0gALebLehNyot5dvKitnwnUDfKYddnITsMN8nmnqdiowygPRI0MpI   x5YCbap5YOgUBvqKddowfApDfPtXlm//CvpKfqaUoVwpedlSYvlSEg4TcDDf11RF9TJ+/amDGb7ll+mc   uvzSgiAXqbG0KMhGqLgMBjJRGkgTMlz7rIQHSaPFqAGP0r4SyQ7R4bi/XQHP9ne473+WUQlPoxwM9anu   BdOp0N57P/2aTBa353pp9lijBSEuyqMpDwScL7KEZGShpjAb6xJPpG3968O735PZ7ac7ckLaZMhKvV6f   xuys5ABw2796bTLBunKbtK3yP5O1vOdW6fgn8i7nGr/LHt62otlaxjFVyZO86PGtkgXZLvWkS707czW7   l/WwTmiKFcBt/76WHVvK7q4WZLuoZd4v6Tqvr7/Q9ov2QMi5mNy3r1b+MX5IBNOwPbl/+EjYehlAYS83   KY4kYJ1eRSSFCYNubkKcSMCqTgz9jWzUFGK7ZNkuMZv8+uxP/fIW9QbFHFAkXsLiqcovBcEyMI+61+YD   95r6XK9L5cqPMOzmpvI8dB+rNpJsVBDiSiYPf7F8CsScV/MbnlOCmHM+/SfPKUHASew/wD2H41/57YwJ   Y+6oe8Az4FG45dXGcX9MEgXaIPV5VDvkCtAYMQkUapPU57x26UQGrJds62XIGtlOIR4sIj/hw6keV2oG   y8w8+t6dj7h3o9oxV4DHiMmF+VD9wGrXjmDAyWrfTDjk5rRzJhxyc9o7E7bd5MkOYJ6jHZRzmjqbBK3c   GwXAET+j+LosYmYnCNyqtR9ymzSfhu3s5EBasvZDcjNmYJjvkue7RH0xCesIRsSgHIIelKCx+E0xKgFj   MQtMoLTEZEQwD+Zx9cl8qD7hNrk+jdjZqT0P1lbUZranMBu1gbVJ1EpsWm0StRIbVZsMWZPb6f/wzYqG   7MRBKjJrfvpzRNuNj1ONz+PuuYGRqvUl9t0RGqta34hKqFC7HjNchQ14lKhkCrbzrCGrg4a8l3zvZdAb   m/Aj2n/ga7w+ACIKxoztC4walxtfjShgA6UrNqMG82geX1/Nx9RXcX2F8Pjc+k5UbswHa0Ve3wEeo9uf   8foQ+Cjd+ZzVl8DH6c7nrD7FwEjd+pzXt3ANRhR5e59fJPcfp2q1yWizRXk22itcFuS5KEudDMTzqCfW   32WdmZabZJ3V4xfjYLwXQW9uQrRqxjN1Z2USthD1QNv5QWbVH9efLhLK5lUeGHAmiy+Tc7ZY0659v8ou   1GvKaoE7aXUtgoP+rIzym7jt/y1ZHcpNkakag1TULBBxqvKXb/O1vF94blOAxFCHhkfHcSVuLOrN/Rtw   b/+mb016Mh8pyKZqTp7xSGJWfpJCBihKXIQhe1yxgAxuFMqb5T3hWtQqoiQXpJdhfRK1kk51hVjM3NUo   2YYnP+G4/zkrqj3f3+GYX+UFV96yYfOk3EzjfoLvsSM6gx1yHQXx4Qi0psenw3bCmmwEd/1dq0qzdpDr   6goszdVBruu4d93pJuCcmTBC5cZtd7V7g6gBkRdT9UXVm/vECEcM9AmeT9i+u5vZ1Tf6rWNjoI9wo5gQ   6KLcFhbl2v75MLlh/loLRb3UX22AqJP8603StbJ3G0PwoJ+aGuieY8DH5FTB9x3rPv86ub9XJP2yDRKz   ctLaRFEv92JD10pPW4M0rPO7v2SyT+fLtnnSJxwsZne3tMQIWsZEIyRRwDEmEiXhQhI3VpfK9GQzQMRJ   TZwThvjISdBzvXE+ub1OureVxtpMxjHJv2TpK0nUIo6HMOt2/L5j0K+zkByagCztQULq/BS1V6E6howw   fBrQOPGIm4WYjGPKHmkpKL/vGsp0VWTJtqq/J4dSpNssWR2224yyLeOgyIm5zeUXKQca2JRjawfW5SbZ   Zc1TRUsPh3XM+pV6FZbkPFGObV+NP1rzBLgOkR02FaPYm6DjFFlGSzQFeA5+HohgHogmbQ6039oihudq   9B7N8qsWpy+OMJYxEMNjPhyj7M7mgbbz+CSMqjQ5y/i/yfm7i1/U5hHqDIkkff55QfACtGVP7heL5H4y   n3yl9ZQBFPWOb309EHUSWmCftK3qpeb997U4l8PbjHDkHcTa5lU+/qnO8fuOochLdXZYMv6dagezfXpr   ZlkP7knX1VOQjXInmpDtIs7hGIjr2aaHoqHWeR5pW4mzQgZie7ZF+khKeg04DuJt6t+b5mkNhAM1ADTg   pRYyD3bdzbtkXTcJbe0TgALeDVm3gSy7/TldJCHQ9YPj+gG5MrIoAyzbdN1UNT3hOw4w5j92e7JOQYCL   WAkdGcBUkj0lYKH/MOhX7YXglvceBbw/yLofnkXe/bTRmI2BPtk2J7LlolZJNmubc5FU+/THgXQTnCDb   FXHKNYIjfvJhNjBt24ldJq+fpBKY3qr2lG3rDkXVPSi9WCS5m0zvk93jllTvBTRD8VSfMD7c0TIUTT/t   i4zVOkZFuniDSBd4pLIqM24ExcLmtmv4BqUBFA3H5OeRbxkZ7eJNonk5xTyfHYRBN6uGwk/b0p9SDus8   AZ5DXzZjNOGgsJcxDnBQ2Kv7vHW1I04ioQY8SlPFxWiqUISGes4SCDvutrxwstQiQSsnQy0StEZkJyRA   Y7Ay08dtv+CPtERopCWYowiBjiIEo+cvwJ6/4PVnBdafpawZO37fN+hOPLUNtEDAWacvZJ1kXNPfGc3y   t9PmH/aU8896wrbQzmfpCcgS0S0EBWAMTo46KOgl5mpP9TbKiml7fbT6F+2gv55wLJSj/k6A4yAf9mdT   jo123J+BWJ6Li18ICvltlyan74nxTMQ0PiKeh5wyPWS7PvxKkXz41aXpaXNkPBM1bTrE83DKoMXhxo9F   tf4uuN6W9uz0vDxBluv9JaWcy2+7NDkvT4xnIublEfE85LTpIcv14fyCIJHfdumEdqd0BGQhp7LFgUZi   apsY6COnug16Ts4vhn8t45eCv5JTR1icZ2SlmZdes/svk8WXhNBinQjDcj/5Y3qhT5WnPLByMNBHmMi0   Kc92eua0E49EpYl6XrVvbKa6a2StQRpW0tIud1VX+2/q1tw21duW84fFMlne/TG9Ta5uZtPbpZ7UI4zC   cEMwyip7zMskF+KQlussIpgtGhGzzjbZbk85ZXeEKhhX/j0XT2/xYx3TmKhv8nM9VzgyoYZA8KCfUGPA   dNCuZgFEXUfeA4YFjqZOvZ/OY+422xCMws0RAw/6VYGMCaD5YARmnvd00K4KdraLCNAKRsSgDO2DkmAs   Vfp2WZOqqazI4uWqBuNG3Du+BY4m2fY/uOXaEsAx2hOsT7PZxyTgRENUcNzs5z6r811WNsnzOSeaJRiO   ITspu1VsHC0ZE+u52tfb+GhaA8fjFgm8JJhLmThmk4cjMCs3q1Z7WEzn7THOpCRwMNA3fnxkQaCL8FNt   yrAtP12qZSKjd684AY5jfyA6FNA7/rr48OF89C417bddWpWJfZrXNMuR8mzd0yD9rKmrbohmwGBE+fDu   9z/fq/d+1CYE7eN/yhG1GA9GUHvJxESweDAC4d0Ym8JsSVrkqeA5WxY1F/n4DQEAFPVyU3cwZdtPE/E9   Ri5x0E98u8cnQevmImcYJQXaKLWwg4E+WYExdJLCbJSN4nwStOYXHKOkQBu3bOLlsi1UvN99YkEzabmL   y+HGZLvnSiUKep/1msWSoe1Iz9qd/idbDJGtKTMNGO9FkBXCOaNwHTHIp15hKjdprd6kabJSTYsJuh6y   gNFk2h0yhl9zuDFZVVXB1Wp4wJ2Q70CPD0Sg3zMWGzAf1k9pzXZr2rPrCoBRrZ84z9gXGlYF4uKeX9XV   9Fato0Ab7w43SNjaUN6F9UDQyb4/bDjgpmeYxXrmdkElo6fXg56zS3VOsTVRwNsk6+YnWakp0MZp7U+c   b9QFg/Wze9K2JpObz3dzyguQNgXZKMf22hRo2xw4ts0BtlETz8BAH2U/IQcDfZyMwPKBMC9hU6BN8H6p   wH6pnoTd8IwSdJ3L5Xz28WE5lS3ToSQmos3iZtIerSA84E5Wr8nt7DoqROcYEenu439HR5KOEZGan010   JOlAI5HrCJNErfS6wkJRb/smJGHiHePDEarVv2RrFxOjNYSjUA6sxXg0Qs69/By/anKtaJKoVVZK5zF5   euLDEaLy1DA4UfT+R5OHv+hF3iIxKzEbDQ4zUjPRBDEnebTioK53dvuJkZ5HCrJR07FlIBM5/TrIdc1v   6Dt++iRmpf7ensOM5N9tgIDz63T55e6a9+sNFjdzrrdHAW+62bxL6uy5+p5tyGYTht3navxOndXyYNit   PuVoFQcY21cUxSFvshVZa8KQmzgC6hjAtMmKTL2ax/jpPQp58+2WbpQQ6KJs7exgkO9ATz2/H6f+yrox  
   kTtS91ZkP1RtxE12mnDALbI6Twu2vcUxP29OGOKxCEUqGtoCX4zHIpTyImIi9DwWQb1NljaHmhnghMP+   ZD798+6P6TVHfmQRM6eK6DjcyBmQ+njYTx2G+njYv67zJl/zbivXEYhEn3fw6ICdOOPtsohZr1GsWeIW   RbxxFcFgPaC366CPtjwascdVMoN1TF9HUJ/awgYkCnE1PcQCZkaXHOyN79Jm/URWaQqwcbrJcP+YMQg8   UpiN+LzbAgGnHsVH3GAOj0WIuAkcHovQF+K0eKx4UWzHcCTyI2tUAsdibu4XUCBx2uqXtBsuxiMR+HWs   GKhjRUTtJIK1E2VTAwtCXNTHgRYIOSvG2EFBgIu2PYGDAT7aRgUO5vhOu6iTnyxaJGaNeFqCOEZEonZT   EQcaiTrqtUjUSh4BY/v6Ox/qg684HWtYEYxDroR8POhnTKpDAjQG9xYI3QHUHg9yroHzmYjPVTEmV0Vc   roqhXBWxuSqwXOXNdmMz3aw5aWQ++ubu7o+He1XLkFdsuyxqln97zGp6Hxk0oFG6vgljMgxxoJHEgV5I   PBq2r5uade2Kg42UEwVcDjFSy7HBwcanVMhuX15zrEcWNlOOG3U52Ei973oM9omnQ7OpXkqO9Mg6Zr2K   eHq7nM+m5J6Uw2LmbxGdKUwyJha1O4VJxsSiLj/BJHgsaufNRnEv+Q51WNzM6lgBfDgCoxEGDXiUnG0P   3RPUusFGca/I2JcrsibojcpNMZibIjo3RTA3Z7fL6fx2csPKUAOG3PohcNnUr3TzCQ162ZWnaxiMwqo2   XcNgFFaF6RqgKNQH40cIch2fb/My1qRBO/2htsGBRk4bgbQObTrTHzm5MOTmtTlYa9MuViQ+ZLJIxMrN   +BOKefUW/ew72jUMRmHd0a4Bi9Iwn+FCgqEY7B/SoE9y9VfUuIAuVhRmS6piwzMqErJyGi24rWL1PJA+   R1VmRV4ybuYOhJz0wX+PoT7CET8+GbJSn725MORm9eH83pss7dOr9t1o9TZdI+sk2qQNJIBj6JpU/YHj   P8Gom74G3GFhc775yZ2jAQ1wlDpr6jx7ziJDAZqBePQn4KABjtI+5WF0EADeiXCvzrkn9xFOFGSj1nlH   yHW1R9je3l1zqimPdu0PH3m/vOdgI3ETBANDfe/a7e2Z2o4O2cmHawQUcJyclSg5kibkEnbCYJ/g5ZnA   8kxE5ZnA82x+f7eYUneFMTnEyNitxGURM/mNShMMOOlrJTw6ZBdxehH260caG66+pcP2qOs/CQIx6G2R   RwfsEYkTTJmmPgj+VWsasdOrkBPnGNWuULznkhaJWYk1scFhRmptbIKAU786kjZNTZaeyJCVM36GBEMx   qONnSDAUgzqxBwngGNzXC3x80E9eNgsrgDjtaz2MY8lwAxClm3pklViDhcz0Scseg3zEFr5jANMp6VmZ   Z9GAnVXxIXVexFsgPg77z5Nsl+YFx92hsJdXpI5gwMmtAh1+IAKnAnT4UAR6B8THEX9E3WfjiF8OljiV   UY8iXv6bCKABi9LOh9A74JAAicFZT+ywgJnR9QF7PZwOD9zXoc9rnCjMRp18NUHUud0znVuo9RD8e0CE   7gERWzrFcOkUEaVTBEsnebX7EUJc5NXuJgg4GSvKe8zz6Xcf+e+YQwI8BvltSodFzMy3uX0c85P7aycO   MTJ6Vj2IOGPeRkYcoUhqw4J1qrZ9u6a+zRTwhCK2q05vD7tVVvPjmRY8Grswwe/+Op/yOn6QYjgOvfsH   KYbjsBa4BzwDETndTsAwEIX6fjDAIxFy3sXn2BXT+0InDjGqVvINbnJfE4gXfYu7EifWYvaZXvceIcBF   nlU/QrBrx3HtABexdLUI4KGWqo5xTcu7+VSfxcZ5vuHRqJ2esxaKenW7Qd6gBOAHIjyleRkVQgkGYhzq   Wp2Msia+RoFrxsVjbIkQNIWj0h/5QYLBGDoFiJ171DIQrSry9WvS8Eu4qwnHE01VR0XSgnAM2fyqBznE   HbMwSSjWeey9dT58b51Hl/HzEWU79ocM/47+3o6q8CxNMF5W11VEqrX8cAQ5zNs3T7FxWks42k/6OwOg   YSiKbGjb1apxoU6agXh7WXXkTVeFRIW0TGhU8qtpNop6yX0ak0St+0O9r4Tarf1Jdj+5F+5Y0Gh6aYps   fAUzzokPR4hpR8VwO6pfaubXMkc87I+oL8VgfWlsLBIRozMMROHXXic+GCGmHhaD9bCIrhnFiJpRfWdb   pI8R90XLByN0d2lEjM4QjNLku5gQCg/7yWtwAD4YoZ1yTtariCgnBxqp6/+p83XW35mRLAca6e+srpgB   FAp61cw2sw48oriXNcjrSNRaVNV31hC+h0E3c/SOjtyNvdY51YGJ435uCzkwymyHHDJvmVfewQE3r+9w   YjEzd70/JEBjqN/GLNwmjvv1aqOIAEd+IIIe7m2igrSKgTj99GtUrF6Dx2PP7xk0am+3NuLmSkcH7ewh   vC1AY7TVX8ydbSkG47DvctOARmE8iXbhATev7/A42G8oqlS1RW1p5iSRLQBj8MaZ2BhTb5bIbW16GHPH   1KliqE4VkXWqGKxTRXydKsbUqeJt6lQxtk4VUXWqGKhTzW0x92nzJJgxLEcgEm8EGx69xoz4wqM9EdXi   iIEWR8S2OGK4xRHxLY4Y0+KI6BZHjGhx4kbeQ6PumBFxeDQsYlpKEW4pY0fZwyNsxn6oJug4l/OHBfk0   9Z4CbZz60SJBK/nJfo+hPvpiSIfFzIz32BwWNdPX2TgsaqbX2g6Lmun3scOCZuqbZScKs7Fmjj3asf85   YZzPcoQAF/FRxp/QblHqj9TecMe4pul89ulbcj+ZT7625yYxHkdhksFYTboi7hWJOAYinSdPFbEAw4pQ   HFX51YybEJOEYtELpEuH7OSq2qOH7PSKG1YMxtlnWf0GsY6agXiMyh1WDMWhd/1hxVCcyNKMtSzWlzgP   eCFBKAZjih3gQxHI1bEDh9xqtoEvV/SQnfGiH+IYjBRXE58Ug3HyfWSUfD8iRpKKdXQcJRmMFVeLnRSD   cXTTnWciMtZRMxAvtiYTY2oyEV+TiTE1mfqSKptvEOukGYrHGcBjkqFY5AfooGEwCnmwAStCcXSnkTXQ   xTVOPPYbYIE3v/RHdaZf42NscuvjkF8nHltv0r6d/BYQ/J6a3v2f3k3tMdBHbmZ7zPHpNU78k1t9HPQz   ZpJM0HOqcOl34rRHj4G+dcqwrVPQRe+jGBxoJPdFegz0EfscRwhxkfsWJgg76c9yAk9w4nYhGdqBpPuc   0bxZJGilNzEG5xqJW0X7u0TLv5wWd5ObWBcG3Cwn4GK+FYy+DczYBQbcAYb6NrH/FrGuIeiTKj3m+OR/   bYzTXVL5L8YpMagFicZZJuSwrpmaIkBa6PmT9NA8VXKM/sp5PAcawlFkdUKdvwcN4SiMPAUNUBTme+fh   983bebOqmWwbTh4cScT6MdtS33GyUcjb7omRrPJGNIxLtnDIz35Bdujd94j9mYJ7M7Ufdnt5cMu5zUMR   mpVQl5AWj3R7z0LmQ75hlGlF+TbOxBW6O5X+oFqLPV2nKN+WGJufUp0mC5iPK0T0MqG0zlKy3zMMRaEe   lwUJRsRIsvI5Oo6SDMUin1MGGsZEif9JR0sg2rEnHZNNhgOIxHnbBH/7Luqdu4E37Tj7jcD7jETsLxLc   VyRiP5HgPiKx+4cM7xvC3y8ktE8Id38QfF+Q04Z1m2yj27mDSB8zjtxRYHH0vo/0qV+AByJwz9F+DJ6h   rT7lJ00oRbidzEAfk9/FDPUw9RrLIivJzo6DjPQd4NAdEB9j9nB5DO/dErez4tCuilE7Kg7spsjdSRHf   RVFt+8IutLtAqd3xi+0OL7c7NT2TpJt/0ZwnzPF5MwzkWS3QAEdR+cn1H9mAmXwMkwsPuMmHMkECNwat   IfXWOsh6I9/Qn4f0GOgjPw/pMcenX+44vtFA73j7OOqPcKNe/iXDV0tdKuKvDlHDTZnS9E1WTdBx7tNa   ZMm2rnbJ6rDdEmtBj3bt7T45ehqdJjZA2Flkz1lxnEnaZBy7owjFUZ8z+r6IA46kPzd2M+JEch2DkejL   PhHHUKQfh7TIt7lshuOi9R44otqTiT6D7cIBt74KnaPsCL1iKA5rWQ5qGYp2kI34G4W0VIG47a3BvrNc   hxuJXFWCdSRnH2pkD2ru0X/4qX+sHa2R3ay7eXPGIzqLdKzd2hO9yJkkNUHH2a5s4/TcLRKxMnruNgp5   +2FTWjxWdLnNhyM8p8UhiwmhBX4M1mwgvuOMiJjjEME5DsGdjRD4bIRgz0aIwGwEc/d4dOf4qP1fB/Z9   jdqRfmA3eu5O9Pgu9OQd6IHd51k7zyO7zvd31+ZAHAjbKOqlt3cO65qN7CIP3l045CYP3z16yE4ewIMG   L8p+X9Vqx6PTXC4xhsc7EVgzPsh8z/HP1K6MwbnGKjkejEAz9pxr1AtJ6V0Fg3OMjPWS4EpJxrvH4BvH   x/eEqZtVGRxu7HbXFI28mR+5ektix0ob3nl2JocbGc/bADzsJz53A/Cwn3iGHYB7fuaJbDbpWTknchkY   6uNlYvAsLudzehYGz+EyPycPRD3Ydj+/56x/7ynPxluNaYGek/HcvKcwG6MYeHDITSwEHhxyc56hwwY0   CrmguWxvTi/y5PP0djqf3CS3k6/TsVaXs42zewnPp4sFRXeCEFdye8XSSc4wrvKkyWRrv0o3yaF8UWtZ   m2wnO1JpPbp9DkrCsV7qqnyUHYTHXBAGl8MmIOq6qFZyFJbU5+/IcQw2aD6PMJ8HzRcR5oug+X2E+X3Q   /EuE+Zeg+UOE+UPIfMkXX4a8v/O9v4e86U++OP0ZMq/2fPNqHzRHXPMqeM3rCPM6aN7kfPMmD5ojrnkT   vGYRcc0idM0/dzt+FargsPs8xn0+4I668POhK4+79KFrv4iyXwzY30fZ3w/Yf4my/zJg/xBl/xC2RyX7   QKpHJfpAmkcl+UCKRyX4QHr/GuP+Nez+Lcb9W9h9GeO+DLt/j3FDPQg90Jbd5na3pE1eZ+vmuHqWHCsk   A2LrHSfiIvoKIE5Tpzv1bLvMyP4eBbzdiKPOmkNdktUWjdtFk46f1AThkLva89WV2bvLxPnF5eN6J/Ln   RP4j+T56rQOABr1JVq6Tn+cR+s6ARNlka5ZbcogxW690yFVRjV+yhRuwKPLznXhMfv7CC3HCh/yXcf5L   xP99s2WJJWcZLz78yi2HLhr00sshYkCi0MqhxSFGbjlEDFgUTjmE8CH/ZZz/EvHTyqHFWcZk3dS6fSKs   QnAw2/f0kqxXa/UD6td9Q1HapG9t6vcXx0/bvBVUPaDw4siSybjyjvJsXVlkGA3St/KMiK3dU6tNFGIx   8GnQfkxynt2gbXtZ8Uuby0LmyBKHSoBYjFJncoCRmyZ4ekSUE4hHIjDLCsRbEboK8Env4fUr6XBEmMbt   UfIht+zovz6Pf0KF8VCE7qPkqapLwvMNhLcilHkiv8Qo5jYIOekF3QYNpyjP1dYR3QKIpMjKx/GbFcK0   Y99USbpZkZQt4nhUB4Gy1t2CABepxJoQ4Koz0uHHLgcYRfpM1ynIcT1mslymRf53ttFLm5oqGX9kPG7w   oqjDSap8nckKqZCj/vGnQmI8EGGbZ8Um2Td094kErF3ZbauKbVXr0TRhRdGgyImZi3b5IWVjcA90nU22   S9bVbiX/Qr9JPNqx19lWP4ZXVZKeR9LzDZSTDQc0WDzVuFVlxovSwY5bRJZUMVhSm9d9t6Q8SWWOVTLH   MloM0OBEOTRr5v1skb11lWWHZFdtZBWnVhirC6gp26phvBEhr7oZSCG7hNTTY2Hatm83iXiqDoWevRu/   PgJAba/ab1CWV7V8VSVbdwHqT+lmQ/oFYZMdVX1IT6Oe8m1qZb78b6quwwxfmaRqA6TDSlYbpWhI5QRg   bfNmk7xU9fgdlEzGMq2r/StZ1UOWayM7e5zfanGWMfu5l/lOULWA5djmjZA3HPlHWpxtVO+37qqyeax2   GeEW8siQNRG7tCj47pa3IjymzVNWfyA4O8KyyCSp0/IxIyeoDdpO0XaR5V1Etjqo662zIm3y56x4VT0D   UrkEaMv+r3RdrXKCsAUsR7Hese4Zi7ONmRBJ85SWZmGYU9SgAIlBzS6HtKy7vCj0oh7ZySINPSA2YJY9   BdIJg6jAiVHm8pZLXvLN+NGhy9nGatOeGs0oHx4Lmqm5Z3GeUVa+ySqV3ZoL9iVDCjCOKprkKtKHPXfX   M3vX3u78MKgHi8hOMo9HI1DrP49FzSJb11kTFcBUeHEK8ZRv1RHZzDTyeCRCZICAf3coYhp3TOHF4fY3   PRY0c+qLE+cZD+e/sq/VYh2zvNXKdySfJmyLTGxWDWlynlFNIKS/EHUtBLsuOa5LwMXIBZPzjCpNiTKF   gB5Gx9VFPS/5BjwynolTQvzSUckyU+pXrFW3s1o959VByF6nzLB9JWSPgxBh0GVHLvU8B2s847GWeV+9   0HKtBSxHrcb9vPGGi/rers3R36GKTdY2Z5vDOpNJsyY5ewqzqQHUvki52hPu+EX+NyNtDcz2dS0tWWhy   gPGY3vofZK9FQ3be5QJXK9Zp09BK/RGxPXrilHxdJub4GvYIxWM9s2jkeGjNuFob9bwcIWD6UV/+TPQM   cZlSKn0bdJ301ryHYNclx3UJuOitucV5RmpreWI8EzlHj4xr+snO0p9onjJ6uHDv1moTyakH0Jb9wJ0U   OOAzAgfuwOGAjxpeyNO3L978baWeFwqhdlDcq0O2iq1+JDbaifB9hPVFnkwWt+fJx9kyWSyVYKwcQAHv   7HY5/Tydk6UdBxjvPv739GpJFraY4Vut9FBFzXCWo9eC2pRvO6zFRbLKqLoOA3zN9j1L2HGg8ZJhu7RN   6mm2+mtC2DXa5UyjPpGOnBcm5dvIeWFhgI+cFzYHGi8ZNjMvnlL5vwu9qeHr+ft3H5JqT8gRkA7ZRTa+   vYFpw64WGlV61dG6UOPCrFQLF0bXmBjfR9iom//qSr0yfz1dXM1n98vZ3e1YP0w7dl7duQnVnf2HX++5   2iMJWe/ubqaTW7qz5QDj9Pbh63Q+WU6vydIeBbzddgyz/51eL2fjd3LAeDwCM5UtGrDPJh+Y5hMJWWkt   6gZtUU+f3D7c3JB1CgJctNZ5g7XO/QdXyyn77jJhwH0v/76cfLyhl6wTGbIyL9rhgQiL6T8fprdX02Ry   +42sN2HQvWRql4hx+es5MyVOJGTlVAhILbD8ds9wSQhwPdzO/pzOF+w6xeGhCMsr1o/vOND46ZJ7uScU   8P45W8z494FFO/aH5RcJLr/JSu3TXddIkwJAAizGH9Nvs2ueXaOO99BU9+0RU3+MX83vk7b142Qxu0qu   7m5lck1k/UFKDQ+23VfT+XL2aXYlW+n7u5vZ1WxKsgO445/fJNezxTK5v6NeuYPa3usv+7ROd4IiPDKw   KSEsjXM5xziby/bubv6NfnM4qOtd3N9Mvi2nfy1pzhPm+brEJeo6CrORtuYCUMe7mPBuKQsMOMkZ78Ih   9/jNyiHWNx9WRb5mJMSR84zE0xttCrMxktQgUSs5MXvQdy5mn6k2iXgeRjV0hGzX9IpxVSfIdd2rCFlD   OIPC5Twj6yY0OdxILS8uGzDTyoyDul7GzXKCEBf9p6N3Sv8R9Udj98n0enY/mS+/USt0k3OMfy2nt9fT   a9V7Sh4Wk880r0fbds7ekBt0b0j3kwVX6fRdZovFgySY7a9P2/bb6XJxNbmfJov7PyZXFLNN4tYZVzpz   nHfLmexATj+RfEfIdt0tv0zn1Gw/Qbbr/o+rxfjdvHoCslBv754CbbQb+wT5rt+ont8AB+fH/Qb/tkt+   YwDgYT89ES8DrYL+XE3s/KlrJTXmJOttfNDPSiFfMRyHkVKeAYrCun7kijnX6F2VGrt+I2fdiYJs/3yY   3PCMR9Kxzu/++qYH3G3K6rZwQXzkgUqgWO3V0PUt5xjJHSeo18TrMmH9JVZnCekp8XrHWN84ojIM1YPs   KjBQ+3EGpMhodM4d6c/xkf48ZqQ/D4/05xEj/XlwpD9njvTn6Ejf/ISTDCYbMNMTwUA9b3K/WCRyIDH5   uiBqDRKwkuuiOTLjMWfPeMwDMx5z7ozHHJ/xeFjInq7uOlOEPWXb1C79FI/6vm9IJjef7+ZUT0thtgVP   t4B8y+V89vFhOaUrjyRkffiL7nv4CzDpVpyjO4KQU/YK6D4JQa75DV01v4FN5H61BSJO4j1rcoiRdr8a   GOBjdfBsMmRd8LXQ3UIde58gxJVMb5fzbyxjiwJeesVvYICPcBaYycAmXgk/goiTU8I7DjEySniLgb4/   7/6gLSwyOcBInD4/MoDpzwm99pIMYOLkAZz+jLS30l2kid4DZpeNf0nCgmyXPrI82dOfNABsb87WyedP   3YvM6Wb0gkEHg32bVcHxSQz2bbMi23WHwr824w+SDjlCkXaHgh9CwiG3+FHz3RIOuZsqNn2OBjjKY10d   9on8cz7+bE2MD0Wg7NwA0yG73lzqUI/f+S2ggOOoK0j2daZel+QEMXk4ArOEomVTLf1VuyYwpZoNmZv1   E18tYdwdkcwGHvDrkXPcTzAdXiR5MzTqdNB1tcnUm3xFWqv9aKg3Mabx4ol8ty/08bnJz2RdVfUmL9OG   mvOIBYsWWYMjlnA0Zm0IOrBIETUiYAhHeWTWW7AkHItRA3t8OIJ4i18jhn6N3huE+UtaFjWLJFU1tcq5   5pUZwXIEIlVlTFoZAiyG3v5Q78rGC9Hz4Qj8ctXz4QiqSMi7Ni5jQFUwrkiyH4e0iAjXGawo6Vb9V7fr   V1qSY4A8FKF965tubjnIKBPuGJauNWDbTR1WmYxlWuWP5UHX77qiJ/gcErG2LTBL26KWN6KxDrbQqutz   aLLk5XbyieI0MMvXNpq04eSJAUzU8m5QgI3V/Qj2OdoPy+yRLJQMZJL1tNqqN9ml4jvdadKAnXyTmxjk   O6zossMKMKluli7/ZN+JRKys3AZ7farnZN5Iatdgqh51DEYi1ye4xI6l+1Fl9kJRHxnL9JSKJ5Vyup+R   7N9f/pL83Kn9ftMP5xeJEC+HZFOn2+bdb4RQ46XgtXTjIJfjX0dYaF0DcxIAHfufGnF5GW0zSbD68ICb   PODFFFac/ffsldp+nxjbpHtoulo+lCqt6kyIjNLuIAYgit65i3r/uWjQS517AfmhCLT8hAXhGPTSjikG   4uj5lKgw2jAmSnzCobM/x1EGsVU2MdDXHG/AvvYXDD+kAeIxWlkbtJ1t/jNSxQItp9ptrdLdI907It/K   IG9F6HKa1vHtIcilO7HU4wEQHPKzOsMei5rpmwGiAihGXj6/i4rhCMAYgnT6hgdCTnsHVrra5qEItMFI   D0Gudu8/uq7lICP5trY40EgahPQQ5GJUZQ6JWGOyHNkdE/mCKtj8WgNV2XHbeTGRbrupK0ogl7XN7XxY   /E0e8gQivklSjjOaV6Ge1As5ik1e8uZJtTPr9mij72X1Uv7/1s6guVFcC6P7+SdvNyGTyZvtq9l0VVdN   ldM1W4qAElOxgUbY7fSvfxLYwJXuxXyX3qUC58jICAsJPqVZZX+YFgotA5TzzzHMIv1Mnv5Ms/MlGbMg  
   gTslUSGUgyb9srDghi6FlBOMrh+07RPPBQtl+MzCTWXcBEIZQwcM6q5w9D07fJ+6IFksq6hPwDpfokAo   43YOP6kKGOk79udNdql9bTqTmLOoSJ6eHv5SDMSHYOzEBwdCcHL6QLP3ftDGXYXW+gjEufqINNzWY5zP   ry2K6zzF2ay15hHX9Vjgc5+3g2vuBnEuvOYmjPPBNTdSnA2vuQmjvn70Dqy4G8OY4GqbKMaGVtoIMS64   yiZqspVJtiFbkKcDuy5bj0EZL5giF3KMEUt+CzDGhyXjBNjcl2tTGhmU8cI1mYs1WWw6o4o7Z1Shr4di   qR4KZVplTHJWLK0y5BijpkUVSy2q2JRWKfFyCcpaFtIqx+1wWmVMcla0dRRLrQNNqyQQ40KvWYV0zSr0   aZUszLjhtMqYXLIqP7SYVjnuoUmrZGHW/U2p/SYY4bTKmOSsmguCcBVA0ioJxLiUaZUSz5WApVWGHGtE   0yoZlPGq0ip5OrBvSasUBVIZUFolg1KvOleShal7Q66kgAd+Xa4kg1Ivmis5Z3gT8v5XyAVGXa4kg4Ze   OFcywCIfmGtFKckGvWPKoIFXkzYRgQtO+IuX0ybizetfBeTY2IymTYRcZARftqWUZFNUKZuyEGyDK5NL   WbhtAl5BnSGRR3EZinMl/b/hXEkChS48VzLkIqOqEfK5kuEW9HyRcyWjrdg5I+ZKDhsVjYXJlST/xg9d   bCmaXMmQC4yKXMmQC4zqXEmepnZNrmTIycYXrTLou+hzJXma2nW5kjEpW79opV8CJ5orSSDqgnMlCURd   WK7kRHAWtHlzuZKz/2MNm8mVvP37GfU8Mw7NwT3zxzZLbvxSvdUaM6O4Xw5eobFhsZSNR3L3KLYdwd1P   X5XF1iO4Ku6Xs+1IBgNTii7zU8Dv+lW1tZT5Ke2kqK2FzM9pH9XnFz6x5jNGnwrO/KQUZ0MzP2MysG7N   /FyUcGVhmZ8hFxjhTi3Xo9V1Z6W+rKojK/RidXcu0n3Lhkv70lVdfUFfuJZrBguEkYKddhRmJ4/C7LaM   wuyWR2F2G0ZhdoujMDvlKMxOHIXRZn5y7IIZrwQ28/O6UZH5GZOMFb4W7YTRqJ16NGq3MBq1045G7eTR   KDzzk1LUhmR+3vaPDVjmJ6Uk24tO98L50MzPmOSs60M65wxjQjM/I5BzApmfBOJcu6+4aveVN8H9aiHz   k2wC2yyf+Um2YO2VzfwkG7pXqxI6jjGquoxSimi87UWv5dofOtLCpIiSf2MpogzKePGfEjZFdNwApIjO   Gd6kazNxiijZpGkzUYoo2aJoM2GK6GwDlCIacowRnCyJU0TH/wIponOGMWm+A77+FXXP1rvmOhVdo1qj   vvAFKO/1Z43Se0V5r9IZ+Go/MYR3+gk291n9U5B26SnIaGMKPqwmCJgy4GcKrfhMod3y3J5dfm6v0z1j   2EnPGJ71z++el57fPSvnrs7i3NVZO3d1luauPv5Xt2X17vZ2NzMv39vu24/V1zqOXTZ/NdUWucNn/n8a   U/nNJrN19dL5vf/Oumx1AQIvlfBvdjitfwuYY5fNSN3w+OQ/mLM59O/JVXWx+hU4SoU296dGN2KT71j8   kb4e6vwjLVx9+1cTzerkBY6dm5+uWzN7VNl5fiqhHhaqRH83AmzyNR+5fUjSsjNt1pV1ZdMsz03TZcCr   i0uOqCT/Wtz7+lONUpGteTWpqfL2s8FiHAWc+p/7c9G/sGyK/stA7BEcupustSbdmww4P2KSWv/bH1Fh   +iNCpAScOY+vXf1hqtRcmgd3Zrq2tNoao5I3P5Sm6vrvGA8AWaGSynUnlD9jjd9dV9zcIJfSpfv+NXf/   Zru7yGuLCjRSeaW1J9P+ktpkVVK5rTsfdcV4UrL6BqSzelKynqoN5/IV5t2JvpUk6aL3l7WSBGklyeZW   kqxoJcmvaSXJ2laS/LpWkiCtJFG3kmShlSTqVpIstJJkSytJmFZSu77HZ5pn+d4MvTLoJ5WlJXtrjE7s   QMFpTadSOk42psesaZCTXeCjEvquo6IaRo43ApGcARb5fJe8zwHGnXOU9yqOfOR44xEJ3ItA4vxMd9+R   tTJmyOTx8W/+OvfhGlqfW/R6ensz/h7SdWh9x3t1s71vmpWqWUWo5VcRaqeVgIYsQuD3hWOp2f2Z+TgE   sC/MoLy3GSbz085Vn3W1d9SUEEn4svrIpDb7oSnixkrmn0Zn/WmoEc5JIRBx/Uwffk/+SN+zbm/apz6x   CZAyNGf3eUc6843krJX7DpPW3fDp1ATn/G5b4ndS+gnO+W2edZ2+0gnO+r+3WvWVnKw2KVWjxiHHGDWj   xiw8c++zB/WgEwsTtw9G2mDncOL3edIb/Bw+87t/G9NAK33MmcB0MOvXIhgBxpE2XQt7PERdpwaRnBpC   vwH97+vulAc6QtfdCV9WFliqZgSow6a2bjuDHMjIEBPQVRz2Dum0Oh0OmKJHqGf9igDD3oRuauR8cHuH   NPqd3hDW4+7VFCpHUdtp/UJT190JD9xbDXuHdH838HaqckwzYtS3L9+gz+P3p4YaajN+d8Kf/YwKIOj3   JwYkI/i6+8R3/ivu77HXr/cxZybT+fajiM9tMij1auY2Q042vmiVL7ITaGwMOvM+ppnvOZerr6gTQS2H   DjEcOkK/5nVlAb7fnxhyd2uLGPr9qaE9+PzaAlh+iFKRDbi6T0RkafuZUVA0QKGrwCz0G3adEtffcv8G   JCNDTObSpR8nQDMAxOF+O+ze2A78QHOM+MqiATRub0pXbzWCu90Dfl+++pTE6hP6GDOM+HwDPdnsHTmT   R4aYquzoF0iobNdmfhE3QBii1GvTMntKD6VFrhszKrDlQN9yBIijzm3jZ5vdGYJ8B3Ms9lV1P7aE+q4Y   8TV5CWjc3pS+DveqvskY5tzXAWSF+EYSqwUblY1alYV/2Wz0y1Y37ZtiMi7kWOOmabh7HrZEzQScgLP+   TVNh9zxsicgkWICxPmT6K8BYHzjxFZMza5MZm+av+e05k9XSEIycXfuYjE+v9KMrFpQzhrAUcPycQKFL   VQPC0fu7t2sxULvgYM59qxWVewZP7osypPwiZpRft7wbJDSfQJzLt92+6aLLTCwouHKah+bBr0TRJHgB   E7toftxgfmTNj/26f376VVHhc5qzD6tz+BRv3D2xy2ZoUTdRcKcMe8wOB3ThtfsmttT1K+0QiHN1NfTT   F4GRE54Uu4hrB1y32Bxc/yjkZsan3//697F/SrEfPxquMLZ/Dnm1fcFBS0qL8t3fwvXzkdnhvW7Lbn9E   yuENfCln05Zvn9AToQIe+JvWL8zRz11am2I5baIgKKOf3O4u/VXIYnaKMl5fqL8GdRfYO6HU60eGkjIt   G+RHKOAi4/Dr4YrbmwsonaORd3hyxlw6U9kSGL4S8MjvyoQX7GLQyHuo6w/rbqE/TFq4+2l/lw7qGUNU   ynDzD1yyKfaf3/4P5m1j6i2mBAA= EOF  # We are renaming openssl to openssl_grpc so that there is no conflict with openssl if it exists find . -type f \( -path '*.h' -or -path '*.cc' -or -path '*.c' \) -print0 | xargs -0 -L1 sed -E -i'.grpc_back' 's;#include <openssl/;#include <openssl_grpc/;g'  # Include of boringssl_prefix_symbols.h does not follow Xcode import style. We add the package # name here so that Xcode knows where to find it. find . -type f \( -path '*.h' -or -path '*.cc' -or -path '*.c' \) -print0 | xargs -0 -L1 sed -E -i'.grpc_back' 's;#include <boringssl_prefix_symbols.h>;#include <openssl_grpc/boringssl_prefix_symbols.h>;g'
  > Copying BoringSSL-GRPC from `/Users/gr0nk/Library/Caches/CocoaPods/Pods/Release/BoringSSL-GRPC/0.0.24-3175b` to `Pods/BoringSSL-GRPC`

-> Installing DoubleConversion (1.1.6)
 > Git download
 > Git download
     $ /usr/bin/git clone https://github.com/google/double-conversion.git /var/folders/3n/wjddhk5s4b9_8vrk72p0c4gc0000gn/T/d20250109-94496-cmeybn --template= --single-branch --depth 1 --branch v1.1.6
     Cloning into '/var/folders/3n/wjddhk5s4b9_8vrk72p0c4gc0000gn/T/d20250109-94496-cmeybn'...
     Note: switching to '361924fb61c043627d4179e941a102d543f6efa0'.
     
     You are in 'detached HEAD' state. You can look around, make experimental
     changes and commit them, and you can discard any commits you make in this
     state without impacting any branches by switching back to a branch.
     
     If you want to create a new branch to retain commits you create, you may
     do so (now or later) by using -c with the switch command. Example:
     
       git switch -c <new-branch-name>
     
     Or undo this operation with:
     
       git switch -
     
     Turn off this advice by setting config variable advice.detachedHead to false
     
  $ /usr/bin/rsync -a --exclude=.git --delete /var/folders/3n/wjddhk5s4b9_8vrk72p0c4gc0000gn/T/d20250109-94496-cmeybn/ /Users/gr0nk/Library/Caches/CocoaPods/Pods/External/DoubleConversion/77f51e588bfe0e5c4fa6e9c580da62c6-5189b
 > Running prepare command
   $ /bin/bash -c  set -e mv src double-conversion
  > Copying DoubleConversion from `/Users/gr0nk/Library/Caches/CocoaPods/Pods/External/DoubleConversion/77f51e588bfe0e5c4fa6e9c580da62c6-5189b` to `Pods/DoubleConversion`

-> Installing EASClient (0.6.0)

-> Installing EXApplication (5.3.1)

-> Installing EXConstants (14.4.2)

-> Installing EXFileSystem (15.4.4)

-> Installing EXFont (11.4.0)

-> Installing EXJSONUtils (0.7.1)

-> Installing EXManifests (0.7.2)

-> Installing EXNotifications (0.20.1)

-> Installing EXSplashScreen (0.20.5)

-> Installing EXStructuredHeaders (3.3.0)

-> Installing EXUpdates (0.18.13)

-> Installing EXUpdatesInterface (0.10.1)

-> Installing Expo (49.0.11)

-> Installing ExpoKeepAwake (12.3.0)

-> Installing ExpoModulesCore (1.5.11)

-> Installing ExpoSQLite (11.3.3)

-> Installing FBLazyVector (0.72.3)

-> Installing FBReactNativeSpec (0.72.3)
 > Running prepare command
   $ /bin/bash -c  set -e mkdir -p ../../../../ios/build/generated/ios/./FBReactNativeSpec && touch -a ../../../../ios/build/generated/ios/./FBReactNativeSpec/FBReactNativeSpec.h ../../../../ios/build/generated/ios/./FBReactNativeSpec/FBReactNativeSpec-generated.mm

-> Installing Firebase (10.15.0)
 > Git download
 > Git download
     $ /usr/bin/git clone https://github.com/firebase/firebase-ios-sdk.git /var/folders/3n/wjddhk5s4b9_8vrk72p0c4gc0000gn/T/d20250109-94496-hprbwg --template= --single-branch --depth 1 --branch CocoaPods-10.15.0
     Cloning into '/var/folders/3n/wjddhk5s4b9_8vrk72p0c4gc0000gn/T/d20250109-94496-hprbwg'...
     Note: switching to '8a8ec57a272e0d31480fb0893dda0cf4f769b57e'.
     
     You are in 'detached HEAD' state. You can look around, make experimental
     changes and commit them, and you can discard any commits you make in this
     state without impacting any branches by switching back to a branch.
     
     If you want to create a new branch to retain commits you create, you may
     do so (now or later) by using -c with the switch command. Example:
     
       git switch -c <new-branch-name>
     
     Or undo this operation with:
     
       git switch -
     
     Turn off this advice by setting config variable advice.detachedHead to false
     
  $ /usr/bin/rsync -a --exclude=.git --delete /var/folders/3n/wjddhk5s4b9_8vrk72p0c4gc0000gn/T/d20250109-94496-hprbwg/ /Users/gr0nk/Library/Caches/CocoaPods/Pods/Release/Firebase/10.15.0-66043
  > Copying Firebase from `/Users/gr0nk/Library/Caches/CocoaPods/Pods/Release/Firebase/10.15.0-66043` to `Pods/Firebase`

-> Installing FirebaseAnalytics (10.15.0)
 > Http download
   $ /usr/bin/curl -f -L -o /var/folders/3n/wjddhk5s4b9_8vrk72p0c4gc0000gn/T/d20250109-94496-rfbct5/file.tgz https://dl.google.com/firebase/ios/analytics/21728684ab4e9139/FirebaseAnalytics-10.13.0.tar.gz --create-dirs --netrc-optional --retry 2 -A 'CocoaPods/1.16.2 cocoapods-downloader/2.1'
     % Total    % Received % Xferd  Average Speed   Time    Time     Time  Current
                                    Dload  Upload   Total   Spent    Left  Speed
        0     0    0     0    0     0      0      0 --:--:-- --:--:-- --:--:--     0     0     0    0     0    0     0      0      0 --:--:-- --:--:-- --:--:--     0   100  382k  100  382k    0     0   727k      0 --:--:-- --:--:-- --:--:--  726k
   $ /usr/bin/tar xf /var/folders/3n/wjddhk5s4b9_8vrk72p0c4gc0000gn/T/d20250109-94496-rfbct5/file.tgz -C /var/folders/3n/wjddhk5s4b9_8vrk72p0c4gc0000gn/T/d20250109-94496-rfbct5
  $ /usr/bin/rsync -a --exclude=.git --delete /var/folders/3n/wjddhk5s4b9_8vrk72p0c4gc0000gn/T/d20250109-94496-rfbct5/ /Users/gr0nk/Library/Caches/CocoaPods/Pods/Release/FirebaseAnalytics/10.15.0-47cef
  > Copying FirebaseAnalytics from `/Users/gr0nk/Library/Caches/CocoaPods/Pods/Release/FirebaseAnalytics/10.15.0-47cef` to `Pods/FirebaseAnalytics`

-> Installing FirebaseCore (10.15.0)
 > Git download
 > Git download
     $ /usr/bin/git clone https://github.com/firebase/firebase-ios-sdk.git /var/folders/3n/wjddhk5s4b9_8vrk72p0c4gc0000gn/T/d20250109-94496-6c31nd --template= --single-branch --depth 1 --branch CocoaPods-10.15.0
     Cloning into '/var/folders/3n/wjddhk5s4b9_8vrk72p0c4gc0000gn/T/d20250109-94496-6c31nd'...
     Note: switching to '8a8ec57a272e0d31480fb0893dda0cf4f769b57e'.
     
     You are in 'detached HEAD' state. You can look around, make experimental
     changes and commit them, and you can discard any commits you make in this
     state without impacting any branches by switching back to a branch.
     
     If you want to create a new branch to retain commits you create, you may
     do so (now or later) by using -c with the switch command. Example:
     
       git switch -c <new-branch-name>
     
     Or undo this operation with:
     
       git switch -
     
     Turn off this advice by setting config variable advice.detachedHead to false
     
  $ /usr/bin/rsync -a --exclude=.git --delete /var/folders/3n/wjddhk5s4b9_8vrk72p0c4gc0000gn/T/d20250109-94496-6c31nd/ /Users/gr0nk/Library/Caches/CocoaPods/Pods/Release/FirebaseCore/10.15.0-2cec5
  > Copying FirebaseCore from `/Users/gr0nk/Library/Caches/CocoaPods/Pods/Release/FirebaseCore/10.15.0-2cec5` to `Pods/FirebaseCore`

-> Installing FirebaseCoreInternal (10.29.0)
 > Git download
 > Git download
     $ /usr/bin/git clone https://github.com/firebase/firebase-ios-sdk.git /var/folders/3n/wjddhk5s4b9_8vrk72p0c4gc0000gn/T/d20250109-94496-bp2013 --template= --single-branch --depth 1 --branch CocoaPods-10.29.0
     Cloning into '/var/folders/3n/wjddhk5s4b9_8vrk72p0c4gc0000gn/T/d20250109-94496-bp2013'...
     Note: switching to 'eca84fd638116dd6adb633b5a3f31cc7befcbb7d'.
     
     You are in 'detached HEAD' state. You can look around, make experimental
     changes and commit them, and you can discard any commits you make in this
     state without impacting any branches by switching back to a branch.
     
     If you want to create a new branch to retain commits you create, you may
     do so (now or later) by using -c with the switch command. Example:
     
       git switch -c <new-branch-name>
     
     Or undo this operation with:
     
       git switch -
     
     Turn off this advice by setting config variable advice.detachedHead to false
     
  $ /usr/bin/rsync -a --exclude=.git --delete /var/folders/3n/wjddhk5s4b9_8vrk72p0c4gc0000gn/T/d20250109-94496-bp2013/ /Users/gr0nk/Library/Caches/CocoaPods/Pods/Release/FirebaseCoreInternal/10.29.0-df84d
  > Copying FirebaseCoreInternal from `/Users/gr0nk/Library/Caches/CocoaPods/Pods/Release/FirebaseCoreInternal/10.29.0-df84d` to `Pods/FirebaseCoreInternal`

-> Installing FirebaseFirestore (10.15.0)
 > Git download
 > Git download
     $ /usr/bin/git clone https://github.com/firebase/firebase-ios-sdk.git /var/folders/3n/wjddhk5s4b9_8vrk72p0c4gc0000gn/T/d20250109-94496-g49y3x --template= --single-branch --depth 1 --branch CocoaPods-10.15.0
     Cloning into '/var/folders/3n/wjddhk5s4b9_8vrk72p0c4gc0000gn/T/d20250109-94496-g49y3x'...
     Note: switching to '8a8ec57a272e0d31480fb0893dda0cf4f769b57e'.
     
     You are in 'detached HEAD' state. You can look around, make experimental
     changes and commit them, and you can discard any commits you make in this
     state without impacting any branches by switching back to a branch.
     
     If you want to create a new branch to retain commits you create, you may
     do so (now or later) by using -c with the switch command. Example:
     
       git switch -c <new-branch-name>
     
     Or undo this operation with:
     
       git switch -
     
     Turn off this advice by setting config variable advice.detachedHead to false
     
  $ /usr/bin/rsync -a --exclude=.git --delete /var/folders/3n/wjddhk5s4b9_8vrk72p0c4gc0000gn/T/d20250109-94496-g49y3x/ /Users/gr0nk/Library/Caches/CocoaPods/Pods/Release/FirebaseFirestore/10.15.0-b4c0e
  > Copying FirebaseFirestore from `/Users/gr0nk/Library/Caches/CocoaPods/Pods/Release/FirebaseFirestore/10.15.0-b4c0e` to `Pods/FirebaseFirestore`

-> Installing FirebaseInstallations (10.29.0)
 > Git download
 > Git download
     $ /usr/bin/git clone https://github.com/firebase/firebase-ios-sdk.git /var/folders/3n/wjddhk5s4b9_8vrk72p0c4gc0000gn/T/d20250109-94496-g0c7oq --template= --single-branch --depth 1 --branch CocoaPods-10.29.0
     Cloning into '/var/folders/3n/wjddhk5s4b9_8vrk72p0c4gc0000gn/T/d20250109-94496-g0c7oq'...
     Note: switching to 'eca84fd638116dd6adb633b5a3f31cc7befcbb7d'.
     
     You are in 'detached HEAD' state. You can look around, make experimental
     changes and commit them, and you can discard any commits you make in this
     state without impacting any branches by switching back to a branch.
     
     If you want to create a new branch to retain commits you create, you may
     do so (now or later) by using -c with the switch command. Example:
     
       git switch -c <new-branch-name>
     
     Or undo this operation with:
     
       git switch -
     
     Turn off this advice by setting config variable advice.detachedHead to false
     
  $ /usr/bin/rsync -a --exclude=.git --delete /var/folders/3n/wjddhk5s4b9_8vrk72p0c4gc0000gn/T/d20250109-94496-g0c7oq/ /Users/gr0nk/Library/Caches/CocoaPods/Pods/Release/FirebaseInstallations/10.29.0-913cf
  > Copying FirebaseInstallations from `/Users/gr0nk/Library/Caches/CocoaPods/Pods/Release/FirebaseInstallations/10.29.0-913cf` to `Pods/FirebaseInstallations`

-> Installing GoogleAppMeasurement (10.15.0)
 > Http download
   $ /usr/bin/curl -f -L -o /var/folders/3n/wjddhk5s4b9_8vrk72p0c4gc0000gn/T/d20250109-94496-q9kmml/file.tgz https://dl.google.com/firebase/ios/analytics/6575dde9ed8f9ac8/GoogleAppMeasurement-10.13.0.tar.gz --create-dirs --netrc-optional --retry 2 -A 'CocoaPods/1.16.2 cocoapods-downloader/2.1'
     % Total    % Received % Xferd  Average Speed   Time    Time     Time  Current
                                    Dload  Upload   Total   Spent    Left  Speed
        0     0    0     0    0     0      0      0 --:--:-- --:--:-- --:--:--     0    27 9209k   27 2543k    0     0  3399k      0  0:00:02 --:--:--  0:00:02 3396k   100 9209k  100 9209k    0     0  5787k      0  0:00:01  0:00:01 --:--:-- 5788k
   $ /usr/bin/tar xf /var/folders/3n/wjddhk5s4b9_8vrk72p0c4gc0000gn/T/d20250109-94496-q9kmml/file.tgz -C /var/folders/3n/wjddhk5s4b9_8vrk72p0c4gc0000gn/T/d20250109-94496-q9kmml
  $ /usr/bin/rsync -a --exclude=.git --delete /var/folders/3n/wjddhk5s4b9_8vrk72p0c4gc0000gn/T/d20250109-94496-q9kmml/ /Users/gr0nk/Library/Caches/CocoaPods/Pods/Release/GoogleAppMeasurement/10.15.0-722db
  > Copying GoogleAppMeasurement from `/Users/gr0nk/Library/Caches/CocoaPods/Pods/Release/GoogleAppMeasurement/10.15.0-722db` to `Pods/GoogleAppMeasurement`

-> Installing GoogleUtilities (7.13.3)
 > Git download
 > Git download
     $ /usr/bin/git clone https://github.com/google/GoogleUtilities.git /var/folders/3n/wjddhk5s4b9_8vrk72p0c4gc0000gn/T/d20250109-94496-7w5054 --template= --single-branch --depth 1 --branch CocoaPods-7.13.3
     Cloning into '/var/folders/3n/wjddhk5s4b9_8vrk72p0c4gc0000gn/T/d20250109-94496-7w5054'...
     Note: switching to '57a1d307f42df690fdef2637f3e5b776da02aad6'.
     
     You are in 'detached HEAD' state. You can look around, make experimental
     changes and commit them, and you can discard any commits you make in this
     state without impacting any branches by switching back to a branch.
     
     If you want to create a new branch to retain commits you create, you may
     do so (now or later) by using -c with the switch command. Example:
     
       git switch -c <new-branch-name>
     
     Or undo this operation with:
     
       git switch -
     
     Turn off this advice by setting config variable advice.detachedHead to false
     
  $ /usr/bin/rsync -a --exclude=.git --delete /var/folders/3n/wjddhk5s4b9_8vrk72p0c4gc0000gn/T/d20250109-94496-7w5054/ /Users/gr0nk/Library/Caches/CocoaPods/Pods/Release/GoogleUtilities/7.13.3-ea963
  > Copying GoogleUtilities from `/Users/gr0nk/Library/Caches/CocoaPods/Pods/Release/GoogleUtilities/7.13.3-ea963` to `Pods/GoogleUtilities`

-> Installing PromisesObjC (2.4.0)
 > Git download
 > Git download
     $ /usr/bin/git clone https://github.com/google/promises.git /var/folders/3n/wjddhk5s4b9_8vrk72p0c4gc0000gn/T/d20250109-94496-op7yc2 --template= --single-branch --depth 1 --branch 2.4.0
     Cloning into '/var/folders/3n/wjddhk5s4b9_8vrk72p0c4gc0000gn/T/d20250109-94496-op7yc2'...
     Note: switching to '540318ecedd63d883069ae7f1ed811a2df00b6ac'.
     
     You are in 'detached HEAD' state. You can look around, make experimental
     changes and commit them, and you can discard any commits you make in this
     state without impacting any branches by switching back to a branch.
     
     If you want to create a new branch to retain commits you create, you may
     do so (now or later) by using -c with the switch command. Example:
     
       git switch -c <new-branch-name>
     
     Or undo this operation with:
     
       git switch -
     
     Turn off this advice by setting config variable advice.detachedHead to false
     
  $ /usr/bin/rsync -a --exclude=.git --delete /var/folders/3n/wjddhk5s4b9_8vrk72p0c4gc0000gn/T/d20250109-94496-op7yc2/ /Users/gr0nk/Library/Caches/CocoaPods/Pods/Release/PromisesObjC/2.4.0-f5707
  > Copying PromisesObjC from `/Users/gr0nk/Library/Caches/CocoaPods/Pods/Release/PromisesObjC/2.4.0-f5707` to `Pods/PromisesObjC`

-> Installing RCT-Folly (2021.07.22.00)
 > Git download
 > Git download
     $ /usr/bin/git clone https://github.com/facebook/folly.git /var/folders/3n/wjddhk5s4b9_8vrk72p0c4gc0000gn/T/d20250109-94496-disvej --template= --single-branch --depth 1 --branch v2021.07.22.00
     Cloning into '/var/folders/3n/wjddhk5s4b9_8vrk72p0c4gc0000gn/T/d20250109-94496-disvej'...
     Note: switching to '4baba28200d7446c870e96f3cdbeb492f54625d0'.
     
     You are in 'detached HEAD' state. You can look around, make experimental
     changes and commit them, and you can discard any commits you make in this
     state without impacting any branches by switching back to a branch.
     
     If you want to create a new branch to retain commits you create, you may
     do so (now or later) by using -c with the switch command. Example:
     
       git switch -c <new-branch-name>
     
     Or undo this operation with:
     
       git switch -
     
     Turn off this advice by setting config variable advice.detachedHead to false
     
  $ /usr/bin/rsync -a --exclude=.git --delete /var/folders/3n/wjddhk5s4b9_8vrk72p0c4gc0000gn/T/d20250109-94496-disvej/ /Users/gr0nk/Library/Caches/CocoaPods/Pods/External/RCT-Folly/b957572a7e21d425b31cc1761b00a672-8dc08
  > Copying RCT-Folly from `/Users/gr0nk/Library/Caches/CocoaPods/Pods/External/RCT-Folly/b957572a7e21d425b31cc1761b00a672-8dc08` to `Pods/RCT-Folly`

-> Installing RCTRequired (0.72.3)

-> Installing RCTTypeSafety (0.72.3)

-> Installing RCTYouTube (2.0.2)

-> Installing RNCAsyncStorage (1.19.3)

-> Installing RNCPicker (2.4.10)

-> Installing RNDateTimePicker (7.2.0)

-> Installing RNFBAnalytics (18.5.0)

-> Installing RNFBApp (18.6.0)

-> Installing RNFBFirestore (18.6.0)

-> Installing RNGestureHandler (2.12.1)

-> Installing RNInAppBrowser (3.7.0)

-> Installing RNRate (1.2.12)

-> Installing RNReactNativeHapticFeedback (2.2.0)

-> Installing RNReanimated (3.3.0)

-> Installing RNScreens (3.22.1)

-> Installing ReachabilitySwift (5.2.4)
 > Git download
 > Git download
     $ /usr/bin/git clone https://github.com/ashleymills/Reachability.swift.git /var/folders/3n/wjddhk5s4b9_8vrk72p0c4gc0000gn/T/d20250109-94496-etutr0 --template= --single-branch --depth 1 --branch v5.2.4
     Cloning into '/var/folders/3n/wjddhk5s4b9_8vrk72p0c4gc0000gn/T/d20250109-94496-etutr0'...
     Note: switching to '21d1dc412cfecbe6e34f1f4c4eb88d3f912654a6'.
     
     You are in 'detached HEAD' state. You can look around, make experimental
     changes and commit them, and you can discard any commits you make in this
     state without impacting any branches by switching back to a branch.
     
     If you want to create a new branch to retain commits you create, you may
     do so (now or later) by using -c with the switch command. Example:
     
       git switch -c <new-branch-name>
     
     Or undo this operation with:
     
       git switch -
     
     Turn off this advice by setting config variable advice.detachedHead to false
     
  $ /usr/bin/rsync -a --exclude=.git --delete /var/folders/3n/wjddhk5s4b9_8vrk72p0c4gc0000gn/T/d20250109-94496-etutr0/ /Users/gr0nk/Library/Caches/CocoaPods/Pods/Release/ReachabilitySwift/5.2.4-32793
  > Copying ReachabilitySwift from `/Users/gr0nk/Library/Caches/CocoaPods/Pods/Release/ReachabilitySwift/5.2.4-32793` to `Pods/ReachabilitySwift`

-> Installing React (0.72.3)

-> Installing React-Codegen (0.72.3)

-> Installing React-Core (0.72.3)

-> Installing React-CoreModules (0.72.3)

-> Installing React-NativeModulesApple (0.72.3)

-> Installing React-RCTActionSheet (0.72.3)

-> Installing React-RCTAnimation (0.72.3)

-> Installing React-RCTAppDelegate (0.72.3)

-> Installing React-RCTBlob (0.72.3)

-> Installing React-RCTImage (0.72.3)

-> Installing React-RCTLinking (0.72.3)

-> Installing React-RCTNetwork (0.72.3)

-> Installing React-RCTSettings (0.72.3)

-> Installing React-RCTText (0.72.3)

-> Installing React-RCTVibration (0.72.3)

-> Installing React-callinvoker (0.72.3)

-> Installing React-cxxreact (0.72.3)

-> Installing React-debug (0.72.3)

-> Installing React-jsc (0.72.3)

-> Installing React-jsi (0.72.3)

-> Installing React-jsiexecutor (0.72.3)

-> Installing React-jsinspector (0.72.3)

-> Installing React-logger (0.72.3)

-> Installing React-perflogger (0.72.3)

-> Installing React-rncore (0.72.3)
 > Running prepare command
   $ /bin/bash -c  set -e mkdir -p ../../../ios/../node_modules/react-native/ReactCommon/react/renderer/components/rncore && touch -a ../../../ios/../node_modules/react-native/ReactCommon/react/renderer/components/rncore/ComponentDescriptors.h ../../../ios/../node_modules/react-native/ReactCommon/react/renderer/components/rncore/EventEmitters.cpp ../../../ios/../node_modules/react-native/ReactCommon/react/renderer/components/rncore/EventEmitters.h ../../../ios/../node_modules/react-native/ReactCommon/react/renderer/components/rncore/Props.cpp ../../../ios/../node_modules/react-native/ReactCommon/react/renderer/components/rncore/Props.h ../../../ios/../node_modules/react-native/ReactCommon/react/renderer/components/rncore/States.cpp ../../../ios/../node_modules/react-native/ReactCommon/react/renderer/components/rncore/States.h ../../../ios/../node_modules/react-native/ReactCommon/react/renderer/components/rncore/RCTComponentViewHelpers.h ../../../ios/../node_modules/react-native/ReactCommon/react/renderer/components/rncore/ShadowNodes.cpp ../../../ios/../node_modules/react-native/ReactCommon/react/renderer/components/rncore/ShadowNodes.h

-> Installing React-runtimeexecutor (0.72.3)

-> Installing React-runtimescheduler (0.72.3)

-> Installing React-utils (0.72.3)

-> Installing ReactCommon (0.72.3)

-> Installing SocketRocket (0.6.1)
 > Git download
 > Git download
     $ /usr/bin/git clone https://github.com/facebook/SocketRocket.git /var/folders/3n/wjddhk5s4b9_8vrk72p0c4gc0000gn/T/d20250109-94496-bi6sdg --template= --single-branch --depth 1 --branch 0.6.1
     Cloning into '/var/folders/3n/wjddhk5s4b9_8vrk72p0c4gc0000gn/T/d20250109-94496-bi6sdg'...
     Note: switching to '6fdc5fd0db5c49b1ed050d4033ee6a6ee2ec4d39'.
     
     You are in 'detached HEAD' state. You can look around, make experimental
     changes and commit them, and you can discard any commits you make in this
     state without impacting any branches by switching back to a branch.
     
     If you want to create a new branch to retain commits you create, you may
     do so (now or later) by using -c with the switch command. Example:
     
       git switch -c <new-branch-name>
     
     Or undo this operation with:
     
       git switch -
     
     Turn off this advice by setting config variable advice.detachedHead to false
     
  $ /usr/bin/rsync -a --exclude=.git --delete /var/folders/3n/wjddhk5s4b9_8vrk72p0c4gc0000gn/T/d20250109-94496-bi6sdg/ /Users/gr0nk/Library/Caches/CocoaPods/Pods/Release/SocketRocket/0.6.1-f32cd
  > Copying SocketRocket from `/Users/gr0nk/Library/Caches/CocoaPods/Pods/Release/SocketRocket/0.6.1-f32cd` to `Pods/SocketRocket`

-> Installing Yoga (1.14.0)

-> Installing YoutubePlayer-in-WKWebView (0.3.11)
 > Git download
 > Git download
     $ /usr/bin/git clone https://github.com/hmhv/YoutubePlayer-in-WKWebView.git /var/folders/3n/wjddhk5s4b9_8vrk72p0c4gc0000gn/T/d20250109-94496-iacdhk --template= --single-branch --depth 1 --branch 0.3.11
     Cloning into '/var/folders/3n/wjddhk5s4b9_8vrk72p0c4gc0000gn/T/d20250109-94496-iacdhk'...
     Note: switching to '3d24743643fd4460e40ca8f4cd844563d32bb05f'.
     
     You are in 'detached HEAD' state. You can look around, make experimental
     changes and commit them, and you can discard any commits you make in this
     state without impacting any branches by switching back to a branch.
     
     If you want to create a new branch to retain commits you create, you may
     do so (now or later) by using -c with the switch command. Example:
     
       git switch -c <new-branch-name>
     
     Or undo this operation with:
     
       git switch -
     
     Turn off this advice by setting config variable advice.detachedHead to false
     
  $ /usr/bin/rsync -a --exclude=.git --delete /var/folders/3n/wjddhk5s4b9_8vrk72p0c4gc0000gn/T/d20250109-94496-iacdhk/ /Users/gr0nk/Library/Caches/CocoaPods/Pods/Release/YoutubePlayer-in-WKWebView/0.3.11-2c3aa
  > Copying YoutubePlayer-in-WKWebView from `/Users/gr0nk/Library/Caches/CocoaPods/Pods/Release/YoutubePlayer-in-WKWebView/0.3.11-2c3aa` to `Pods/YoutubePlayer-in-WKWebView`

-> Installing abseil (1.20220623.0)
 > Git download
 > Git download
     $ /usr/bin/git clone https://github.com/abseil/abseil-cpp.git /var/folders/3n/wjddhk5s4b9_8vrk72p0c4gc0000gn/T/d20250109-94496-i7rzjw --template= --single-branch --depth 1 --branch 20220623.0
     Cloning into '/var/folders/3n/wjddhk5s4b9_8vrk72p0c4gc0000gn/T/d20250109-94496-i7rzjw'...
     Note: switching to '273292d1cfc0a94a65082ee350509af1d113344d'.
     
     You are in 'detached HEAD' state. You can look around, make experimental
     changes and commit them, and you can discard any commits you make in this
     state without impacting any branches by switching back to a branch.
     
     If you want to create a new branch to retain commits you create, you may
     do so (now or later) by using -c with the switch command. Example:
     
       git switch -c <new-branch-name>
     
     Or undo this operation with:
     
       git switch -
     
     Turn off this advice by setting config variable advice.detachedHead to false
     
  $ /usr/bin/rsync -a --exclude=.git --delete /var/folders/3n/wjddhk5s4b9_8vrk72p0c4gc0000gn/T/d20250109-94496-i7rzjw/ /Users/gr0nk/Library/Caches/CocoaPods/Pods/Release/abseil/1.20220623.0-926fb
  > Copying abseil from `/Users/gr0nk/Library/Caches/CocoaPods/Pods/Release/abseil/1.20220623.0-926fb` to `Pods/abseil`

-> Installing boost (1.76.0)
 > Http download
   $ /usr/bin/curl -f -L -o /var/folders/3n/wjddhk5s4b9_8vrk72p0c4gc0000gn/T/d20250109-94496-hbza4j/file.tbz https://boostorg.jfrog.io/artifactory/main/release/1.76.0/source/boost_1_76_0.tar.bz2 --create-dirs --netrc-optional --retry 2 -A 'CocoaPods/1.16.2 cocoapods-downloader/2.1'
     % Total    % Received % Xferd  Average Speed   Time    Time     Time  Current
                                    Dload  Upload   Total   Spent    Left  Speed
        0     0    0     0    0     0      0      0 --:--:-- --:--:-- --:--:--     0   100   138  100   138    0     0    300      0 --:--:-- --:--:-- --:--:--   301
      100 11534  100 11534    0     0  12660      0 --:--:-- --:--:-- --:--:-- 12660

[!] Error installing boost
Verification checksum was incorrect, expected f0397ba6e982c4450f27bf32a2a83292aba035b827a5623a14636ea583318c41, got 79e6d3f986444e5a80afbeccdaf2d1c1cf964baa8d766d20859d653a16c39848

/opt/homebrew/Cellar/cocoapods/1.16.2_1/libexec/gems/cocoapods-downloader-2.1/lib/cocoapods-downloader/remote_file.rb:146:in 'Pod::Downloader::RemoteFile#compare_hash'
/opt/homebrew/Cellar/cocoapods/1.16.2_1/libexec/gems/cocoapods-downloader-2.1/lib/cocoapods-downloader/remote_file.rb:162:in 'Pod::Downloader::RemoteFile#verify_sha256_hash'
/opt/homebrew/Cellar/cocoapods/1.16.2_1/libexec/gems/cocoapods-downloader-2.1/lib/cocoapods-downloader/remote_file.rb:169:in 'Pod::Downloader::RemoteFile#verify_checksum'
/opt/homebrew/Cellar/cocoapods/1.16.2_1/libexec/gems/cocoapods-downloader-2.1/lib/cocoapods-downloader/remote_file.rb:26:in 'Pod::Downloader::RemoteFile#download!'
/opt/homebrew/Cellar/cocoapods/1.16.2_1/libexec/gems/cocoapods-downloader-2.1/lib/cocoapods-downloader/base.rb:83:in 'block in Pod::Downloader::Base#download'
/opt/homebrew/Cellar/cocoapods/1.16.2_1/libexec/gems/cocoapods-1.16.2/lib/cocoapods/downloader.rb:159:in 'block in ui_action'
/opt/homebrew/Cellar/cocoapods/1.16.2_1/libexec/gems/cocoapods-1.16.2/lib/cocoapods/user_interface.rb:64:in 'Pod::UserInterface.section'
/opt/homebrew/Cellar/cocoapods/1.16.2_1/libexec/gems/cocoapods-1.16.2/lib/cocoapods/downloader.rb:158:in 'ui_action'
/opt/homebrew/Cellar/cocoapods/1.16.2_1/libexec/gems/cocoapods-downloader-2.1/lib/cocoapods-downloader/base.rb:81:in 'Pod::Downloader::Base#download'
/opt/homebrew/Cellar/cocoapods/1.16.2_1/libexec/gems/cocoapods-1.16.2/lib/cocoapods/downloader.rb:110:in 'Pod::Downloader.download_source'
/opt/homebrew/Cellar/cocoapods/1.16.2_1/libexec/gems/cocoapods-1.16.2/lib/cocoapods/downloader.rb:77:in 'Pod::Downloader.download_request'
/opt/homebrew/Cellar/cocoapods/1.16.2_1/libexec/gems/cocoapods-1.16.2/lib/cocoapods/downloader/cache.rb:256:in 'Pod::Downloader::Cache#download'
/opt/homebrew/Cellar/cocoapods/1.16.2_1/libexec/gems/cocoapods-1.16.2/lib/cocoapods/downloader/cache.rb:239:in 'block in Pod::Downloader::Cache#uncached_pod'
/opt/homebrew/Cellar/cocoapods/1.16.2_1/libexec/gems/cocoapods-1.16.2/lib/cocoapods/downloader/cache.rb:266:in 'Pod::Downloader::Cache#in_tmpdir'
/opt/homebrew/Cellar/cocoapods/1.16.2_1/libexec/gems/cocoapods-1.16.2/lib/cocoapods/downloader/cache.rb:238:in 'Pod::Downloader::Cache#uncached_pod'
/opt/homebrew/Cellar/cocoapods/1.16.2_1/libexec/gems/cocoapods-1.16.2/lib/cocoapods/downloader/cache.rb:33:in 'Pod::Downloader::Cache#download_pod'
/opt/homebrew/Cellar/cocoapods/1.16.2_1/libexec/gems/cocoapods-1.16.2/lib/cocoapods/downloader.rb:42:in 'Pod::Downloader.download'
/opt/homebrew/Cellar/cocoapods/1.16.2_1/libexec/gems/cocoapods-1.16.2/lib/cocoapods/installer/pod_source_downloader.rb:69:in 'Pod::Installer::PodSourceDownloader#download!'
/opt/homebrew/Cellar/cocoapods/1.16.2_1/libexec/gems/cocoapods-1.16.2/lib/cocoapods/installer/pod_source_installer.rb:117:in 'Pod::Installer::PodSourceInstaller#download_source'
/opt/homebrew/Cellar/cocoapods/1.16.2_1/libexec/gems/cocoapods-1.16.2/lib/cocoapods/installer/pod_source_installer.rb:67:in 'Pod::Installer::PodSourceInstaller#install!'
/opt/homebrew/Cellar/cocoapods/1.16.2_1/libexec/gems/cocoapods-1.16.2/lib/cocoapods/installer.rb:621:in 'Pod::Installer#install_source_of_pod'
/opt/homebrew/Cellar/cocoapods/1.16.2_1/libexec/gems/cocoapods-1.16.2/lib/cocoapods/installer.rb:539:in 'block (2 levels) in Pod::Installer#install_pod_sources'
/opt/homebrew/Cellar/cocoapods/1.16.2_1/libexec/gems/cocoapods-1.16.2/lib/cocoapods/user_interface.rb:86:in 'Pod::UserInterface.titled_section'
/opt/homebrew/Cellar/cocoapods/1.16.2_1/libexec/gems/cocoapods-1.16.2/lib/cocoapods/installer.rb:538:in 'block in Pod::Installer#install_pod_sources'
/opt/homebrew/Cellar/cocoapods/1.16.2_1/libexec/gems/cocoapods-1.16.2/lib/cocoapods/installer.rb:535:in 'Array#each'
/opt/homebrew/Cellar/cocoapods/1.16.2_1/libexec/gems/cocoapods-1.16.2/lib/cocoapods/installer.rb:535:in 'Pod::Installer#install_pod_sources'
/opt/homebrew/Cellar/cocoapods/1.16.2_1/libexec/gems/cocoapods-1.16.2/lib/cocoapods/installer.rb:258:in 'block in Pod::Installer#download_dependencies'
/opt/homebrew/Cellar/cocoapods/1.16.2_1/libexec/gems/cocoapods-1.16.2/lib/cocoapods/user_interface.rb:64:in 'Pod::UserInterface.section'
/opt/homebrew/Cellar/cocoapods/1.16.2_1/libexec/gems/cocoapods-1.16.2/lib/cocoapods/installer.rb:257:in 'Pod::Installer#download_dependencies'
/opt/homebrew/Cellar/cocoapods/1.16.2_1/libexec/gems/cocoapods-1.16.2/lib/cocoapods/installer.rb:163:in 'Pod::Installer#install!'
/opt/homebrew/Cellar/cocoapods/1.16.2_1/libexec/gems/cocoapods-1.16.2/lib/cocoapods/command/install.rb:52:in 'Pod::Command::Install#run'
/opt/homebrew/Cellar/cocoapods/1.16.2_1/libexec/gems/claide-1.1.0/lib/claide/command.rb:334:in 'CLAide::Command.run'
/opt/homebrew/Cellar/cocoapods/1.16.2_1/libexec/gems/cocoapods-1.16.2/lib/cocoapods/command.rb:52:in 'Pod::Command.run'
/opt/homebrew/Cellar/cocoapods/1.16.2_1/libexec/gems/cocoapods-1.16.2/bin/pod:55:in '<top (required)>'
/opt/homebrew/Cellar/cocoapods/1.16.2_1/libexec/bin/pod:25:in 'Kernel#load'
/opt/homebrew/Cellar/cocoapods/1.16.2_1/libexec/bin/pod:25:in '<main>'

[!] NPM package '@react-native-firebase/analytics' depends on '@react-native-firebase/app' v18.5.0 but found v18.6.0, this might cause build issues or runtime crashes.

[!] NPM package '@react-native-firebase/analytics' depends on '@react-native-firebase/app' v18.5.0 but found v18.6.0, this might cause build issues or runtime crashes.
Step 9: Aligning React Native Firebase versions...
Step 6: Removing existing Pods and Podfile.lock...
Step 7: Fixing Boost checksum mismatch...
Downloading Boost manually...
  % Total    % Received % Xferd  Average Speed   Time    Time     Time  Current
                                 Dload  Upload   Total   Spent    Left  Speed
  0     0    0     0    0     0      0      0 --:--:-- --:--:-- --:--:--     0  0     0    0     0    0     0      0      0 --:--:-- --:--:-- --:--:--     0100   138  100   138    0     0    297      0 --:--:-- --:--:-- --:--:--   297
Calculating checksum...
Expected checksum: f0397ba6e982c4450f27bf32a2a83292aba035b827a5623a14636ea583318c41
Actual checksum: 753e0dd54f28c4f7009b9c0b18a68aed175416bd8b7d134858264586eaac56f0
Checksum mismatch detected. Replacing the cached Boost file.
Step 8: Reinstalling pods...
  $ /opt/homebrew/bin/node -p require.resolve(     "@react-native-community/cli-platform-ios/native_modules.rb",     {paths: [process.argv[1]]},   ) /Users/gr0nk/Documents/GitHub/ToBeWisePro/node_modules/react-native/scripts
  /Users/gr0nk/Documents/GitHub/ToBeWisePro/node_modules/@react-native-community/cli-platform-ios/native_modules.rb

Using Expo modules
  — expo (49.0.11)
  — expo-application (5.3.1)
  [Expo] Enabling modular headers for pod ExpoModulesCore
  — expo-constants (14.4.2)
  — expo-eas-client (0.6.0)
  — expo-file-system (15.4.4)
  — expo-font (11.4.0)
  — expo-json-utils (0.7.1)
  — expo-keep-awake (12.3.0)
  — expo-manifests (0.7.2)
  — expo-modules-core (1.5.11)
  — expo-notifications (0.20.1)
  — expo-splash-screen (0.20.5)
  — expo-sqlite (11.3.3)
  — expo-structured-headers (3.3.0)
  [Expo] Enabling modular headers for pod React-Core
  [Expo] Enabling modular headers for pod EXStructuredHeaders
  [Expo] Enabling modular headers for pod EXUpdatesInterface
  [Expo] Enabling modular headers for pod EXManifests
  [Expo] Enabling modular headers for pod EASClient
  [Expo] Enabling modular headers for pod ReachabilitySwift
  [Expo] Enabling modular headers for pod ASN1Decoder
  [Expo] Enabling modular headers for pod RCT-Folly
  — expo-updates (0.18.13)
  $ /opt/homebrew/bin/node -e try {console.log(require('@react-native-community/cli').bin);} catch (e) {console.log(require('react-native/cli').bin);}
  /Users/gr0nk/Documents/GitHub/ToBeWisePro/node_modules/@react-native-community/cli/build/bin.js
RNFBAnalytics: Using default Firebase/Analytics with Ad Ids. May require App Tracking Transparency. Not allowed for Kids apps.
RNFBAnalytics: You may set variable `$RNFirebaseAnalyticsWithoutAdIdSupport=true` in Podfile to use analytics without ad ids.
Adding a custom script phase for Pod RNFBApp: [RNFB] Core Configuration
Auto-linking React Native modules for target `ToBeWisePro`: BVLinearGradient, RCTYouTube, RNCAsyncStorage, RNCPicker, RNDateTimePicker, RNFBAnalytics, RNFBApp, RNFBFirestore, RNGestureHandler, RNInAppBrowser, RNRate, RNReactNativeHapticFeedback, RNReanimated, RNScreens, react-native-config, react-native-safe-area-context, react-native-slider, and react-native-webview
Framework build type is static framework
  $ /bin/mkdir -p ./build/generated/ios
[Codegen] Generating ./build/generated/ios/React-Codegen.podspec.json
  Preparing

Analyzing dependencies

Inspecting targets to integrate
  Using `ARCHS` setting to build architectures of target `Pods-ToBeWisePro`: (``)

Fetching external sources
-> Fetching podspec for `BVLinearGradient` from `../node_modules/react-native-linear-gradient`
-> Fetching podspec for `DoubleConversion` from `../node_modules/react-native/third-party-podspecs/DoubleConversion.podspec`
-> Fetching podspec for `EASClient` from `../node_modules/expo-eas-client/ios`
-> Fetching podspec for `EXApplication` from `../node_modules/expo-application/ios`
-> Fetching podspec for `EXConstants` from `../node_modules/expo-constants/ios`
-> Fetching podspec for `EXFileSystem` from `../node_modules/expo-file-system/ios`
-> Fetching podspec for `EXFont` from `../node_modules/expo-font/ios`
-> Fetching podspec for `EXJSONUtils` from `../node_modules/expo-json-utils/ios`
-> Fetching podspec for `EXManifests` from `../node_modules/expo-manifests/ios`
-> Fetching podspec for `EXNotifications` from `../node_modules/expo-notifications/ios`
-> Fetching podspec for `EXSplashScreen` from `../node_modules/expo-splash-screen/ios`
-> Fetching podspec for `EXStructuredHeaders` from `../node_modules/expo-structured-headers/ios`
-> Fetching podspec for `EXUpdates` from `../node_modules/expo-updates/ios`
-> Fetching podspec for `EXUpdatesInterface` from `../node_modules/expo-updates-interface/ios`
-> Fetching podspec for `Expo` from `../node_modules/expo`
-> Fetching podspec for `ExpoKeepAwake` from `../node_modules/expo-keep-awake/ios`
-> Fetching podspec for `ExpoModulesCore` from `../node_modules/expo-modules-core`
-> Fetching podspec for `ExpoSQLite` from `../node_modules/expo-sqlite/ios`
-> Fetching podspec for `FBLazyVector` from `../node_modules/react-native/Libraries/FBLazyVector`
-> Fetching podspec for `FBReactNativeSpec` from `../node_modules/react-native/React/FBReactNativeSpec`
[Codegen] Found FBReactNativeSpec
-> Fetching podspec for `RCT-Folly` from `../node_modules/react-native/third-party-podspecs/RCT-Folly.podspec`
-> Fetching podspec for `RCTRequired` from `../node_modules/react-native/Libraries/RCTRequired`
-> Fetching podspec for `RCTTypeSafety` from `../node_modules/react-native/Libraries/TypeSafety`
-> Fetching podspec for `RCTYouTube` from `../node_modules/react-native-youtube`
-> Fetching podspec for `RNCAsyncStorage` from `../node_modules/@react-native-async-storage/async-storage`
-> Fetching podspec for `RNCPicker` from `../node_modules/@react-native-picker/picker`
-> Fetching podspec for `RNDateTimePicker` from `../node_modules/@react-native-community/datetimepicker`
-> Fetching podspec for `RNFBAnalytics` from `../node_modules/@react-native-firebase/analytics`
RNFBAnalytics: Using default Firebase/Analytics with Ad Ids. May require App Tracking Transparency. Not allowed for Kids apps.
RNFBAnalytics: You may set variable `$RNFirebaseAnalyticsWithoutAdIdSupport=true` in Podfile to use analytics without ad ids.
-> Fetching podspec for `RNFBApp` from `../node_modules/@react-native-firebase/app`
-> Fetching podspec for `RNFBFirestore` from `../node_modules/@react-native-firebase/firestore`
-> Fetching podspec for `RNGestureHandler` from `../node_modules/react-native-gesture-handler`
-> Fetching podspec for `RNInAppBrowser` from `../node_modules/react-native-inappbrowser-reborn`
-> Fetching podspec for `RNRate` from `../node_modules/react-native-rate`
-> Fetching podspec for `RNReactNativeHapticFeedback` from `../node_modules/react-native-haptic-feedback`
-> Fetching podspec for `RNReanimated` from `../node_modules/react-native-reanimated`
-> Fetching podspec for `RNScreens` from `../node_modules/react-native-screens`
-> Fetching podspec for `React` from `../node_modules/react-native/`
-> Fetching podspec for `React-Codegen` from `build/generated/ios`
-> Fetching podspec for `React-Core` from `../node_modules/react-native/`
-> Fetching podspec for `React-CoreModules` from `../node_modules/react-native/React/CoreModules`
-> Fetching podspec for `React-NativeModulesApple` from `../node_modules/react-native/ReactCommon/react/nativemodule/core/platform/ios`
-> Fetching podspec for `React-RCTActionSheet` from `../node_modules/react-native/Libraries/ActionSheetIOS`
-> Fetching podspec for `React-RCTAnimation` from `../node_modules/react-native/Libraries/NativeAnimation`
-> Fetching podspec for `React-RCTAppDelegate` from `../node_modules/react-native/Libraries/AppDelegate`
-> Fetching podspec for `React-RCTBlob` from `../node_modules/react-native/Libraries/Blob`
-> Fetching podspec for `React-RCTImage` from `../node_modules/react-native/Libraries/Image`
-> Fetching podspec for `React-RCTLinking` from `../node_modules/react-native/Libraries/LinkingIOS`
-> Fetching podspec for `React-RCTNetwork` from `../node_modules/react-native/Libraries/Network`
-> Fetching podspec for `React-RCTSettings` from `../node_modules/react-native/Libraries/Settings`
-> Fetching podspec for `React-RCTText` from `../node_modules/react-native/Libraries/Text`
-> Fetching podspec for `React-RCTVibration` from `../node_modules/react-native/Libraries/Vibration`
-> Fetching podspec for `React-callinvoker` from `../node_modules/react-native/ReactCommon/callinvoker`
-> Fetching podspec for `React-cxxreact` from `../node_modules/react-native/ReactCommon/cxxreact`
-> Fetching podspec for `React-debug` from `../node_modules/react-native/ReactCommon/react/debug`
-> Fetching podspec for `React-jsc` from `../node_modules/react-native/ReactCommon/jsc`
-> Fetching podspec for `React-jsi` from `../node_modules/react-native/ReactCommon/jsi`
-> Fetching podspec for `React-jsiexecutor` from `../node_modules/react-native/ReactCommon/jsiexecutor`
-> Fetching podspec for `React-jsinspector` from `../node_modules/react-native/ReactCommon/jsinspector`
-> Fetching podspec for `React-logger` from `../node_modules/react-native/ReactCommon/logger`
-> Fetching podspec for `React-perflogger` from `../node_modules/react-native/ReactCommon/reactperflogger`
-> Fetching podspec for `React-rncore` from `../node_modules/react-native/ReactCommon`
[Codegen] Found rncore
-> Fetching podspec for `React-runtimeexecutor` from `../node_modules/react-native/ReactCommon/runtimeexecutor`
-> Fetching podspec for `React-runtimescheduler` from `../node_modules/react-native/ReactCommon/react/renderer/runtimescheduler`
-> Fetching podspec for `React-utils` from `../node_modules/react-native/ReactCommon/react/utils`
-> Fetching podspec for `ReactCommon` from `../node_modules/react-native/ReactCommon`
-> Fetching podspec for `Yoga` from `../node_modules/react-native/ReactCommon/yoga`
-> Fetching podspec for `boost` from `../node_modules/react-native/third-party-podspecs/boost.podspec`
-> Fetching podspec for `glog` from `../node_modules/react-native/third-party-podspecs/glog.podspec`
-> Fetching podspec for `react-native-config` from `../node_modules/react-native-config`
-> Fetching podspec for `react-native-safe-area-context` from `../node_modules/react-native-safe-area-context`
-> Fetching podspec for `react-native-slider` from `../node_modules/@react-native-community/slider`
-> Fetching podspec for `react-native-webview` from `../node_modules/react-native-webview`

Resolving dependencies of `Podfile`
  CDN: trunk Relative path: CocoaPods-version.yml exists! Returning local because checking is only performed in repo update
  CDN: trunk Relative path: all_pods_versions_0_3_5.txt exists! Returning local because checking is only performed in repo update
  CDN: trunk Relative path: Specs/0/3/5/Firebase/11.6.0/Firebase.podspec.json exists! Returning local because checking is only performed in repo update
  CDN: trunk Relative path: Specs/0/3/5/Firebase/10.15.0/Firebase.podspec.json exists! Returning local because checking is only performed in repo update
  CDN: trunk Relative path: all_pods_versions_6_1_e.txt exists! Returning local because checking is only performed in repo update
  CDN: trunk Relative path: Specs/6/1/e/nanopb/3.30910.0/nanopb.podspec.json exists! Returning local because checking is only performed in repo update
  CDN: trunk Relative path: all_pods_versions_d_d_6.txt exists! Returning local because checking is only performed in repo update
  CDN: trunk Relative path: Specs/d/d/6/ReachabilitySwift/5.2.4/ReachabilitySwift.podspec.json exists! Returning local because checking is only performed in repo update
  CDN: trunk Relative path: all_pods_versions_f_1_2.txt exists! Returning local because checking is only performed in repo update
  CDN: trunk Relative path: Specs/f/1/2/ASN1Decoder/1.10.0/ASN1Decoder.podspec.json exists! Returning local because checking is only performed in repo update
  CDN: trunk Relative path: Specs/0/3/5/Firebase/10.15.0/Firebase.podspec.json exists! Returning local because checking is only performed in repo update
  CDN: trunk Relative path: Specs/0/3/5/Firebase/10.15.0/Firebase.podspec.json exists! Returning local because checking is only performed in repo update
  CDN: trunk Relative path: all_pods_versions_7_6_3.txt exists! Returning local because checking is only performed in repo update
  CDN: trunk Relative path: Specs/7/6/3/fmt/7.1.3/fmt.podspec.json exists! Returning local because checking is only performed in repo update
  CDN: trunk Relative path: all_pods_versions_a_9_3.txt exists! Returning local because checking is only performed in repo update
  CDN: trunk Relative path: Specs/a/9/3/SocketRocket/0.7.1/SocketRocket.podspec.json exists! Returning local because checking is only performed in repo update
  CDN: trunk Relative path: all_pods_versions_b_b_a.txt exists! Returning local because checking is only performed in repo update
  CDN: trunk Relative path: Specs/b/b/a/YoutubePlayer-in-WKWebView/0.3.11/YoutubePlayer-in-WKWebView.podspec.json exists! Returning local because checking is only performed in repo update
  CDN: trunk Relative path: all_pods_versions_0_9_f.txt exists! Returning local because checking is only performed in repo update
  CDN: trunk Relative path: Specs/0/9/f/FirebaseFirestore/11.6.0/FirebaseFirestore.podspec.json exists! Returning local because checking is only performed in repo update
  CDN: trunk Relative path: Specs/0/9/f/FirebaseFirestore/10.15.0/FirebaseFirestore.podspec.json exists! Returning local because checking is only performed in repo update
  CDN: trunk Relative path: all_pods_versions_8_b_d.txt exists! Returning local because checking is only performed in repo update
  CDN: trunk Relative path: Specs/8/b/d/FirebaseCore/11.6.0/FirebaseCore.podspec.json exists! Returning local because checking is only performed in repo update
  CDN: trunk Relative path: all_pods_versions_3_8_6.txt exists! Returning local because checking is only performed in repo update
  CDN: trunk Relative path: Specs/3/8/6/abseil/1.20240722.0/abseil.podspec.json exists! Returning local because checking is only performed in repo update
  CDN: trunk Relative path: Specs/3/8/6/abseil/1.20220623.0/abseil.podspec.json exists! Returning local because checking is only performed in repo update
  CDN: trunk Relative path: Specs/3/8/6/abseil/1.20220623.2/abseil.podspec.json exists! Returning local because checking is only performed in repo update
  CDN: trunk Relative path: Specs/3/8/6/abseil/1.20220623.0/abseil.podspec.json exists! Returning local because checking is only performed in repo update
  CDN: trunk Relative path: Specs/3/8/6/abseil/1.20220623.2/abseil.podspec.json exists! Returning local because checking is only performed in repo update
  CDN: trunk Relative path: Specs/3/8/6/abseil/1.20220623.0/abseil.podspec.json exists! Returning local because checking is only performed in repo update
  CDN: trunk Relative path: Specs/3/8/6/abseil/1.20220623.2/abseil.podspec.json exists! Returning local because checking is only performed in repo update
  CDN: trunk Relative path: Specs/3/8/6/abseil/1.20220623.0/abseil.podspec.json exists! Returning local because checking is only performed in repo update
  CDN: trunk Relative path: Specs/3/8/6/abseil/1.20220623.2/abseil.podspec.json exists! Returning local because checking is only performed in repo update
  CDN: trunk Relative path: Specs/3/8/6/abseil/1.20220623.0/abseil.podspec.json exists! Returning local because checking is only performed in repo update
  CDN: trunk Relative path: Specs/3/8/6/abseil/1.20220623.2/abseil.podspec.json exists! Returning local because checking is only performed in repo update
  CDN: trunk Relative path: Specs/3/8/6/abseil/1.20220623.0/abseil.podspec.json exists! Returning local because checking is only performed in repo update
  CDN: trunk Relative path: Specs/3/8/6/abseil/1.20220623.2/abseil.podspec.json exists! Returning local because checking is only performed in repo update
  CDN: trunk Relative path: Specs/3/8/6/abseil/1.20220623.0/abseil.podspec.json exists! Returning local because checking is only performed in repo update
  CDN: trunk Relative path: Specs/3/8/6/abseil/1.20220623.2/abseil.podspec.json exists! Returning local because checking is only performed in repo update
  CDN: trunk Relative path: Specs/3/8/6/abseil/1.20220623.0/abseil.podspec.json exists! Returning local because checking is only performed in repo update
  CDN: trunk Relative path: Specs/3/8/6/abseil/1.20220623.2/abseil.podspec.json exists! Returning local because checking is only performed in repo update
  CDN: trunk Relative path: all_pods_versions_c_8_7.txt exists! Returning local because checking is only performed in repo update
  CDN: trunk Relative path: Specs/c/8/7/gRPC-C++/1.69.0/gRPC-C++.podspec.json exists! Returning local because checking is only performed in repo update
  CDN: trunk Relative path: all_pods_versions_a_d_a.txt exists! Returning local because checking is only performed in repo update
  CDN: trunk Relative path: Specs/a/d/a/leveldb-library/1.22.6/leveldb-library.podspec.json exists! Returning local because checking is only performed in repo update
  CDN: trunk Relative path: Specs/7/6/3/fmt/6.2.1/fmt.podspec.json exists! Returning local because checking is only performed in repo update
  CDN: trunk Relative path: Specs/0/3/5/Firebase/10.15.0/Firebase.podspec.json exists! Returning local because checking is only performed in repo update
  CDN: trunk Relative path: Specs/c/8/7/gRPC-C++/1.50.1/gRPC-C++.podspec.json exists! Returning local because checking is only performed in repo update
  CDN: trunk Relative path: Specs/c/8/7/gRPC-C++/1.50.1/gRPC-C++.podspec.json exists! Returning local because checking is only performed in repo update
  CDN: trunk Relative path: Specs/c/8/7/gRPC-C++/1.50.1/gRPC-C++.podspec.json exists! Returning local because checking is only performed in repo update
  CDN: trunk Relative path: all_pods_versions_e_2_1.txt exists! Returning local because checking is only performed in repo update
  CDN: trunk Relative path: Specs/e/2/1/FirebaseAnalytics/11.6.0/FirebaseAnalytics.podspec.json exists! Returning local because checking is only performed in repo update
  CDN: trunk Relative path: all_pods_versions_9_1_0.txt exists! Returning local because checking is only performed in repo update
  CDN: trunk Relative path: Specs/9/1/0/gRPC-Core/1.69.0/gRPC-Core.podspec.json exists! Returning local because checking is only performed in repo update
  CDN: trunk Relative path: Specs/3/8/6/abseil/1.20220623.0/abseil.podspec.json exists! Returning local because checking is only performed in repo update
  CDN: trunk Relative path: Specs/3/8/6/abseil/1.20220623.0/abseil.podspec.json exists! Returning local because checking is only performed in repo update
  CDN: trunk Relative path: Specs/3/8/6/abseil/1.20220623.0/abseil.podspec.json exists! Returning local because checking is only performed in repo update
  CDN: trunk Relative path: Specs/3/8/6/abseil/1.20220623.0/abseil.podspec.json exists! Returning local because checking is only performed in repo update
  CDN: trunk Relative path: Specs/3/8/6/abseil/1.20220623.0/abseil.podspec.json exists! Returning local because checking is only performed in repo update
  CDN: trunk Relative path: Specs/3/8/6/abseil/1.20220623.0/abseil.podspec.json exists! Returning local because checking is only performed in repo update
  CDN: trunk Relative path: Specs/3/8/6/abseil/1.20220623.0/abseil.podspec.json exists! Returning local because checking is only performed in repo update
  CDN: trunk Relative path: Specs/3/8/6/abseil/1.20220623.0/abseil.podspec.json exists! Returning local because checking is only performed in repo update
  CDN: trunk Relative path: Specs/3/8/6/abseil/1.20220623.0/abseil.podspec.json exists! Returning local because checking is only performed in repo update
  CDN: trunk Relative path: Specs/3/8/6/abseil/1.20220623.0/abseil.podspec.json exists! Returning local because checking is only performed in repo update
  CDN: trunk Relative path: Specs/3/8/6/abseil/1.20220623.0/abseil.podspec.json exists! Returning local because checking is only performed in repo update
  CDN: trunk Relative path: Specs/3/8/6/abseil/1.20220623.0/abseil.podspec.json exists! Returning local because checking is only performed in repo update
  CDN: trunk Relative path: Specs/3/8/6/abseil/1.20220623.0/abseil.podspec.json exists! Returning local because checking is only performed in repo update
  CDN: trunk Relative path: Specs/3/8/6/abseil/1.20220623.0/abseil.podspec.json exists! Returning local because checking is only performed in repo update
  CDN: trunk Relative path: Specs/3/8/6/abseil/1.20220623.0/abseil.podspec.json exists! Returning local because checking is only performed in repo update
  CDN: trunk Relative path: Specs/3/8/6/abseil/1.20220623.0/abseil.podspec.json exists! Returning local because checking is only performed in repo update
  CDN: trunk Relative path: Specs/3/8/6/abseil/1.20220623.0/abseil.podspec.json exists! Returning local because checking is only performed in repo update
  CDN: trunk Relative path: Specs/3/8/6/abseil/1.20220623.0/abseil.podspec.json exists! Returning local because checking is only performed in repo update
  CDN: trunk Relative path: Specs/3/8/6/abseil/1.20220623.0/abseil.podspec.json exists! Returning local because checking is only performed in repo update
  CDN: trunk Relative path: Specs/3/8/6/abseil/1.20220623.0/abseil.podspec.json exists! Returning local because checking is only performed in repo update
  CDN: trunk Relative path: Specs/3/8/6/abseil/1.20220623.0/abseil.podspec.json exists! Returning local because checking is only performed in repo update
  CDN: trunk Relative path: Specs/3/8/6/abseil/1.20220623.0/abseil.podspec.json exists! Returning local because checking is only performed in repo update
  CDN: trunk Relative path: Specs/3/8/6/abseil/1.20220623.0/abseil.podspec.json exists! Returning local because checking is only performed in repo update
  CDN: trunk Relative path: Specs/3/8/6/abseil/1.20220623.0/abseil.podspec.json exists! Returning local because checking is only performed in repo update
  CDN: trunk Relative path: Specs/e/2/1/FirebaseAnalytics/10.15.0/FirebaseAnalytics.podspec.json exists! Returning local because checking is only performed in repo update
  CDN: trunk Relative path: all_pods_versions_2_f_7.txt exists! Returning local because checking is only performed in repo update
  CDN: trunk Relative path: Specs/2/f/7/FirebaseInstallations/11.6.0/FirebaseInstallations.podspec.json exists! Returning local because checking is only performed in repo update
  CDN: trunk Relative path: all_pods_versions_0_8_4.txt exists! Returning local because checking is only performed in repo update
  CDN: trunk Relative path: Specs/0/8/4/GoogleUtilities/8.0.2/GoogleUtilities.podspec.json exists! Returning local because checking is only performed in repo update
  CDN: trunk Relative path: Specs/0/8/4/GoogleUtilities/7.11.0/GoogleUtilities.podspec.json exists! Returning local because checking is only performed in repo update
  CDN: trunk Relative path: Specs/0/8/4/GoogleUtilities/7.11.1/GoogleUtilities.podspec.json exists! Returning local because checking is only performed in repo update
  CDN: trunk Relative path: Specs/0/8/4/GoogleUtilities/7.11.4/GoogleUtilities.podspec.json exists! Returning local because checking is only performed in repo update
  CDN: trunk Relative path: Specs/0/8/4/GoogleUtilities/7.11.5/GoogleUtilities.podspec.json exists! Returning local because checking is only performed in repo update
  CDN: trunk Relative path: Specs/0/8/4/GoogleUtilities/7.11.6/GoogleUtilities.podspec.json exists! Returning local because checking is only performed in repo update
  CDN: trunk Relative path: Specs/0/8/4/GoogleUtilities/7.12.0/GoogleUtilities.podspec.json exists! Returning local because checking is only performed in repo update
  CDN: trunk Relative path: Specs/0/8/4/GoogleUtilities/7.13.0/GoogleUtilities.podspec.json exists! Returning local because checking is only performed in repo update
  CDN: trunk Relative path: Specs/0/8/4/GoogleUtilities/7.13.2/GoogleUtilities.podspec.json exists! Returning local because checking is only performed in repo update
  CDN: trunk Relative path: Specs/0/8/4/GoogleUtilities/7.13.3/GoogleUtilities.podspec.json exists! Returning local because checking is only performed in repo update
  CDN: trunk Relative path: Specs/0/8/4/GoogleUtilities/7.11.0/GoogleUtilities.podspec.json exists! Returning local because checking is only performed in repo update
  CDN: trunk Relative path: Specs/0/8/4/GoogleUtilities/7.11.1/GoogleUtilities.podspec.json exists! Returning local because checking is only performed in repo update
  CDN: trunk Relative path: Specs/0/8/4/GoogleUtilities/7.11.4/GoogleUtilities.podspec.json exists! Returning local because checking is only performed in repo update
  CDN: trunk Relative path: Specs/0/8/4/GoogleUtilities/7.11.5/GoogleUtilities.podspec.json exists! Returning local because checking is only performed in repo update
  CDN: trunk Relative path: Specs/0/8/4/GoogleUtilities/7.11.6/GoogleUtilities.podspec.json exists! Returning local because checking is only performed in repo update
  CDN: trunk Relative path: Specs/0/8/4/GoogleUtilities/7.12.0/GoogleUtilities.podspec.json exists! Returning local because checking is only performed in repo update
  CDN: trunk Relative path: Specs/0/8/4/GoogleUtilities/7.13.0/GoogleUtilities.podspec.json exists! Returning local because checking is only performed in repo update
  CDN: trunk Relative path: Specs/0/8/4/GoogleUtilities/7.13.2/GoogleUtilities.podspec.json exists! Returning local because checking is only performed in repo update
  CDN: trunk Relative path: Specs/0/8/4/GoogleUtilities/7.13.3/GoogleUtilities.podspec.json exists! Returning local because checking is only performed in repo update
  CDN: trunk Relative path: Specs/0/8/4/GoogleUtilities/7.11.0/GoogleUtilities.podspec.json exists! Returning local because checking is only performed in repo update
  CDN: trunk Relative path: Specs/0/8/4/GoogleUtilities/7.11.1/GoogleUtilities.podspec.json exists! Returning local because checking is only performed in repo update
  CDN: trunk Relative path: Specs/0/8/4/GoogleUtilities/7.11.4/GoogleUtilities.podspec.json exists! Returning local because checking is only performed in repo update
  CDN: trunk Relative path: Specs/0/8/4/GoogleUtilities/7.11.5/GoogleUtilities.podspec.json exists! Returning local because checking is only performed in repo update
  CDN: trunk Relative path: Specs/0/8/4/GoogleUtilities/7.11.6/GoogleUtilities.podspec.json exists! Returning local because checking is only performed in repo update
  CDN: trunk Relative path: Specs/0/8/4/GoogleUtilities/7.12.0/GoogleUtilities.podspec.json exists! Returning local because checking is only performed in repo update
  CDN: trunk Relative path: Specs/0/8/4/GoogleUtilities/7.13.0/GoogleUtilities.podspec.json exists! Returning local because checking is only performed in repo update
  CDN: trunk Relative path: Specs/0/8/4/GoogleUtilities/7.13.2/GoogleUtilities.podspec.json exists! Returning local because checking is only performed in repo update
  CDN: trunk Relative path: Specs/0/8/4/GoogleUtilities/7.13.3/GoogleUtilities.podspec.json exists! Returning local because checking is only performed in repo update
  CDN: trunk Relative path: Specs/0/8/4/GoogleUtilities/7.11.0/GoogleUtilities.podspec.json exists! Returning local because checking is only performed in repo update
  CDN: trunk Relative path: Specs/0/8/4/GoogleUtilities/7.11.1/GoogleUtilities.podspec.json exists! Returning local because checking is only performed in repo update
  CDN: trunk Relative path: Specs/0/8/4/GoogleUtilities/7.11.4/GoogleUtilities.podspec.json exists! Returning local because checking is only performed in repo update
  CDN: trunk Relative path: Specs/0/8/4/GoogleUtilities/7.11.5/GoogleUtilities.podspec.json exists! Returning local because checking is only performed in repo update
  CDN: trunk Relative path: Specs/0/8/4/GoogleUtilities/7.11.6/GoogleUtilities.podspec.json exists! Returning local because checking is only performed in repo update
  CDN: trunk Relative path: Specs/0/8/4/GoogleUtilities/7.12.0/GoogleUtilities.podspec.json exists! Returning local because checking is only performed in repo update
  CDN: trunk Relative path: Specs/0/8/4/GoogleUtilities/7.13.0/GoogleUtilities.podspec.json exists! Returning local because checking is only performed in repo update
  CDN: trunk Relative path: Specs/0/8/4/GoogleUtilities/7.13.2/GoogleUtilities.podspec.json exists! Returning local because checking is only performed in repo update
  CDN: trunk Relative path: Specs/0/8/4/GoogleUtilities/7.13.3/GoogleUtilities.podspec.json exists! Returning local because checking is only performed in repo update
  CDN: trunk Relative path: Specs/e/2/1/FirebaseAnalytics/10.15.0/FirebaseAnalytics.podspec.json exists! Returning local because checking is only performed in repo update
  CDN: trunk Relative path: Specs/3/8/6/abseil/1.20220623.0/abseil.podspec.json exists! Returning local because checking is only performed in repo update
  CDN: trunk Relative path: Specs/3/8/6/abseil/1.20220623.0/abseil.podspec.json exists! Returning local because checking is only performed in repo update
  CDN: trunk Relative path: Specs/3/8/6/abseil/1.20220623.0/abseil.podspec.json exists! Returning local because checking is only performed in repo update
  CDN: trunk Relative path: Specs/3/8/6/abseil/1.20220623.0/abseil.podspec.json exists! Returning local because checking is only performed in repo update
  CDN: trunk Relative path: Specs/3/8/6/abseil/1.20220623.0/abseil.podspec.json exists! Returning local because checking is only performed in repo update
  CDN: trunk Relative path: Specs/3/8/6/abseil/1.20220623.0/abseil.podspec.json exists! Returning local because checking is only performed in repo update
  CDN: trunk Relative path: Specs/3/8/6/abseil/1.20220623.0/abseil.podspec.json exists! Returning local because checking is only performed in repo update
  CDN: trunk Relative path: Specs/3/8/6/abseil/1.20220623.0/abseil.podspec.json exists! Returning local because checking is only performed in repo update
  CDN: trunk Relative path: Specs/3/8/6/abseil/1.20220623.0/abseil.podspec.json exists! Returning local because checking is only performed in repo update
  CDN: trunk Relative path: Specs/3/8/6/abseil/1.20220623.0/abseil.podspec.json exists! Returning local because checking is only performed in repo update
  CDN: trunk Relative path: Specs/3/8/6/abseil/1.20220623.0/abseil.podspec.json exists! Returning local because checking is only performed in repo update
  CDN: trunk Relative path: Specs/3/8/6/abseil/1.20220623.0/abseil.podspec.json exists! Returning local because checking is only performed in repo update
  CDN: trunk Relative path: Specs/3/8/6/abseil/1.20220623.0/abseil.podspec.json exists! Returning local because checking is only performed in repo update
  CDN: trunk Relative path: Specs/3/8/6/abseil/1.20220623.0/abseil.podspec.json exists! Returning local because checking is only performed in repo update
  CDN: trunk Relative path: Specs/3/8/6/abseil/1.20220623.0/abseil.podspec.json exists! Returning local because checking is only performed in repo update
  CDN: trunk Relative path: Specs/3/8/6/abseil/1.20220623.0/abseil.podspec.json exists! Returning local because checking is only performed in repo update
  CDN: trunk Relative path: Specs/3/8/6/abseil/1.20220623.0/abseil.podspec.json exists! Returning local because checking is only performed in repo update
  CDN: trunk Relative path: Specs/3/8/6/abseil/1.20220623.0/abseil.podspec.json exists! Returning local because checking is only performed in repo update
  CDN: trunk Relative path: Specs/3/8/6/abseil/1.20220623.0/abseil.podspec.json exists! Returning local because checking is only performed in repo update
  CDN: trunk Relative path: Specs/3/8/6/abseil/1.20220623.0/abseil.podspec.json exists! Returning local because checking is only performed in repo update
  CDN: trunk Relative path: Specs/3/8/6/abseil/1.20220623.0/abseil.podspec.json exists! Returning local because checking is only performed in repo update
  CDN: trunk Relative path: Specs/3/8/6/abseil/1.20220623.0/abseil.podspec.json exists! Returning local because checking is only performed in repo update
  CDN: trunk Relative path: Specs/3/8/6/abseil/1.20220623.0/abseil.podspec.json exists! Returning local because checking is only performed in repo update
  CDN: trunk Relative path: Specs/3/8/6/abseil/1.20220623.0/abseil.podspec.json exists! Returning local because checking is only performed in repo update
  CDN: trunk Relative path: Specs/3/8/6/abseil/1.20220623.0/abseil.podspec.json exists! Returning local because checking is only performed in repo update
  CDN: trunk Relative path: Specs/3/8/6/abseil/1.20220623.0/abseil.podspec.json exists! Returning local because checking is only performed in repo update
  CDN: trunk Relative path: Specs/3/8/6/abseil/1.20220623.0/abseil.podspec.json exists! Returning local because checking is only performed in repo update
  CDN: trunk Relative path: Specs/3/8/6/abseil/1.20220623.0/abseil.podspec.json exists! Returning local because checking is only performed in repo update
  CDN: trunk Relative path: Specs/3/8/6/abseil/1.20220623.0/abseil.podspec.json exists! Returning local because checking is only performed in repo update
  CDN: trunk Relative path: all_pods_versions_e_3_b.txt exists! Returning local because checking is only performed in repo update
  CDN: trunk Relative path: Specs/e/3/b/GoogleAppMeasurement/11.6.0/GoogleAppMeasurement.podspec.json exists! Returning local because checking is only performed in repo update
  CDN: trunk Relative path: Specs/3/8/6/abseil/1.20220623.0/abseil.podspec.json exists! Returning local because checking is only performed in repo update
  CDN: trunk Relative path: Specs/3/8/6/abseil/1.20220623.0/abseil.podspec.json exists! Returning local because checking is only performed in repo update
  CDN: trunk Relative path: Specs/3/8/6/abseil/1.20220623.0/abseil.podspec.json exists! Returning local because checking is only performed in repo update
  CDN: trunk Relative path: Specs/3/8/6/abseil/1.20220623.0/abseil.podspec.json exists! Returning local because checking is only performed in repo update
  CDN: trunk Relative path: Specs/3/8/6/abseil/1.20220623.0/abseil.podspec.json exists! Returning local because checking is only performed in repo update
  CDN: trunk Relative path: Specs/3/8/6/abseil/1.20220623.0/abseil.podspec.json exists! Returning local because checking is only performed in repo update
  CDN: trunk Relative path: Specs/9/1/0/gRPC-Core/1.50.1/gRPC-Core.podspec.json exists! Returning local because checking is only performed in repo update
  CDN: trunk Relative path: Specs/9/1/0/gRPC-Core/1.50.1/gRPC-Core.podspec.json exists! Returning local because checking is only performed in repo update
  CDN: trunk Relative path: Specs/9/1/0/gRPC-Core/1.50.1/gRPC-Core.podspec.json exists! Returning local because checking is only performed in repo update
  CDN: trunk Relative path: Specs/3/8/6/abseil/1.20220623.0/abseil.podspec.json exists! Returning local because checking is only performed in repo update
  CDN: trunk Relative path: Specs/3/8/6/abseil/1.20220623.0/abseil.podspec.json exists! Returning local because checking is only performed in repo update
  CDN: trunk Relative path: Specs/3/8/6/abseil/1.20220623.0/abseil.podspec.json exists! Returning local because checking is only performed in repo update
  CDN: trunk Relative path: Specs/3/8/6/abseil/1.20220623.0/abseil.podspec.json exists! Returning local because checking is only performed in repo update
  CDN: trunk Relative path: Specs/3/8/6/abseil/1.20220623.0/abseil.podspec.json exists! Returning local because checking is only performed in repo update
  CDN: trunk Relative path: Specs/3/8/6/abseil/1.20220623.0/abseil.podspec.json exists! Returning local because checking is only performed in repo update
  CDN: trunk Relative path: Specs/3/8/6/abseil/1.20220623.0/abseil.podspec.json exists! Returning local because checking is only performed in repo update
  CDN: trunk Relative path: Specs/3/8/6/abseil/1.20220623.0/abseil.podspec.json exists! Returning local because checking is only performed in repo update
  CDN: trunk Relative path: Specs/3/8/6/abseil/1.20220623.0/abseil.podspec.json exists! Returning local because checking is only performed in repo update
  CDN: trunk Relative path: Specs/3/8/6/abseil/1.20220623.0/abseil.podspec.json exists! Returning local because checking is only performed in repo update
  CDN: trunk Relative path: Specs/3/8/6/abseil/1.20220623.0/abseil.podspec.json exists! Returning local because checking is only performed in repo update
  CDN: trunk Relative path: Specs/3/8/6/abseil/1.20220623.0/abseil.podspec.json exists! Returning local because checking is only performed in repo update
  CDN: trunk Relative path: Specs/3/8/6/abseil/1.20220623.0/abseil.podspec.json exists! Returning local because checking is only performed in repo update
  CDN: trunk Relative path: Specs/3/8/6/abseil/1.20220623.0/abseil.podspec.json exists! Returning local because checking is only performed in repo update
  CDN: trunk Relative path: Specs/3/8/6/abseil/1.20220623.0/abseil.podspec.json exists! Returning local because checking is only performed in repo update
  CDN: trunk Relative path: Specs/3/8/6/abseil/1.20220623.0/abseil.podspec.json exists! Returning local because checking is only performed in repo update
  CDN: trunk Relative path: Specs/3/8/6/abseil/1.20220623.0/abseil.podspec.json exists! Returning local because checking is only performed in repo update
  CDN: trunk Relative path: Specs/3/8/6/abseil/1.20220623.0/abseil.podspec.json exists! Returning local because checking is only performed in repo update
  CDN: trunk Relative path: Specs/3/8/6/abseil/1.20220623.0/abseil.podspec.json exists! Returning local because checking is only performed in repo update
  CDN: trunk Relative path: Specs/3/8/6/abseil/1.20220623.0/abseil.podspec.json exists! Returning local because checking is only performed in repo update
  CDN: trunk Relative path: Specs/3/8/6/abseil/1.20220623.0/abseil.podspec.json exists! Returning local because checking is only performed in repo update
  CDN: trunk Relative path: Specs/3/8/6/abseil/1.20220623.0/abseil.podspec.json exists! Returning local because checking is only performed in repo update
  CDN: trunk Relative path: Specs/3/8/6/abseil/1.20220623.0/abseil.podspec.json exists! Returning local because checking is only performed in repo update
  CDN: trunk Relative path: Specs/3/8/6/abseil/1.20220623.0/abseil.podspec.json exists! Returning local because checking is only performed in repo update
  CDN: trunk Relative path: Specs/3/8/6/abseil/1.20220623.0/abseil.podspec.json exists! Returning local because checking is only performed in repo update
  CDN: trunk Relative path: Specs/3/8/6/abseil/1.20220623.0/abseil.podspec.json exists! Returning local because checking is only performed in repo update
  CDN: trunk Relative path: Specs/3/8/6/abseil/1.20220623.0/abseil.podspec.json exists! Returning local because checking is only performed in repo update
  CDN: trunk Relative path: Specs/3/8/6/abseil/1.20220623.0/abseil.podspec.json exists! Returning local because checking is only performed in repo update
  CDN: trunk Relative path: Specs/3/8/6/abseil/1.20220623.0/abseil.podspec.json exists! Returning local because checking is only performed in repo update
  CDN: trunk Relative path: Specs/3/8/6/abseil/1.20220623.0/abseil.podspec.json exists! Returning local because checking is only performed in repo update
  CDN: trunk Relative path: Specs/3/8/6/abseil/1.20220623.0/abseil.podspec.json exists! Returning local because checking is only performed in repo update
  CDN: trunk Relative path: Specs/a/9/3/SocketRocket/0.6.1/SocketRocket.podspec.json exists! Returning local because checking is only performed in repo update
  CDN: trunk Relative path: Specs/8/b/d/FirebaseCore/10.15.0/FirebaseCore.podspec.json exists! Returning local because checking is only performed in repo update
  CDN: trunk Relative path: Specs/0/8/4/GoogleUtilities/7.8.0/GoogleUtilities.podspec.json exists! Returning local because checking is only performed in repo update
  CDN: trunk Relative path: Specs/0/8/4/GoogleUtilities/7.10.0/GoogleUtilities.podspec.json exists! Returning local because checking is only performed in repo update
  CDN: trunk Relative path: Specs/0/8/4/GoogleUtilities/7.11.0/GoogleUtilities.podspec.json exists! Returning local because checking is only performed in repo update
  CDN: trunk Relative path: Specs/0/8/4/GoogleUtilities/7.11.1/GoogleUtilities.podspec.json exists! Returning local because checking is only performed in repo update
  CDN: trunk Relative path: Specs/0/8/4/GoogleUtilities/7.11.4/GoogleUtilities.podspec.json exists! Returning local because checking is only performed in repo update
  CDN: trunk Relative path: Specs/0/8/4/GoogleUtilities/7.11.5/GoogleUtilities.podspec.json exists! Returning local because checking is only performed in repo update
  CDN: trunk Relative path: Specs/0/8/4/GoogleUtilities/7.11.6/GoogleUtilities.podspec.json exists! Returning local because checking is only performed in repo update
  CDN: trunk Relative path: Specs/0/8/4/GoogleUtilities/7.12.0/GoogleUtilities.podspec.json exists! Returning local because checking is only performed in repo update
  CDN: trunk Relative path: Specs/0/8/4/GoogleUtilities/7.13.0/GoogleUtilities.podspec.json exists! Returning local because checking is only performed in repo update
  CDN: trunk Relative path: Specs/0/8/4/GoogleUtilities/7.13.2/GoogleUtilities.podspec.json exists! Returning local because checking is only performed in repo update
  CDN: trunk Relative path: Specs/0/8/4/GoogleUtilities/7.13.3/GoogleUtilities.podspec.json exists! Returning local because checking is only performed in repo update
  CDN: trunk Relative path: Specs/0/8/4/GoogleUtilities/7.8.0/GoogleUtilities.podspec.json exists! Returning local because checking is only performed in repo update
  CDN: trunk Relative path: Specs/0/8/4/GoogleUtilities/7.10.0/GoogleUtilities.podspec.json exists! Returning local because checking is only performed in repo update
  CDN: trunk Relative path: Specs/0/8/4/GoogleUtilities/7.11.0/GoogleUtilities.podspec.json exists! Returning local because checking is only performed in repo update
  CDN: trunk Relative path: Specs/0/8/4/GoogleUtilities/7.11.1/GoogleUtilities.podspec.json exists! Returning local because checking is only performed in repo update
  CDN: trunk Relative path: Specs/0/8/4/GoogleUtilities/7.11.4/GoogleUtilities.podspec.json exists! Returning local because checking is only performed in repo update
  CDN: trunk Relative path: Specs/0/8/4/GoogleUtilities/7.11.5/GoogleUtilities.podspec.json exists! Returning local because checking is only performed in repo update
  CDN: trunk Relative path: Specs/0/8/4/GoogleUtilities/7.11.6/GoogleUtilities.podspec.json exists! Returning local because checking is only performed in repo update
  CDN: trunk Relative path: Specs/0/8/4/GoogleUtilities/7.12.0/GoogleUtilities.podspec.json exists! Returning local because checking is only performed in repo update
  CDN: trunk Relative path: Specs/0/8/4/GoogleUtilities/7.13.0/GoogleUtilities.podspec.json exists! Returning local because checking is only performed in repo update
  CDN: trunk Relative path: Specs/0/8/4/GoogleUtilities/7.13.2/GoogleUtilities.podspec.json exists! Returning local because checking is only performed in repo update
  CDN: trunk Relative path: Specs/0/8/4/GoogleUtilities/7.13.3/GoogleUtilities.podspec.json exists! Returning local because checking is only performed in repo update
  CDN: trunk Relative path: all_pods_versions_7_9_1.txt exists! Returning local because checking is only performed in repo update
  CDN: trunk Relative path: Specs/7/9/1/FirebaseCoreInternal/11.6.0/FirebaseCoreInternal.podspec.json exists! Returning local because checking is only performed in repo update
  CDN: trunk Relative path: Specs/8/b/d/FirebaseCore/10.29.0/FirebaseCore.podspec.json exists! Returning local because checking is only performed in repo update
  CDN: trunk Relative path: Specs/8/b/d/FirebaseCore/10.28.1/FirebaseCore.podspec.json exists! Returning local because checking is only performed in repo update
  CDN: trunk Relative path: Specs/8/b/d/FirebaseCore/10.28.0/FirebaseCore.podspec.json exists! Returning local because checking is only performed in repo update
  CDN: trunk Relative path: Specs/8/b/d/FirebaseCore/10.27.0/FirebaseCore.podspec.json exists! Returning local because checking is only performed in repo update
  CDN: trunk Relative path: Specs/8/b/d/FirebaseCore/10.25.0/FirebaseCore.podspec.json exists! Returning local because checking is only performed in repo update
  CDN: trunk Relative path: Specs/8/b/d/FirebaseCore/10.24.0/FirebaseCore.podspec.json exists! Returning local because checking is only performed in repo update
  CDN: trunk Relative path: Specs/8/b/d/FirebaseCore/10.23.1/FirebaseCore.podspec.json exists! Returning local because checking is only performed in repo update
  CDN: trunk Relative path: Specs/8/b/d/FirebaseCore/10.23.0/FirebaseCore.podspec.json exists! Returning local because checking is only performed in repo update
  CDN: trunk Relative path: Specs/8/b/d/FirebaseCore/10.22.0/FirebaseCore.podspec.json exists! Returning local because checking is only performed in repo update
  CDN: trunk Relative path: Specs/8/b/d/FirebaseCore/10.21.0/FirebaseCore.podspec.json exists! Returning local because checking is only performed in repo update
  CDN: trunk Relative path: Specs/8/b/d/FirebaseCore/10.20.0/FirebaseCore.podspec.json exists! Returning local because checking is only performed in repo update
  CDN: trunk Relative path: Specs/8/b/d/FirebaseCore/10.19.0/FirebaseCore.podspec.json exists! Returning local because checking is only performed in repo update
  CDN: trunk Relative path: Specs/8/b/d/FirebaseCore/10.18.0/FirebaseCore.podspec.json exists! Returning local because checking is only performed in repo update
  CDN: trunk Relative path: Specs/8/b/d/FirebaseCore/10.17.0/FirebaseCore.podspec.json exists! Returning local because checking is only performed in repo update
  CDN: trunk Relative path: Specs/8/b/d/FirebaseCore/10.16.0/FirebaseCore.podspec.json exists! Returning local because checking is only performed in repo update
  CDN: trunk Relative path: Specs/8/b/d/FirebaseCore/10.15.0/FirebaseCore.podspec.json exists! Returning local because checking is only performed in repo update
  CDN: trunk Relative path: Specs/8/b/d/FirebaseCore/10.14.0/FirebaseCore.podspec.json exists! Returning local because checking is only performed in repo update
  CDN: trunk Relative path: Specs/8/b/d/FirebaseCore/10.13.0/FirebaseCore.podspec.json exists! Returning local because checking is only performed in repo update
  CDN: trunk Relative path: Specs/8/b/d/FirebaseCore/10.12.0/FirebaseCore.podspec.json exists! Returning local because checking is only performed in repo update
  CDN: trunk Relative path: Specs/8/b/d/FirebaseCore/10.11.0/FirebaseCore.podspec.json exists! Returning local because checking is only performed in repo update
  CDN: trunk Relative path: Specs/8/b/d/FirebaseCore/10.10.0/FirebaseCore.podspec.json exists! Returning local because checking is only performed in repo update
  CDN: trunk Relative path: Specs/8/b/d/FirebaseCore/10.9.0/FirebaseCore.podspec.json exists! Returning local because checking is only performed in repo update
  CDN: trunk Relative path: Specs/8/b/d/FirebaseCore/10.8.0/FirebaseCore.podspec.json exists! Returning local because checking is only performed in repo update
  CDN: trunk Relative path: Specs/8/b/d/FirebaseCore/10.7.0/FirebaseCore.podspec.json exists! Returning local because checking is only performed in repo update
  CDN: trunk Relative path: Specs/8/b/d/FirebaseCore/10.6.0/FirebaseCore.podspec.json exists! Returning local because checking is only performed in repo update
  CDN: trunk Relative path: Specs/8/b/d/FirebaseCore/10.5.0/FirebaseCore.podspec.json exists! Returning local because checking is only performed in repo update
  CDN: trunk Relative path: Specs/8/b/d/FirebaseCore/10.4.0/FirebaseCore.podspec.json exists! Returning local because checking is only performed in repo update
  CDN: trunk Relative path: Specs/8/b/d/FirebaseCore/10.3.0/FirebaseCore.podspec.json exists! Returning local because checking is only performed in repo update
  CDN: trunk Relative path: Specs/8/b/d/FirebaseCore/10.2.0/FirebaseCore.podspec.json exists! Returning local because checking is only performed in repo update
  CDN: trunk Relative path: Specs/8/b/d/FirebaseCore/10.1.0/FirebaseCore.podspec.json exists! Returning local because checking is only performed in repo update
  CDN: trunk Relative path: Specs/8/b/d/FirebaseCore/10.0.0/FirebaseCore.podspec.json exists! Returning local because checking is only performed in repo update
  CDN: trunk Relative path: Specs/e/3/b/GoogleAppMeasurement/10.15.0/GoogleAppMeasurement.podspec.json exists! Returning local because checking is only performed in repo update
  CDN: trunk Relative path: Specs/e/3/b/GoogleAppMeasurement/10.15.0/GoogleAppMeasurement.podspec.json exists! Returning local because checking is only performed in repo update
  CDN: trunk Relative path: Specs/3/8/6/abseil/1.20220623.0/abseil.podspec.json exists! Returning local because checking is only performed in repo update
  CDN: trunk Relative path: Specs/3/8/6/abseil/1.20220623.0/abseil.podspec.json exists! Returning local because checking is only performed in repo update
  CDN: trunk Relative path: Specs/3/8/6/abseil/1.20220623.0/abseil.podspec.json exists! Returning local because checking is only performed in repo update
  CDN: trunk Relative path: Specs/3/8/6/abseil/1.20220623.0/abseil.podspec.json exists! Returning local because checking is only performed in repo update
  CDN: trunk Relative path: Specs/3/8/6/abseil/1.20220623.0/abseil.podspec.json exists! Returning local because checking is only performed in repo update
  CDN: trunk Relative path: all_pods_versions_f_8_8.txt exists! Returning local because checking is only performed in repo update
  CDN: trunk Relative path: Specs/f/8/8/BoringSSL-GRPC/0.0.38/BoringSSL-GRPC.podspec.json exists! Returning local because checking is only performed in repo update
  CDN: trunk Relative path: Specs/e/3/b/GoogleAppMeasurement/10.15.0/GoogleAppMeasurement.podspec.json exists! Returning local because checking is only performed in repo update
  CDN: trunk Relative path: Specs/f/8/8/BoringSSL-GRPC/0.0.24/BoringSSL-GRPC.podspec.json exists! Returning local because checking is only performed in repo update
  CDN: trunk Relative path: Specs/f/8/8/BoringSSL-GRPC/0.0.24/BoringSSL-GRPC.podspec.json exists! Returning local because checking is only performed in repo update
  CDN: trunk Relative path: Specs/f/8/8/BoringSSL-GRPC/0.0.24/BoringSSL-GRPC.podspec.json exists! Returning local because checking is only performed in repo update
  CDN: trunk Relative path: Specs/3/8/6/abseil/1.20220623.0/abseil.podspec.json exists! Returning local because checking is only performed in repo update
  CDN: trunk Relative path: Specs/3/8/6/abseil/1.20220623.0/abseil.podspec.json exists! Returning local because checking is only performed in repo update
  CDN: trunk Relative path: Specs/3/8/6/abseil/1.20220623.0/abseil.podspec.json exists! Returning local because checking is only performed in repo update
  CDN: trunk Relative path: Specs/3/8/6/abseil/1.20220623.0/abseil.podspec.json exists! Returning local because checking is only performed in repo update
  CDN: trunk Relative path: Specs/3/8/6/abseil/1.20220623.0/abseil.podspec.json exists! Returning local because checking is only performed in repo update
  CDN: trunk Relative path: Specs/3/8/6/abseil/1.20220623.0/abseil.podspec.json exists! Returning local because checking is only performed in repo update
  CDN: trunk Relative path: Specs/3/8/6/abseil/1.20220623.2/abseil.podspec.json exists! Returning local because checking is only performed in repo update
  CDN: trunk Relative path: Specs/3/8/6/abseil/1.20220623.2/abseil.podspec.json exists! Returning local because checking is only performed in repo update
  CDN: trunk Relative path: Specs/3/8/6/abseil/1.20220623.2/abseil.podspec.json exists! Returning local because checking is only performed in repo update
  CDN: trunk Relative path: Specs/3/8/6/abseil/1.20220623.2/abseil.podspec.json exists! Returning local because checking is only performed in repo update
  CDN: trunk Relative path: Specs/3/8/6/abseil/1.20220623.2/abseil.podspec.json exists! Returning local because checking is only performed in repo update
  CDN: trunk Relative path: Specs/3/8/6/abseil/1.20220623.2/abseil.podspec.json exists! Returning local because checking is only performed in repo update
  CDN: trunk Relative path: Specs/3/8/6/abseil/1.20220623.2/abseil.podspec.json exists! Returning local because checking is only performed in repo update
  CDN: trunk Relative path: Specs/3/8/6/abseil/1.20220623.2/abseil.podspec.json exists! Returning local because checking is only performed in repo update
  CDN: trunk Relative path: Specs/3/8/6/abseil/1.20220623.2/abseil.podspec.json exists! Returning local because checking is only performed in repo update
  CDN: trunk Relative path: Specs/3/8/6/abseil/1.20220623.0/abseil.podspec.json exists! Returning local because checking is only performed in repo update
  CDN: trunk Relative path: Specs/3/8/6/abseil/1.20220623.0/abseil.podspec.json exists! Returning local because checking is only performed in repo update
  CDN: trunk Relative path: Specs/3/8/6/abseil/1.20220623.0/abseil.podspec.json exists! Returning local because checking is only performed in repo update
  CDN: trunk Relative path: Specs/3/8/6/abseil/1.20220623.0/abseil.podspec.json exists! Returning local because checking is only performed in repo update
  CDN: trunk Relative path: Specs/3/8/6/abseil/1.20220623.2/abseil.podspec.json exists! Returning local because checking is only performed in repo update
  CDN: trunk Relative path: Specs/3/8/6/abseil/1.20220623.2/abseil.podspec.json exists! Returning local because checking is only performed in repo update
  CDN: trunk Relative path: Specs/3/8/6/abseil/1.20220623.2/abseil.podspec.json exists! Returning local because checking is only performed in repo update
  CDN: trunk Relative path: Specs/3/8/6/abseil/1.20220623.2/abseil.podspec.json exists! Returning local because checking is only performed in repo update
  CDN: trunk Relative path: Specs/3/8/6/abseil/1.20220623.2/abseil.podspec.json exists! Returning local because checking is only performed in repo update
  CDN: trunk Relative path: Specs/3/8/6/abseil/1.20220623.2/abseil.podspec.json exists! Returning local because checking is only performed in repo update
  CDN: trunk Relative path: Specs/3/8/6/abseil/1.20220623.0/abseil.podspec.json exists! Returning local because checking is only performed in repo update
  CDN: trunk Relative path: Specs/3/8/6/abseil/1.20220623.0/abseil.podspec.json exists! Returning local because checking is only performed in repo update
  CDN: trunk Relative path: Specs/3/8/6/abseil/1.20220623.2/abseil.podspec.json exists! Returning local because checking is only performed in repo update
  CDN: trunk Relative path: Specs/3/8/6/abseil/1.20220623.2/abseil.podspec.json exists! Returning local because checking is only performed in repo update
  CDN: trunk Relative path: Specs/3/8/6/abseil/1.20220623.2/abseil.podspec.json exists! Returning local because checking is only performed in repo update
  CDN: trunk Relative path: Specs/3/8/6/abseil/1.20220623.2/abseil.podspec.json exists! Returning local because checking is only performed in repo update
  CDN: trunk Relative path: Specs/3/8/6/abseil/1.20220623.2/abseil.podspec.json exists! Returning local because checking is only performed in repo update
  CDN: trunk Relative path: Specs/3/8/6/abseil/1.20220623.2/abseil.podspec.json exists! Returning local because checking is only performed in repo update
  CDN: trunk Relative path: Specs/3/8/6/abseil/1.20220623.2/abseil.podspec.json exists! Returning local because checking is only performed in repo update
  CDN: trunk Relative path: Specs/3/8/6/abseil/1.20220623.2/abseil.podspec.json exists! Returning local because checking is only performed in repo update
  CDN: trunk Relative path: Specs/3/8/6/abseil/1.20220623.2/abseil.podspec.json exists! Returning local because checking is only performed in repo update
  CDN: trunk Relative path: Specs/3/8/6/abseil/1.20220623.2/abseil.podspec.json exists! Returning local because checking is only performed in repo update
  CDN: trunk Relative path: Specs/3/8/6/abseil/1.20220623.2/abseil.podspec.json exists! Returning local because checking is only performed in repo update
  CDN: trunk Relative path: Specs/3/8/6/abseil/1.20220623.2/abseil.podspec.json exists! Returning local because checking is only performed in repo update
  CDN: trunk Relative path: Specs/3/8/6/abseil/1.20220623.2/abseil.podspec.json exists! Returning local because checking is only performed in repo update
  CDN: trunk Relative path: Specs/3/8/6/abseil/1.20220623.2/abseil.podspec.json exists! Returning local because checking is only performed in repo update
  CDN: trunk Relative path: Specs/3/8/6/abseil/1.20220623.2/abseil.podspec.json exists! Returning local because checking is only performed in repo update
  CDN: trunk Relative path: Specs/3/8/6/abseil/1.20220623.2/abseil.podspec.json exists! Returning local because checking is only performed in repo update
  CDN: trunk Relative path: Specs/3/8/6/abseil/1.20220623.2/abseil.podspec.json exists! Returning local because checking is only performed in repo update
  CDN: trunk Relative path: Specs/3/8/6/abseil/1.20220623.0/abseil.podspec.json exists! Returning local because checking is only performed in repo update
  CDN: trunk Relative path: Specs/6/1/e/nanopb/2.30909.1/nanopb.podspec.json exists! Returning local because checking is only performed in repo update
  CDN: trunk Relative path: Specs/6/1/e/nanopb/2.30909.0/nanopb.podspec.json exists! Returning local because checking is only performed in repo update
  CDN: trunk Relative path: Specs/6/1/e/nanopb/2.30908.0/nanopb.podspec.json exists! Returning local because checking is only performed in repo update
  CDN: trunk Relative path: Specs/6/1/e/nanopb/2.30909.1/nanopb.podspec.json exists! Returning local because checking is only performed in repo update
  CDN: trunk Relative path: Specs/6/1/e/nanopb/2.30909.1/nanopb.podspec.json exists! Returning local because checking is only performed in repo update
  CDN: trunk Relative path: Specs/f/1/2/ASN1Decoder/1.10.0/ASN1Decoder.podspec.json exists! Returning local because checking is only performed in repo update
  CDN: trunk Relative path: Specs/f/1/2/ASN1Decoder/1.9.0/ASN1Decoder.podspec.json exists! Returning local because checking is only performed in repo update
  CDN: trunk Relative path: Specs/f/1/2/ASN1Decoder/1.8.0/ASN1Decoder.podspec.json exists! Returning local because checking is only performed in repo update
  CDN: trunk Relative path: Specs/a/d/a/leveldb-library/1.22.6/leveldb-library.podspec.json exists! Returning local because checking is only performed in repo update
  CDN: trunk Relative path: Specs/a/d/a/leveldb-library/1.22.5/leveldb-library.podspec.json exists! Returning local because checking is only performed in repo update
  CDN: trunk Relative path: Specs/a/d/a/leveldb-library/1.22.4/leveldb-library.podspec.json exists! Returning local because checking is only performed in repo update
  CDN: trunk Relative path: Specs/a/d/a/leveldb-library/1.22.3/leveldb-library.podspec.json exists! Returning local because checking is only performed in repo update
  CDN: trunk Relative path: Specs/a/d/a/leveldb-library/1.22.2/leveldb-library.podspec.json exists! Returning local because checking is only performed in repo update
  CDN: trunk Relative path: Specs/a/d/a/leveldb-library/1.22.1/leveldb-library.podspec.json exists! Returning local because checking is only performed in repo update
  CDN: trunk Relative path: Specs/a/d/a/leveldb-library/1.22/leveldb-library.podspec.json exists! Returning local because checking is only performed in repo update
  CDN: trunk Relative path: Specs/b/b/a/YoutubePlayer-in-WKWebView/0.3.11/YoutubePlayer-in-WKWebView.podspec.json exists! Returning local because checking is only performed in repo update
  CDN: trunk Relative path: Specs/b/b/a/YoutubePlayer-in-WKWebView/0.3.9/YoutubePlayer-in-WKWebView.podspec.json exists! Returning local because checking is only performed in repo update
  CDN: trunk Relative path: Specs/b/b/a/YoutubePlayer-in-WKWebView/0.3.8/YoutubePlayer-in-WKWebView.podspec.json exists! Returning local because checking is only performed in repo update
  CDN: trunk Relative path: Specs/b/b/a/YoutubePlayer-in-WKWebView/0.3.7/YoutubePlayer-in-WKWebView.podspec.json exists! Returning local because checking is only performed in repo update
  CDN: trunk Relative path: Specs/b/b/a/YoutubePlayer-in-WKWebView/0.3.5/YoutubePlayer-in-WKWebView.podspec.json exists! Returning local because checking is only performed in repo update
  CDN: trunk Relative path: Specs/b/b/a/YoutubePlayer-in-WKWebView/0.3.4/YoutubePlayer-in-WKWebView.podspec.json exists! Returning local because checking is only performed in repo update
  CDN: trunk Relative path: Specs/b/b/a/YoutubePlayer-in-WKWebView/0.3.3/YoutubePlayer-in-WKWebView.podspec.json exists! Returning local because checking is only performed in repo update
  CDN: trunk Relative path: Specs/b/b/a/YoutubePlayer-in-WKWebView/0.3.2/YoutubePlayer-in-WKWebView.podspec.json exists! Returning local because checking is only performed in repo update
  CDN: trunk Relative path: Specs/b/b/a/YoutubePlayer-in-WKWebView/0.3.1/YoutubePlayer-in-WKWebView.podspec.json exists! Returning local because checking is only performed in repo update
  CDN: trunk Relative path: Specs/0/8/4/GoogleUtilities/7.13.3/GoogleUtilities.podspec.json exists! Returning local because checking is only performed in repo update
  CDN: trunk Relative path: Specs/0/8/4/GoogleUtilities/7.13.3/GoogleUtilities.podspec.json exists! Returning local because checking is only performed in repo update
  CDN: trunk Relative path: Specs/0/8/4/GoogleUtilities/7.13.3/GoogleUtilities.podspec.json exists! Returning local because checking is only performed in repo update
  CDN: trunk Relative path: all_pods_versions_0_b_5.txt exists! Returning local because checking is only performed in repo update
  CDN: trunk Relative path: Specs/0/b/5/PromisesObjC/2.4.0/PromisesObjC.podspec.json exists! Returning local because checking is only performed in repo update
  CDN: trunk Relative path: Specs/0/8/4/GoogleUtilities/7.13.3/GoogleUtilities.podspec.json exists! Returning local because checking is only performed in repo update
  CDN: trunk Relative path: Specs/0/8/4/GoogleUtilities/7.13.3/GoogleUtilities.podspec.json exists! Returning local because checking is only performed in repo update
  CDN: trunk Relative path: Specs/0/8/4/GoogleUtilities/7.13.3/GoogleUtilities.podspec.json exists! Returning local because checking is only performed in repo update
  CDN: trunk Relative path: Specs/0/b/5/PromisesObjC/2.4.0/PromisesObjC.podspec.json exists! Returning local because checking is only performed in repo update
  CDN: trunk Relative path: Specs/0/b/5/PromisesObjC/2.3.1/PromisesObjC.podspec.json exists! Returning local because checking is only performed in repo update
  CDN: trunk Relative path: Specs/0/b/5/PromisesObjC/2.3.0/PromisesObjC.podspec.json exists! Returning local because checking is only performed in repo update
  CDN: trunk Relative path: Specs/0/b/5/PromisesObjC/2.2.0/PromisesObjC.podspec.json exists! Returning local because checking is only performed in repo update
  CDN: trunk Relative path: Specs/0/b/5/PromisesObjC/2.1.1/PromisesObjC.podspec.json exists! Returning local because checking is only performed in repo update
  CDN: trunk Relative path: Specs/0/b/5/PromisesObjC/2.1.0/PromisesObjC.podspec.json exists! Returning local because checking is only performed in repo update
  CDN: trunk Relative path: Specs/0/b/5/PromisesObjC/2.0.0/PromisesObjC.podspec.json exists! Returning local because checking is only performed in repo update
  CDN: trunk Relative path: Specs/0/b/5/PromisesObjC/1.2.12/PromisesObjC.podspec.json exists! Returning local because checking is only performed in repo update
  CDN: trunk Relative path: Specs/0/b/5/PromisesObjC/1.2.11/PromisesObjC.podspec.json exists! Returning local because checking is only performed in repo update
  CDN: trunk Relative path: Specs/0/b/5/PromisesObjC/1.2.10/PromisesObjC.podspec.json exists! Returning local because checking is only performed in repo update
  CDN: trunk Relative path: Specs/0/b/5/PromisesObjC/1.2.9/PromisesObjC.podspec.json exists! Returning local because checking is only performed in repo update
  CDN: trunk Relative path: Specs/0/b/5/PromisesObjC/1.2.8/PromisesObjC.podspec.json exists! Returning local because checking is only performed in repo update
  CDN: trunk Relative path: Specs/0/b/5/PromisesObjC/1.2.7/PromisesObjC.podspec.json exists! Returning local because checking is only performed in repo update
  CDN: trunk Relative path: Specs/0/b/5/PromisesObjC/1.2.6/PromisesObjC.podspec.json exists! Returning local because checking is only performed in repo update
  CDN: trunk Relative path: Specs/0/b/5/PromisesObjC/1.2.5/PromisesObjC.podspec.json exists! Returning local because checking is only performed in repo update
  CDN: trunk Relative path: Specs/0/b/5/PromisesObjC/1.2.4/PromisesObjC.podspec.json exists! Returning local because checking is only performed in repo update
  CDN: trunk Relative path: Specs/0/b/5/PromisesObjC/1.2.3/PromisesObjC.podspec.json exists! Returning local because checking is only performed in repo update
  CDN: trunk Relative path: Specs/0/b/5/PromisesObjC/1.2.2/PromisesObjC.podspec.json exists! Returning local because checking is only performed in repo update
  CDN: trunk Relative path: Specs/0/b/5/PromisesObjC/1.2.1/PromisesObjC.podspec.json exists! Returning local because checking is only performed in repo update
  CDN: trunk Relative path: Specs/0/b/5/PromisesObjC/1.2/PromisesObjC.podspec.json exists! Returning local because checking is only performed in repo update
  CDN: trunk Relative path: Specs/d/d/6/ReachabilitySwift/5.2.4/ReachabilitySwift.podspec.json exists! Returning local because checking is only performed in repo update
  CDN: trunk Relative path: Specs/d/d/6/ReachabilitySwift/5.2.3/ReachabilitySwift.podspec.json exists! Returning local because checking is only performed in repo update
  CDN: trunk Relative path: Specs/d/d/6/ReachabilitySwift/5.2.2/ReachabilitySwift.podspec.json exists! Returning local because checking is only performed in repo update
  CDN: trunk Relative path: Specs/d/d/6/ReachabilitySwift/5.2.1/ReachabilitySwift.podspec.json exists! Returning local because checking is only performed in repo update
  CDN: trunk Relative path: Specs/d/d/6/ReachabilitySwift/5.0.0/ReachabilitySwift.podspec.json exists! Returning local because checking is only performed in repo update
  CDN: trunk Relative path: Specs/d/d/6/ReachabilitySwift/5.0.0-beta1/ReachabilitySwift.podspec.json exists! Returning local because checking is only performed in repo update
  CDN: trunk Relative path: Specs/d/d/6/ReachabilitySwift/4.3.1/ReachabilitySwift.podspec.json exists! Returning local because checking is only performed in repo update
  CDN: trunk Relative path: Specs/d/d/6/ReachabilitySwift/4.3.0/ReachabilitySwift.podspec.json exists! Returning local because checking is only performed in repo update
  CDN: trunk Relative path: Specs/d/d/6/ReachabilitySwift/4.2.1/ReachabilitySwift.podspec.json exists! Returning local because checking is only performed in repo update
  CDN: trunk Relative path: Specs/d/d/6/ReachabilitySwift/4.2.0/ReachabilitySwift.podspec.json exists! Returning local because checking is only performed in repo update
  CDN: trunk Relative path: Specs/d/d/6/ReachabilitySwift/4.1.0/ReachabilitySwift.podspec.json exists! Returning local because checking is only performed in repo update
  CDN: trunk Relative path: Specs/d/d/6/ReachabilitySwift/4.0.0/ReachabilitySwift.podspec.json exists! Returning local because checking is only performed in repo update
  CDN: trunk Relative path: Specs/d/d/6/ReachabilitySwift/4.0-beta2/ReachabilitySwift.podspec.json exists! Returning local because checking is only performed in repo update
  CDN: trunk Relative path: Specs/d/d/6/ReachabilitySwift/3/ReachabilitySwift.podspec.json exists! Returning local because checking is only performed in repo update
  CDN: trunk Relative path: Specs/d/d/6/ReachabilitySwift/2.4/ReachabilitySwift.podspec.json exists! Returning local because checking is only performed in repo update
  CDN: trunk Relative path: Specs/d/d/6/ReachabilitySwift/2.3.3/ReachabilitySwift.podspec.json exists! Returning local because checking is only performed in repo update
  CDN: trunk Relative path: Specs/d/d/6/ReachabilitySwift/2.3/ReachabilitySwift.podspec.json exists! Returning local because checking is only performed in repo update
  CDN: trunk Relative path: Specs/d/d/6/ReachabilitySwift/2.1/ReachabilitySwift.podspec.json exists! Returning local because checking is only performed in repo update
  CDN: trunk Relative path: Specs/d/d/6/ReachabilitySwift/2.0/ReachabilitySwift.podspec.json exists! Returning local because checking is only performed in repo update
  CDN: trunk Relative path: Specs/d/d/6/ReachabilitySwift/2.0-beta1/ReachabilitySwift.podspec.json exists! Returning local because checking is only performed in repo update
  CDN: trunk Relative path: Specs/d/d/6/ReachabilitySwift/1.1/ReachabilitySwift.podspec.json exists! Returning local because checking is only performed in repo update
  CDN: trunk Relative path: Specs/2/f/7/FirebaseInstallations/10.29.0/FirebaseInstallations.podspec.json exists! Returning local because checking is only performed in repo update
  CDN: trunk Relative path: Specs/2/f/7/FirebaseInstallations/10.28.0/FirebaseInstallations.podspec.json exists! Returning local because checking is only performed in repo update
  CDN: trunk Relative path: Specs/2/f/7/FirebaseInstallations/10.27.0/FirebaseInstallations.podspec.json exists! Returning local because checking is only performed in repo update
  CDN: trunk Relative path: Specs/2/f/7/FirebaseInstallations/10.25.0/FirebaseInstallations.podspec.json exists! Returning local because checking is only performed in repo update
  CDN: trunk Relative path: Specs/2/f/7/FirebaseInstallations/10.24.0/FirebaseInstallations.podspec.json exists! Returning local because checking is only performed in repo update
  CDN: trunk Relative path: Specs/2/f/7/FirebaseInstallations/10.23.0/FirebaseInstallations.podspec.json exists! Returning local because checking is only performed in repo update
  CDN: trunk Relative path: Specs/2/f/7/FirebaseInstallations/10.22.0/FirebaseInstallations.podspec.json exists! Returning local because checking is only performed in repo update
  CDN: trunk Relative path: Specs/2/f/7/FirebaseInstallations/10.21.0/FirebaseInstallations.podspec.json exists! Returning local because checking is only performed in repo update
  CDN: trunk Relative path: Specs/2/f/7/FirebaseInstallations/10.20.0/FirebaseInstallations.podspec.json exists! Returning local because checking is only performed in repo update
  CDN: trunk Relative path: Specs/2/f/7/FirebaseInstallations/10.19.0/FirebaseInstallations.podspec.json exists! Returning local because checking is only performed in repo update
  CDN: trunk Relative path: Specs/2/f/7/FirebaseInstallations/10.18.0/FirebaseInstallations.podspec.json exists! Returning local because checking is only performed in repo update
  CDN: trunk Relative path: Specs/2/f/7/FirebaseInstallations/10.17.0/FirebaseInstallations.podspec.json exists! Returning local because checking is only performed in repo update
  CDN: trunk Relative path: Specs/2/f/7/FirebaseInstallations/10.16.0/FirebaseInstallations.podspec.json exists! Returning local because checking is only performed in repo update
  CDN: trunk Relative path: Specs/2/f/7/FirebaseInstallations/10.15.0/FirebaseInstallations.podspec.json exists! Returning local because checking is only performed in repo update
  CDN: trunk Relative path: Specs/2/f/7/FirebaseInstallations/10.14.0/FirebaseInstallations.podspec.json exists! Returning local because checking is only performed in repo update
  CDN: trunk Relative path: Specs/2/f/7/FirebaseInstallations/10.13.0/FirebaseInstallations.podspec.json exists! Returning local because checking is only performed in repo update
  CDN: trunk Relative path: Specs/2/f/7/FirebaseInstallations/10.12.0/FirebaseInstallations.podspec.json exists! Returning local because checking is only performed in repo update
  CDN: trunk Relative path: Specs/2/f/7/FirebaseInstallations/10.11.0/FirebaseInstallations.podspec.json exists! Returning local because checking is only performed in repo update
  CDN: trunk Relative path: Specs/2/f/7/FirebaseInstallations/10.10.0/FirebaseInstallations.podspec.json exists! Returning local because checking is only performed in repo update
  CDN: trunk Relative path: Specs/2/f/7/FirebaseInstallations/10.9.0/FirebaseInstallations.podspec.json exists! Returning local because checking is only performed in repo update
  CDN: trunk Relative path: Specs/2/f/7/FirebaseInstallations/10.8.0/FirebaseInstallations.podspec.json exists! Returning local because checking is only performed in repo update
  CDN: trunk Relative path: Specs/2/f/7/FirebaseInstallations/10.7.0/FirebaseInstallations.podspec.json exists! Returning local because checking is only performed in repo update
  CDN: trunk Relative path: Specs/2/f/7/FirebaseInstallations/10.6.0/FirebaseInstallations.podspec.json exists! Returning local because checking is only performed in repo update
  CDN: trunk Relative path: Specs/2/f/7/FirebaseInstallations/10.5.0/FirebaseInstallations.podspec.json exists! Returning local because checking is only performed in repo update
  CDN: trunk Relative path: Specs/2/f/7/FirebaseInstallations/10.4.0/FirebaseInstallations.podspec.json exists! Returning local because checking is only performed in repo update
  CDN: trunk Relative path: Specs/2/f/7/FirebaseInstallations/10.3.0/FirebaseInstallations.podspec.json exists! Returning local because checking is only performed in repo update
  CDN: trunk Relative path: Specs/2/f/7/FirebaseInstallations/10.2.0/FirebaseInstallations.podspec.json exists! Returning local because checking is only performed in repo update
  CDN: trunk Relative path: Specs/2/f/7/FirebaseInstallations/10.1.0/FirebaseInstallations.podspec.json exists! Returning local because checking is only performed in repo update
  CDN: trunk Relative path: Specs/2/f/7/FirebaseInstallations/10.0.0/FirebaseInstallations.podspec.json exists! Returning local because checking is only performed in repo update
  CDN: trunk Relative path: Specs/0/8/4/GoogleUtilities/7.8.0/GoogleUtilities.podspec.json exists! Returning local because checking is only performed in repo update
  CDN: trunk Relative path: Specs/0/8/4/GoogleUtilities/7.10.0/GoogleUtilities.podspec.json exists! Returning local because checking is only performed in repo update
  CDN: trunk Relative path: Specs/0/8/4/GoogleUtilities/7.11.0/GoogleUtilities.podspec.json exists! Returning local because checking is only performed in repo update
  CDN: trunk Relative path: Specs/0/8/4/GoogleUtilities/7.11.1/GoogleUtilities.podspec.json exists! Returning local because checking is only performed in repo update
  CDN: trunk Relative path: Specs/0/8/4/GoogleUtilities/7.11.4/GoogleUtilities.podspec.json exists! Returning local because checking is only performed in repo update
  CDN: trunk Relative path: Specs/0/8/4/GoogleUtilities/7.11.5/GoogleUtilities.podspec.json exists! Returning local because checking is only performed in repo update
  CDN: trunk Relative path: Specs/0/8/4/GoogleUtilities/7.11.6/GoogleUtilities.podspec.json exists! Returning local because checking is only performed in repo update
  CDN: trunk Relative path: Specs/0/8/4/GoogleUtilities/7.12.0/GoogleUtilities.podspec.json exists! Returning local because checking is only performed in repo update
  CDN: trunk Relative path: Specs/0/8/4/GoogleUtilities/7.13.0/GoogleUtilities.podspec.json exists! Returning local because checking is only performed in repo update
  CDN: trunk Relative path: Specs/0/8/4/GoogleUtilities/7.13.2/GoogleUtilities.podspec.json exists! Returning local because checking is only performed in repo update
  CDN: trunk Relative path: Specs/0/8/4/GoogleUtilities/7.13.3/GoogleUtilities.podspec.json exists! Returning local because checking is only performed in repo update
  CDN: trunk Relative path: Specs/0/b/5/PromisesObjC/2.4.0/PromisesObjC.podspec.json exists! Returning local because checking is only performed in repo update
  CDN: trunk Relative path: Specs/0/b/5/PromisesObjC/2.3.1/PromisesObjC.podspec.json exists! Returning local because checking is only performed in repo update
  CDN: trunk Relative path: Specs/0/b/5/PromisesObjC/2.3.0/PromisesObjC.podspec.json exists! Returning local because checking is only performed in repo update
  CDN: trunk Relative path: Specs/0/b/5/PromisesObjC/2.2.0/PromisesObjC.podspec.json exists! Returning local because checking is only performed in repo update
  CDN: trunk Relative path: Specs/0/b/5/PromisesObjC/2.1.1/PromisesObjC.podspec.json exists! Returning local because checking is only performed in repo update
  CDN: trunk Relative path: Specs/0/b/5/PromisesObjC/2.1.0/PromisesObjC.podspec.json exists! Returning local because checking is only performed in repo update
  CDN: trunk Relative path: Specs/7/9/1/FirebaseCoreInternal/10.29.0/FirebaseCoreInternal.podspec.json exists! Returning local because checking is only performed in repo update
  CDN: trunk Relative path: Specs/7/9/1/FirebaseCoreInternal/10.28.0/FirebaseCoreInternal.podspec.json exists! Returning local because checking is only performed in repo update
  CDN: trunk Relative path: Specs/7/9/1/FirebaseCoreInternal/10.27.0/FirebaseCoreInternal.podspec.json exists! Returning local because checking is only performed in repo update
  CDN: trunk Relative path: Specs/7/9/1/FirebaseCoreInternal/10.25.0/FirebaseCoreInternal.podspec.json exists! Returning local because checking is only performed in repo update
  CDN: trunk Relative path: Specs/7/9/1/FirebaseCoreInternal/10.24.0/FirebaseCoreInternal.podspec.json exists! Returning local because checking is only performed in repo update
  CDN: trunk Relative path: Specs/7/9/1/FirebaseCoreInternal/10.23.0/FirebaseCoreInternal.podspec.json exists! Returning local because checking is only performed in repo update
  CDN: trunk Relative path: Specs/7/9/1/FirebaseCoreInternal/10.22.0/FirebaseCoreInternal.podspec.json exists! Returning local because checking is only performed in repo update
  CDN: trunk Relative path: Specs/7/9/1/FirebaseCoreInternal/10.21.0/FirebaseCoreInternal.podspec.json exists! Returning local because checking is only performed in repo update
  CDN: trunk Relative path: Specs/7/9/1/FirebaseCoreInternal/10.20.0/FirebaseCoreInternal.podspec.json exists! Returning local because checking is only performed in repo update
  CDN: trunk Relative path: Specs/7/9/1/FirebaseCoreInternal/10.19.0/FirebaseCoreInternal.podspec.json exists! Returning local because checking is only performed in repo update
  CDN: trunk Relative path: Specs/7/9/1/FirebaseCoreInternal/10.18.0/FirebaseCoreInternal.podspec.json exists! Returning local because checking is only performed in repo update
  CDN: trunk Relative path: Specs/7/9/1/FirebaseCoreInternal/10.17.0/FirebaseCoreInternal.podspec.json exists! Returning local because checking is only performed in repo update
  CDN: trunk Relative path: Specs/7/9/1/FirebaseCoreInternal/10.16.0/FirebaseCoreInternal.podspec.json exists! Returning local because checking is only performed in repo update
  CDN: trunk Relative path: Specs/7/9/1/FirebaseCoreInternal/10.15.0/FirebaseCoreInternal.podspec.json exists! Returning local because checking is only performed in repo update
  CDN: trunk Relative path: Specs/7/9/1/FirebaseCoreInternal/10.14.0/FirebaseCoreInternal.podspec.json exists! Returning local because checking is only performed in repo update
  CDN: trunk Relative path: Specs/7/9/1/FirebaseCoreInternal/10.13.0/FirebaseCoreInternal.podspec.json exists! Returning local because checking is only performed in repo update
  CDN: trunk Relative path: Specs/7/9/1/FirebaseCoreInternal/10.12.0/FirebaseCoreInternal.podspec.json exists! Returning local because checking is only performed in repo update
  CDN: trunk Relative path: Specs/7/9/1/FirebaseCoreInternal/10.11.0/FirebaseCoreInternal.podspec.json exists! Returning local because checking is only performed in repo update
  CDN: trunk Relative path: Specs/7/9/1/FirebaseCoreInternal/10.10.0/FirebaseCoreInternal.podspec.json exists! Returning local because checking is only performed in repo update
  CDN: trunk Relative path: Specs/7/9/1/FirebaseCoreInternal/10.9.0/FirebaseCoreInternal.podspec.json exists! Returning local because checking is only performed in repo update
  CDN: trunk Relative path: Specs/7/9/1/FirebaseCoreInternal/10.8.0/FirebaseCoreInternal.podspec.json exists! Returning local because checking is only performed in repo update
  CDN: trunk Relative path: Specs/7/9/1/FirebaseCoreInternal/10.7.0/FirebaseCoreInternal.podspec.json exists! Returning local because checking is only performed in repo update
  CDN: trunk Relative path: Specs/7/9/1/FirebaseCoreInternal/10.6.0/FirebaseCoreInternal.podspec.json exists! Returning local because checking is only performed in repo update
  CDN: trunk Relative path: Specs/7/9/1/FirebaseCoreInternal/10.5.0/FirebaseCoreInternal.podspec.json exists! Returning local because checking is only performed in repo update
  CDN: trunk Relative path: Specs/7/9/1/FirebaseCoreInternal/10.4.0/FirebaseCoreInternal.podspec.json exists! Returning local because checking is only performed in repo update
  CDN: trunk Relative path: Specs/7/9/1/FirebaseCoreInternal/10.3.0/FirebaseCoreInternal.podspec.json exists! Returning local because checking is only performed in repo update
  CDN: trunk Relative path: Specs/7/9/1/FirebaseCoreInternal/10.2.0/FirebaseCoreInternal.podspec.json exists! Returning local because checking is only performed in repo update
  CDN: trunk Relative path: Specs/7/9/1/FirebaseCoreInternal/10.1.0/FirebaseCoreInternal.podspec.json exists! Returning local because checking is only performed in repo update
  CDN: trunk Relative path: Specs/7/9/1/FirebaseCoreInternal/10.0.0/FirebaseCoreInternal.podspec.json exists! Returning local because checking is only performed in repo update
  CDN: trunk Relative path: Specs/0/8/4/GoogleUtilities/7.8.0/GoogleUtilities.podspec.json exists! Returning local because checking is only performed in repo update
  CDN: trunk Relative path: Specs/0/8/4/GoogleUtilities/7.10.0/GoogleUtilities.podspec.json exists! Returning local because checking is only performed in repo update
  CDN: trunk Relative path: Specs/0/8/4/GoogleUtilities/7.11.0/GoogleUtilities.podspec.json exists! Returning local because checking is only performed in repo update
  CDN: trunk Relative path: Specs/0/8/4/GoogleUtilities/7.11.1/GoogleUtilities.podspec.json exists! Returning local because checking is only performed in repo update
  CDN: trunk Relative path: Specs/0/8/4/GoogleUtilities/7.11.4/GoogleUtilities.podspec.json exists! Returning local because checking is only performed in repo update
  CDN: trunk Relative path: Specs/0/8/4/GoogleUtilities/7.11.5/GoogleUtilities.podspec.json exists! Returning local because checking is only performed in repo update
  CDN: trunk Relative path: Specs/0/8/4/GoogleUtilities/7.11.6/GoogleUtilities.podspec.json exists! Returning local because checking is only performed in repo update
  CDN: trunk Relative path: Specs/0/8/4/GoogleUtilities/7.12.0/GoogleUtilities.podspec.json exists! Returning local because checking is only performed in repo update
  CDN: trunk Relative path: Specs/0/8/4/GoogleUtilities/7.13.0/GoogleUtilities.podspec.json exists! Returning local because checking is only performed in repo update
  CDN: trunk Relative path: Specs/0/8/4/GoogleUtilities/7.13.2/GoogleUtilities.podspec.json exists! Returning local because checking is only performed in repo update
  CDN: trunk Relative path: Specs/0/8/4/GoogleUtilities/7.13.3/GoogleUtilities.podspec.json exists! Returning local because checking is only performed in repo update

Comparing resolved specification to the sandbox manifest
  A ASN1Decoder
  A BVLinearGradient
  A BoringSSL-GRPC
  A DoubleConversion
  A EASClient
  A EXApplication
  A EXConstants
  A EXFileSystem
  A EXFont
  A EXJSONUtils
  A EXManifests
  A EXNotifications
  A EXSplashScreen
  A EXStructuredHeaders
  A EXUpdates
  A EXUpdatesInterface
  A Expo
  A ExpoKeepAwake
  A ExpoModulesCore
  A ExpoSQLite
  A FBLazyVector
  A FBReactNativeSpec
  A Firebase
  A FirebaseAnalytics
  A FirebaseCore
  A FirebaseCoreInternal
  A FirebaseFirestore
  A FirebaseInstallations
  A GoogleAppMeasurement
  A GoogleUtilities
  A PromisesObjC
  A RCT-Folly
  A RCTRequired
  A RCTTypeSafety
  A RCTYouTube
  A RNCAsyncStorage
  A RNCPicker
  A RNDateTimePicker
  A RNFBAnalytics
  A RNFBApp
  A RNFBFirestore
  A RNGestureHandler
  A RNInAppBrowser
  A RNRate
  A RNReactNativeHapticFeedback
  A RNReanimated
  A RNScreens
  A ReachabilitySwift
  A React
  A React-Codegen
  A React-Core
  A React-CoreModules
  A React-NativeModulesApple
  A React-RCTActionSheet
  A React-RCTAnimation
  A React-RCTAppDelegate
  A React-RCTBlob
  A React-RCTImage
  A React-RCTLinking
  A React-RCTNetwork
  A React-RCTSettings
  A React-RCTText
  A React-RCTVibration
  A React-callinvoker
  A React-cxxreact
  A React-debug
  A React-jsc
  A React-jsi
  A React-jsiexecutor
  A React-jsinspector
  A React-logger
  A React-perflogger
  A React-rncore
  A React-runtimeexecutor
  A React-runtimescheduler
  A React-utils
  A ReactCommon
  A SocketRocket
  A Yoga
  A YoutubePlayer-in-WKWebView
  A abseil
  A boost
  A fmt
  A gRPC-C++
  A gRPC-Core
  A glog
  A leveldb-library
  A nanopb
  A react-native-config
  A react-native-safe-area-context
  A react-native-slider
  A react-native-webview

Downloading dependencies

-> Installing ASN1Decoder (1.10.0)
 > Git download
 > Git download
     $ /usr/bin/git clone https://github.com/filom/ASN1Decoder.git /var/folders/3n/wjddhk5s4b9_8vrk72p0c4gc0000gn/T/d20250109-7347-h4c9jb --template= --single-branch --depth 1 --branch 1.10.0
     Cloning into '/var/folders/3n/wjddhk5s4b9_8vrk72p0c4gc0000gn/T/d20250109-7347-h4c9jb'...
     Note: switching to '7e1523662c69d019a3299bbfb22fb824141dd1f6'.
     
     You are in 'detached HEAD' state. You can look around, make experimental
     changes and commit them, and you can discard any commits you make in this
     state without impacting any branches by switching back to a branch.
     
     If you want to create a new branch to retain commits you create, you may
     do so (now or later) by using -c with the switch command. Example:
     
       git switch -c <new-branch-name>
     
     Or undo this operation with:
     
       git switch -
     
     Turn off this advice by setting config variable advice.detachedHead to false
     
  $ /usr/bin/rsync -a --exclude=.git --delete /var/folders/3n/wjddhk5s4b9_8vrk72p0c4gc0000gn/T/d20250109-7347-h4c9jb/ /Users/gr0nk/Library/Caches/CocoaPods/Pods/Release/ASN1Decoder/1.10.0-91cb1
  > Copying ASN1Decoder from `/Users/gr0nk/Library/Caches/CocoaPods/Pods/Release/ASN1Decoder/1.10.0-91cb1` to `Pods/ASN1Decoder`

-> Installing BVLinearGradient (2.8.3)

-> Installing BoringSSL-GRPC (0.0.24)
 > Git download
 > Git download
     $ /usr/bin/git clone https://github.com/google/boringssl.git /var/folders/3n/wjddhk5s4b9_8vrk72p0c4gc0000gn/T/d20250109-7347-nqbmjo --template=
     Cloning into '/var/folders/3n/wjddhk5s4b9_8vrk72p0c4gc0000gn/T/d20250109-7347-nqbmjo'...
   $ /usr/bin/git -C /var/folders/3n/wjddhk5s4b9_8vrk72p0c4gc0000gn/T/d20250109-7347-nqbmjo checkout --quiet b9232f9e27e5668bc0414879dcdedb2a59ea75f2
  $ /usr/bin/rsync -a --exclude=.git --delete /var/folders/3n/wjddhk5s4b9_8vrk72p0c4gc0000gn/T/d20250109-7347-nqbmjo/ /Users/gr0nk/Library/Caches/CocoaPods/Pods/Release/BoringSSL-GRPC/0.0.24-3175b
 > Running prepare command
   $ /bin/bash -c  set -e set -e # Add a module map and an umbrella header mkdir -p src/include/openssl cat > src/include/openssl/umbrella.h <<EOF   #include "ssl.h"   #include "crypto.h"   #include "aes.h"   /* The following macros are defined by base.h. The latter is the first file included by the      other headers. */   #if defined(OPENSSL_ARM) || defined(OPENSSL_AARCH64)   #  include "arm_arch.h"   #endif   #include "asn1.h"   #include "asn1_mac.h"   #include "asn1t.h"   #include "blowfish.h"   #include "cast.h"   #include "chacha.h"   #include "cmac.h"   #include "conf.h"   #include "cpu.h"   #include "curve25519.h"   #include "des.h"   #include "dtls1.h"   #include "hkdf.h"   #include "md4.h"   #include "md5.h"   #include "obj_mac.h"   #include "objects.h"   #include "opensslv.h"   #include "ossl_typ.h"   #include "pkcs12.h"   #include "pkcs7.h"   #include "pkcs8.h"   #include "poly1305.h"   #include "rand.h"   #include "rc4.h"   #include "ripemd.h"   #include "safestack.h"   #include "srtp.h"   #include "x509.h"   #include "x509v3.h" EOF cat > src/include/openssl/BoringSSL.modulemap <<EOF   framework module openssl {     umbrella header "umbrella.h"     textual header "arm_arch.h"     export *     module * { export * }   } EOF  # To avoid symbol conflict with OpenSSL, gRPC needs to rename all the BoringSSL symbols with a # prefix. This is done with BoringSSL's BORINGSSL_PREFIX mechanism # (https://github.com/google/boringssl/blob/75148d7abf12bdd1797fec3c5da9a21963703516/BUILDING.md#building-with-prefixed-symbols). # The required prefix header file boringssl_prefix_symbols.h is not part of BoringSSL repo at # this moment. It has to be generated by BoringSSL's users and be injected to BoringSSL build. # gRPC generates this file in script /tools/distrib/upgrade_boringssl_objc.sh. This script # outputs a gzip+base64 encoded version of boringssl_prefix_symbols.h because of Cocoapods' # limit on the 'prepare_command' field length. The encoded header is generated from # /src/boringssl/boringssl_prefix_symbols.h. Here we decode the content and inject the header to # the correct location in BoringSSL. case "$(uname)" in   Darwin) opts="" ;;        *) opts="--ignore-garbage" ;; esac base64 --decode $opts <<EOF | gunzip > src/include/openssl/boringssl_prefix_symbols.h   H4sICAAAAAAC/2JvcmluZ3NzbF9wcmVmaXhfc3ltYm9scy5oAKydXXPbuJZo3+dXuO683Kk6NRM7nW73   fVNsJdG0Y/tIck9nXliURNk8oUiFoOy4f/0FQErEx94g94arTs10LK21KQDEF0Hgv/7r7DErszptss3Z   6vX0j2RV1Xn5KESR7Otsm/9MnrJ0k9X/KZ7OqvLso/50sbg5W1e7Xd78v7PV7xfvL7a/Zxe/ZR9+/fVy   tX73y/kvl7/9vllvss3qIv3we5b+9mF78W//9l//dXZV7V/r/PGpOfu/6/84u3h3fvmPs89V9VhkZ7Ny   /Z/yK+pb91m9y4XIZbymOjuI7B8y2v71H2e7apNv5f9Py81/VfXZJhdNna8OTXbWPOXiTFTb5iWts7Ot   /DAtX5Vrf6j3lcjOXvJG/oBa///q0Jxts+xMIk9ZnalfX6elTIh/nO3r6jmXFy6FaSP/T3aWrqrnTJnW   p2svqyZfZ+oq2rj7/nqPH+33WVqf5eVZWhSKzDNx/HXLL9Ozxd2n5f9M5tOz2eLsfn735+x6en32fyYL   +e//cza5vdZfmjwsv9zNz65ni6ubyezr4mxyc3MmqfnkdjmbLpTrf2bLL2fz6efJXCJ3kpK+3n17dfNw   Pbv9rMHZ1/ubmYzSC87uPinH1+n86ov8y+Tj7Ga2/KbDf5otb6eLxX9Kx9nt3dn0z+nt8mzxRXmMK/s4   PbuZTT7eTM8+yX9Nbr8p3eJ+ejWb3PxDXvd8erX8h1Qc/0t+6erudjH954PUye+cXU++Tj6rC9H08Z/6   h32ZLBd3Mu5c/rzFw81S/YxP87uvZzd3C3XlZw+LqYwxWU4ULdNQXvLiH5Kbygucq+ueyP9dLWd3t8on   ARl6OZ+o67idfr6ZfZ7eXk0Ve6eB5d1cfvdh0TH/OJvMZwsV9O5hqeg75dRF+O72dqq/06a+Sg95Lfoq   pnOZEF8nWvzJzo3/1OX/491cOuXtk0yur5P7+fTT7K+zfSqaTJw1L9WZLHplk2/zrBay8MjCX5WZzIRG   FTFZqHdC/UGJ8kbdrarEVduzXbquq7Ps5z4tdSGU/8sbcZbWj4ed9ImzVSbhTAeSd+9//tu/b+SdXWbg   5fzf9B9nq/8AP0pm8qfP2y8EHeYXz9Kzf//3s0T9n9W/9dTsLtkmspaBr6H/Y/uHf/TAf1gOkTVUS4f0   nuvlzSJZF7lMqmSXyephM1bnk46VoQM9Iqufs5qjs0jHqurCZHXYbmVx47gB3o7wfJ5c8FPWpwE7U4v6   2Cnt0549JiXC6fAoy3ST7zLVstG8BulZn2QLV2RMsQ17blYiIL8+Js/COabqirzMmzwtjr8k2Ry6mpca   CFf1cafzeVJU6SZRBtW7kV2xsYEgtjff3U9v1QfqGihVpsv1xvvp16TOungL2V1QbeJIK8QC5lVeRdkd   3o7wUstWlKv3YMgdcfmgoI+h/ng1u5c9l2STiXWd7ylFEqZBu6of0oOs58t8w9CbOOpfqd4Kz61Q1LvO   97J/H3HlvQCNsckfM9FExOgFaAy2O+D8/jMp013GFHd00M6+6hZG3bv0ZyKrbMEr744Bj5KXsVF6Axol   IguC6b+vtxEZ0NEBe9VU66pIIiKcDGiUeruOSZ8jjvqf0+LAlWsWN0eVm1CZyUWSynaNYe5IzLoqqvX3   rr7j2U0DGEU0skeY1htuplq8E+Hu632SbjbJutrt60xPxRC7gwMaIN62zjLgm4IcERMBMWX5eEdPP4uE   rW/yQxAPEjHfsALkG8THTRYoVZZ/qXLwLlk/pbIWX2d1QzL7OOg/j/OfD/n1J1aOpMUjIxDoQSK2w9Sr   CSvMEYbd2c+mTuOSzHPAkUT7MzkBOtT3rp8yWT/u6/xZzbJ/z16pdk8AxGj7q/K3PdbVYU+OYOOAv8jS   2kg9QY7gCrAYbj4xI3kaLN6u2mS8EIrErJUeVzGvvYN9d1amqyJLqrXYq0ZxX8iBPjUE5EAjifyxzLpa   QE1dSGC3F8yQsAyN3RRC5V9ZZuTuJibxY22Lg3g63rrkH2bTgF2272SnZHyTbsRVyuXbfC1rAarV5bEI   6n7huRUZsvJuZpdHIuzTOt2x3JrErG2Ny6ixHRz0tzeCaNTzGbreoBG7rtIFS92iiPfYVCdFLhqW3jLA   UeSf0kMhh4upEC+yzlhxAnmSkbGSg8jqTdqkbxL0ZIOjZz8TbqgORb1l9iKb9E32kyk/8ViEyJYalMCx   8nJbJeu0KFbp+jsnjiWAY8gbtageo6I4CjiOmoTSdy/3BrIEeAw91cKaksAkSCyZdfGxXAkSi9FbO3Kw   kdlTM1DY++OQq8fNT4dmU72wksQ2wFH0s470iToz5NGwvevZyPIshyDstPctcDTi00YARbyFkLWM/M76   e3uLsjLbt8DRZPHNt69RtYijCMbZZPvmKSKI5oMRuNlu4L5fP63svlFU65R1D4ISP1aZyVFHs9sn8wV5   csJkIfMLXfjie+psVz1n3MkHm/bt6oMkXa9lTlPVBhr0Jo9VtYmQaz4coc7K7LFqcsbgB9Eg8dpqanso   ClacHsf8q+Qpp3eWTBYzV3Kcu+ZlcseGzfxsNgUDMWIzGvAgEfVgRGeXyP/mBbMVgTj6iyt2jBYP+FVf   PcLf4gF/V8lEhDgZkCjsmyJwR6jFuRnP2qKItzzsVsTHZTaKeEV8iRRjSqSIK5FiqESKuBIphkqkiC6R   YkSJ7HqVvPJzhCF3865bPJnsq4rRzNg8EoE1lycCc3ntZ8fJG8FTn3DEf+z7sufGYAsY7ZydRueBNJKf   HepnTq1zQoNe1rSByyMRsvUTa4BkwYibNUfbk4hV5I9p8ci74I4Nm/nJbQqQGHHPOAAFEuct7qrzkXdV   Ioet1UtyKL+X1Yt6YLzvZnY4mYTLsNiR0cb4RVaoDian5XENcJT2qTtL36EBLzf/B/Ndfx45/YF5kIh6   2jgtN5yn6p4AidE+GmfWAiaO+KOep4gRz1OM78QULMuARDnUtfqS6vtww9gKLI4shruujPCiGAI4RvQT   KDHuCZR40ydQgvgEyvx+d8vt0+ZJxMQ1PUjESuhaVtaBemKYl7auBI6VpXXxqp+TdWsCOM0sYEGi8Z7m   idDTPPXhNi1EptZr1F2TmG2S7oVW3aJwAg454St5rLNUYhFpaRvgKFHP+8Tw8z4R/7xPjHneJ2Kf94nh   533iLZ73iXHP+45fE5lsM7d1+qheM+XGsiRIrNhni2Lcs0XBfLYo0GeL+hMRV7xMfjhCktaPsVGUA45U   qqdfbSpG9X8hz1BEkaSbZ7V4SWSb6LCODI6tl8fVmdhXpWAVCkuAxOA9eRahJ8/qQ7UpwaHJ1NKKrBTc   EL4FidYvS+UsvEctSDTx/dQTjbixAA0er3tRNDaeo0HidZtWcGK0KOz9ccjXEdlj4Kg/YrWDGLHaQUSt   dhADqx3az9dVvenfUIpocRAVFrdRo9CqlD1M8ZRefPg1qbbmeEvwLmHIil1N13+XfWpZfx12GS+6a4Gj   HZuAfmUqs34HRVjM2FUtYuSqFvN7uXq5qGxkdRoTrbeEo6kKZ/OUcdfUBFRIXGhtN7vDi9vw6Hn5qF5O   qWo5gtnpHYwENzSgQuLWzV7d5Nu8yHjRTAESo6nzdfQ0lG+Bo3XLm9QLgxHNhW/BorFLZ7A02nPiMWNV   2IRGVZ3Mtp1Xr5ZxO+SgaGzMmG4KbgtHb9LmIGJ/7UkyJhavkXAdwUj9Sr+4aJZnZETxJvFEMNpBTf7I   +ici1FGBxJF19uaJpddkyBpXzG0FHidb869fsbi5FilXLNGgNzppTAcSqT7wmiENwk7+ZH5oFr/rhb5B   xwA2BaOy1uaKwbW5BzWxsKV6WwqwyXv4vh19/0F/iGbTQ/Zksrg9jwuhFYNxVH8qMo5SwHHmi0lcglmC   ETHYyeZbxkTjJp5vgaNFvMbo4IN+dsq5juFI7aNkbtrBpuGobxEPj6SGfu3GlM1r8pTTZ/pBiR1revUl   +WP6baHeoafoTQ4xUl+/tUDE+ZSKZHPYF11WVeU2fyQu3RlyIZF3aS2e0kJN7NSv3bcFKy5oQqISX3Ew   OcRIb74c1PZ2G6QlapPe0+PL/nEtJc6ACo5rPBlep3s1POSE9C1wNGqRNjnMWO2S1WtDm8Dwadjevr9N   3lwIwAN+3tQaogjEYT8Uwi2BaPssIs0UPOA22wARFcgyDUVt56Lj4rWOQKS3mY4cqQxcRzsWZ8dscdTP   WW0C4EE/6x1yzIFHorWgNolbd2p/7Zq6OBA24FFiHhiFPHjEboqnyLeZXidH7ZoNuUKRdxk/0i4Lm4lz   wQCO+yMzJ5gnqiMXWbk5CjwOv0rpadiei/ZRHbcPY/JwBGJn0sBgn16Vzqs6OjTojelVOAo0TkwdLobq   cPFGtZMYXTv1T3+4cUIlVETUQCJYA4m4GkgM1UBCjiWKTbJSb+WVj0WmRsasQIAHjthU/F79kQ2bk21V   R2Q2oIHj0QeMNmlb6S/CQ++/R+wRGdwfMmJvyOC+kGqDwnTfTjWoh/qywDaUHeZDDj8Say/IwD6Q6iM1   S9W9gnJY/StbN0KVINkLpz3oGFA5cQv1JbVRererPimSCw+4k6KKDKANUBQ9Su8eKqgmumjocXwHFKl5   3WfstDLgATczrVyDHaVdyfOUkxLnBLkute6p0AvdmTt/IgonjlrI1W4bSXL3mOOL2at0YJ9S+lUC1xez   D+nAHqS8/UCxvUDZ+4AG9gBlbPAB7uuxPjTNU10dHp/03r5FRnsSA+C2fyOL7aM6Xy5Z15me+k8L1VMh   9dRRiROr0gfOyGHTd9KPMDnHKLsNjNfxDMz2tXO7pxX26+Znv6hajS0pQYZcUGQ9q9x2Ymg5AOCoX73T   o/oE5KofcziR1k+8n2BwjjFyL93hfXTfbA9dwv650Xvnjtg3N6tr2WNnHj7jwY77576q9eIl1Ubv5O1f   y9ueFAA02FGoT1H8pyenQzPVsi59AALF59OuvXlnvihOK/M+DdjNB8CqWyTIETwDFIXXUId3/dWfqhtb   r1CsZJ+0zmltNmxAorCft8IGIIrxStRpyyp6joMWIBr7KdbQ0yveTszYLsz9057YcWvYhEXlPh0b81Ss   /07XyelOVmhXljHDgSosrruajRnT0wDxuvee6uzHQTZZsgEj7h2ESsBYMS9bIAoozps8XyQ9V3zUW8rQ   d4g0Oc+YdAt1iMIj5vuYa7scFPC2Ly6sXumHNwE46mfkIP5OBXMXdnQH9rjd14d2Xjc+r+W4qNox5S0M   uLuNPeiLQXw6YO+PqmGH6BV4nP7IZWaUkwCM8ZwRu+0mhxmpxyTZpG897vfBeG4C4L7fGxlSI3gCIIYa   jpC9CgJc9Cd56CoM44Pkrw/vfk8Wy7v5VK+pzDc/mSEAExiVteYjvNaj2+p/JxJx2KsBGl1twL57S75b   tsB9Iv+Ri6eM7uo438jex2TgzAL98TO5XZGI7zkNQpMiI99jFuy72XufDJxzEH3GwYjzDaLPNhhxrgHn   TAP4PAPmWQboOQZ6RdJxGEPfKBPAA35ml9HlkQjc29qCMfehKGKTyHEgkfQeDI3sXgk9waWHzIIVDzQh   UdXwJG0OddYP8lgxAQ8UsdyoWTteH9GmATvrOCebBKzG6w1kr8GGzeQlfqDAj8Hft2PohBK95fcqr6hO   xQAm1s4foTNOTp8JNadQrjOW+AgDbnqXpIb6JCJbq7um381eT17xOlEhFxS5nT22dimghwQkUKx2foc1   8rRg1K1ebWXc+zaN2Tljq54MWfXcOl+tccjPGiOj80jiKa3VLBZvusOmUTtjr2efhuy82g+v94DGLtnk   jxm9C4ybxkVV3XNWAQq4xkVm3RGIB4jI3XnlMbzrirEiPn3MEvGdtmIZwAE/++GsT8P2Q5n/oE+S9iRo   NXbOOD0EYoSANEPxOCXYN/hRIjarHjynK+aMrvD5XBFncwXP5TI+pC8S9GDQzWlz0HHzC6N3+QL2Ll/o   fbUXqK/2IqusjN2htGnbrt7diH0Oijn8SN1IiirvMNuXl8y3cS3QcxqbFxOlBulZ5VifqlOI4xHJRtY+   JE+LeB4lZ01fuKxnbnuIRGUL+S6g2VabyOwFNRECJjuq6osc9hvinFFP2bYiX9Vp/UrOfpNzjOpowv5x   G3XkBOCAv11L1S6XE2S9Rdv2XfqYr0/zKaeNABtSeUElbqx2MwK1UKZdIkML4tKuXW0zLb+gFvlQpw88   2HZzz5XEz5Qkvh/nvRdXHnb24J5UKnzatu+zjNRFUt93DeR2BWxTZN99rc7Y0hOZ+0o0vCXAAQ0cT1bR   5+/1I65jcaa//jTk8iI/55usvURqC+rBtrvd1FeW8dOvTrZF/vjUUJ8DBUVATD1zVmTPWUGO0qOAt+1A   8cQGa5trYqVRe/UE80BL9PxK4wPOHQXgrl8vsjJyU80dC1oMUOHGEe5D+n8R325AFHacbmvgfn0kJYIH   u251hIGMXLSvGNHUNuua1brl/O+s3RAmL/Imp011wAYsSkRuoxI3VlvP1Rn1VRCbdK2csw6xcw4jzjgM   nm+oP6Q+DjlBgCvqRLcxZyTq77xwrvgFuuJzVh6dI3nEOWMRPV8x5mzF8LmK+lPoPSZyCEgCxOq7wbxf   4vBABPL6buwER+7pjfjJjVGnNg6c2Bh5WuPgSY3xpzSOOaFR8Fb8CmzFrz7PsD1XXc2zUq/XYgEz7yzH   4DmO6kN6nZZANRrnMD30hMao0wwHTjKMOMUweIJh3OmFQycX6s+7o9xZhcuCATf3DMGB8wPjz5wbc96c   /k77qp6qs9sj1chBXAEUY1vV60xPwunZM5E+MuIAEiAWff0sugOOIK8JFcCaUPW3qH5xM9QjjlghOnDK   nfr4X5vv5+fJS1V/T+vqUJLTw+X9COz1nQPn2kWfaTfiPLvos+xGnGMXfYbdiPPrOGfXwefWxZxZFz6v   LvasuuFz6vQ3mgNZ2hx8D/sVyYGT35invqEnvsWf9jbmpLf4U97GnPD2Bqe7jTrZ7Q1OdRt1ohvzNDf0   JLfTMWzmVsH0dxwDGiQeL7vRE+NOH8YsZUYlSCy1D7kaQK/Va9ibbF/lJS/VIBEYk7mubOgkPP4peKET   8NrP+mlhTmvi8lCEtzznjnPGnaCvyxXQulzBW0EpsBWU8efEjTkjTn/nKdsYfVL6A1dUAsXilX+85L/N   a9eUE+be6HS50SfLRZ0qN3CiXHsOHGMkjYyg406mG3Mq3duc5Tb2HDfjYKsn9TCYuoIV4tEIMSspxdiV   lCJ6JaUYsZIy8kyxwfPEeGeJYeeIRZ4hNnh+GPfsMPzcMOaZYeh5YbFnhQ2fE8Y6Iww5H4x3Nhh2Ltjb  
   nAk29jywmLPAwueACfqqVQGtWmW10XD7TG5ZgFZF/Ymxh5zJ4UbypqEebLubqtGH6HDXW0G8HYF/Nlvo   XLbIM9kGz2OLPItt8By2qDPYBs5fiz97bcy5a/Fnro05by3irLXgOWuxZ6wNn68We8rZ8Aln0aebjTjZ   TK1VSZ6yoqi6HeC6VVHEMKDDjsSYVwZnkl9SWiKo7zsGtYyOpFCA5Xi+eH8cwpOnnjzWM7OUiKub/2Mp   LbY3L28WvB/vgbaTLoMsrB/sgbZTnbOWrA7brSyQDDOAW/7n8+ScnaI+7Lt5UszGTWEfdt0XMalwEU6F   C6YUs0WkwkU4FSLSIJgCHCFsivjtyC/fXOSJcSrGWKeDoT7KehoA7b35xYZznQ6G+ijXCaC9V7b6V/Nv   98u75OPDp0/TuR4Et4dGbg/lemyMAc1QPLUn8RvEO2kC8TZZttcXxg51MgSiqFchykNRsIMcBaEYhx1f   f9gFzPuDeGKrFRxwi/FvmEBswEzaTBOmLftivryX379bTq+W6r6R//lpdjPl5O2QalxcUn4HLKOiEctA   SGPHU2svZ/dfTnXEbk+98zEFFketN24yXoCWRc2HPVN72GNO+acNT6pIzMoptD6N2mlF0wIxJ7UA2iRm   pVYSLmp59RaUt5OvU3ZRRgzBKIy2GVOE4nDaZEyBxOG0xQCN2Ik3kg1iTsJhCx6IOAkvyrocbqTe7D6M   uPfVnp8KRxhz0255G0SceoVzzI1pCrAYhO3LPNB3xt1+Q3cet3Dg5YJW+x8R38MtWnipEk/5lpwzGvJd   1Jajh3rX5OpKDsKS6+niaj67Xx4Psx9rRfCgf/wmECAcdBNqLpg27NNFcvV1cjXa133fNqxX6yQr1/Xr   +EMxHczxbVfnF5cspUU61qbmWi3Stm4ysq5DbE+2XnEuzcAcH8MFeSp2XlSBvBB683b9AeVNJQD1vV1A   jtdAbe+hfKnTPVXZU5gt2aebzfilSCBsuznXCV9lxDXiV7i4PU8mt98o9WOPOJ6Ps2WyWKrvt8dGkowu   jLtJTQXA4uZH/Vpgw5V3OO7nq0NWSvPjowHvYUc7bhoV4DEI02AAGvTG5KSAc/LrPbsIWijqpV6xAaJO   cvEwSdd6d3czndySr/OEOb7p7cPX6XyynF7Tk9RhcfMjsYzZKO7N2dpQOlCzy0Zxr+CnggilQlMlH2+5   Zg077k/MQvYJLWWfp7cy3s3sf6fXy5kcbqabf5HMAD8Qgd78gYaBKORbBhIMxCBmgo8P+KnFHeAHIuxr   wjIg3DAQhXp7AfxwBOIyygENHI/bwvl40M8rV1hrZ3/MLFNoqzebfOCmio2iXmJqmCDqpKaCRbrW2+X0   s3rOtNvTnD2HGAmPjlwOMdLzyAARJ7ULYXCIMecJc8xHzu2eQ4yC+ZsF+ptV1XOQVemvv3DFHY746V0R   i3Sstw83N/TCdKIgGzHTOwYyUbP7CDmuu4//Pb1aqv2nCIuJfRK2ktPO4GAjMf1OFGyjpmGPub6r5bSf   vCBWkS4cclMrSxcOuem55dIhOzXnbDZkJueiA4fc1CrQhR33vfz7cvLxZspNckgwEIOY8D4+4KcmP8Bj   ESLSJ5gy7DQJpAY/HYIpQHm1E0Ad72L6z4fp7dWUM+HrsJiZawWMS95lLpErbItbmzbpZkOzOnDIvS6y   tCTW05AAjkFtXdB25fgBYdWJy8FGynZfLocYeam5wdKQXK3gtW0/8f+O/cNPMOo+Hau8S8V3ZgjLAUcq   svJx/PusPglbqRUj2i50H9Cnc0ww4EzGn40MsWFzst3HyCUO+6k9FLRv0n/wjil8hxqT1WtyO7tmejsa   t8feHWLU3eF+K0nF+i2iKQ8cUQ5KH5afLjlBOhTxUjsVBocbuTf6kXXMy1/PudW1jaJeYs/CBFEnNQ0s   0rUyn4Ms0ecgrIcfyBMP5mMO9NmG/mCTb7d0naIgG73gIM9EOA9C4KcfrEceyHMO5sMN9IkG6zEG8uwi   5oFF+CmF/lRWb49ZmdX6gIKN2uuJHsF3uJG+3U/J/e0jBLno5fFIQTbqlPQRglzkEtlBkEtwrkvA16X2   P2fJzh3bw+3sz+l8wX+6BQkGYhArDB8f8FMzDeDdCMsrVhNhcIiR3lBYJGbd7fVGb0nDU59wxE8vJQaI   OHPetebYNZJLQc8hRnqTYpGIlVotGBxu5DQvPu75P12yqwmbxc3kYmCQuJVeGEzU8f45W8wi5qp9POgn   JogLB93UZPFox0479ttAHE/b/2iy5Pk9SWZwnrFJqhXlxC0Hc3x5k+2SzUVOsh0hxEV5Z98DMSdxesXg   QCM9gw0ONB44F3gAr04djsDJkpZDjOT72wQRZ36xYSklhxipd7LBQUbej8Z+MevnIr9VbVbBuk86EHNy   7pOWg4ys7EDyYp8Se4gnCrKpjXnpNkVhtmTd/OQZFQlZDyXvN7ccZKTtqelyjnG36nZJJD8jskjMWvK1   JeBtmy+Z3n/T7miDc4yyN7vLm/w5o1cTNup6D02SVbS5444BTIzWvsccX5M+XlBfmugYwCTGHy1tMq4p   2+0Lvd8fNRMs0rA+LL9IYPktmd1+uku6FzJJdtQwFIWQtgg/FIFSI2MCKMYf02+za2Yq9Sxu5qTMkcSt   rNQ4ob3342Qxu0qu7m7lkGAyu13SygtMh+zjUwNiQ2ZCioCw4Z7dJel+r49JyouMsrE6gNre04lA66Yu   KFYLdJxFltbJtkjHH03pYJCv3cCTaTVgx602JtHHE+uvkMw26nipyemnovyLHi7qY0eIm5+iAiRGe373   4yGt07LJMlYYxwFEIh637XK2cVMdzyik+HrKtmXVlqKRX7d5tYML6XGvBTmugrAryQlwHDUtF516svtL   khYF1aIY26TXxBCW7JiMbxq/bXtPAJY92bL3LXmZN1SPYnzTTk1CMNLoyMHG/fiOoYP5PrUbiyyv45fu   eKDvZNbpDop51aGc47d1hljfTN3x3+U8I/WHO7/2Kfu5OexIhblDbI/KoJJUllvCtTTklu/I2CZVDPUx   TCUthUzONTZP5GrxBAEuSgfPYACT3vCJ9GIIgGJeYnZYIOLcyI5EXb2ytB2LmKk3hAUiTjkI5zkViDhr   wvFxHog4SZu/+6Rvreg9EgOzfcTC7pVz1Qis8irZp3lNFJ0438joABqY76P1LVoCsBDOWzAZwLQne/a+   RdWJq8OWquow3yeq9feMnOgt5dp+Ej0/XcNht8pq8v1oYKBP3VGyDWEoO9K2MgY+4JhnX5EKhPy6w6tl   A6SC0BKOpanJzcqRcUzEgc7eG+dQK3e/TqcWHb/MtOeCivKcqtEQ4OLM8lig6xS021UDjuOFd1UvyDUJ   Tt0t4JpbEOtt4dXaglxnC6DGVido7GgSCbgOeu0qwLpV9+EKwvnJFgS4ZNLrkxmpZcCDEbcaCOwJ+5qC   MOJme2EndaQuwNkMQZ7NEMBshv4bdQR9ggDXniza+xbqzIgAZ0ZENyFB7L0YGOzLqq0a5x/qkqPtad9e   EpYSmIxvOs1DkEtITwasxJkREZwZ6T8V+2ydpwVP3cGYmzxAclDfy5nNEehszmko1p2oRHpEjgqcGE/V   odgkckTESWkXBt3kItdjiI/4YMXkQCO9IBica2xzUn5GE54wx1fS+9hHxjY1mWBU7D1l2w7qgGPSVbWE   bXmmzp89+3Nnz5wkeobT6IUxsHoBR1bkIgWUpfbWJT4yOUGQi9PltknDejP5Y3rx8eLDr6NtJwKyJJ/y   klD9OBxonFE6DTYG+h72G8qcqgsaztvk483s9rp9H798zgi9SR+FvaRby+FgY14+p0VOSgKQRu3MZMgD   qUCZZ7Qxy3e1/CvJxh/G0ROehZgtR8TzEF4i6wnPQkuejvAsoklr6tVoxjJ9nt5efdTrQAiqHgJcgpRG   J8Yyfb27XeoLpix6dDnYSCwKFgcbadlpYqhPVTKiobyoiQrwGNuqTnbV5lAcBDeKoYDj0AqDiaG+pFDz   JBumtqMte7oSSS6Sl6qmWA3Ktm1Ilo1Hky+kQ2yPWF+sSopFA5ZjlZc0RwvYDvmXnOTQAOAgbuPvcoBx   n9Jt+9QzrVcr1rX1nGvcZGuaSgKu44mwxuMIuI4iY/2wE+b6dvucZpKA5dDrAAkK/X3fQNnq3mQAE7E5   6SHbRVj8cWu/L9/+m1pnHBHbQ2tsvTZ2XR1KVcG+JH9ndaUSTJB0Hm3ZZRmn1UYtYDvyZ4ogf3Zpajof   EdtzoOS29Vab/HdWPqXlOtsku7wo1OPPVFdydb6TPf3mVU8eEPRjdHb8H4e0YHVQHNK2/qSkify2RRPv   Qu/+29bVTnZkyuax2mX1K0llkZb1cU0pKvLbNn18a1XlRZaQqnOPdcxNUm/X7z9c/Np94fzD+19Jekjg   xTiM37i4JzwL8Y47IpZHtm20uqMFLAfpYcit+xzkVvUVZZ1G7BH3kOsqs8dUvTJFkx0p11aROq0t4DlK   4sVIwHXsq5cLmkQRnoV+xxgUbNumstZS87I8rYG7fmIBh8Yc8m+q0aRZFGFZiox2k+jv2wbSyYknAHCc   kyXnlmWX1uJJtjakFR025vjEd2qP5sTYpmpDHCN2BGRJfhzy8e/EupxnpLXCHQFZLnSbSHe1HGRkCsM+   VjcGFuAxiPe3x3pmPfUqqJfcUZgtWRVqMfiGZz3SqL3acM0VUPLJ9UwPIa5zluwcs7HuS4tFzBFixLs7   FESdJCALrwPtw56b2Ck4Ip5H/KiJGklAloau8cudOKyomsMKsrCKxInzjIzqyq+l9jmtK9ECtoNWLt0y   KYsU9Zd0iOWhTe67c/plKZOHwqvv+wbqHdBDtkudL0nrwhwR0ENNYIvzjZSjM03GMtEGIe4IZJ+qFkd1   /pJDqfYiIbWHAG3buXM0gdkY0u5zx+/7BsqCwR6xPSI7bKqkTklPbA0Ks6n/85jxnC1rmYkX6F0Z65IC   19L+mTastDjbSO0Z1X6vqCb3iGqgN0Q8UrYnPAtjqsPEPB9tXkoA81KCPi8loHkpWo/E7Y0QeyJeL4TW   A3F7H6oHQU2DDrE8TZU4x5wSjD4MurtzyxjijnStrK6uxVnGA21C4ODOBhxoD5AO7hOkA60oHNyy8JwW   h4zY9p4Yy0ScxnLmsE5f2R7KdZNXZfJEqIFAGrKLrNjS2nAfNbwPn5Kv06/dFi+jlRbl20iPRAzGNz3W   1QvVpBjY1J7Xw/G1pG+ldNF7xPeoF6bqZ3KidZjt22U7ylO+E2FbRFMTLS3hWYp12hA1CgE8hCfEPeJ5   SvrPKqHfVRZZSfUU5nudVx8/6ulQyjSxycCmZFVVBUenQcRJOgjUJxFrtW7I+0KjAixGvmmfkzaEN4Vx   AxLlwE+gA5JCpCGpBfkusU/XGdWlId91OP+VapII6OnOopJDOvnRz/HD3YACjFNkDHMB/fYLch5LBPRE   /3ZfAcR5f0H2vr8APYw0VBDgot8nB+j+kH9kXJOCANclWXQJWaIz9XI4T1Wvk1wvaMh2Ec8+NBDbQ3mT   9fh9x5ATX8iyINcl1mm9SdZPebGh+QzQdsr/yMfvMtATkIWy8bRNOTbKDm8nAHC0jZCaIBi/fx0I227K   gpXj931DQr6Lesq2Efpq3ddtntg/NxDbQxliHr9vGhZdVy2r1Yh+k9XjZR4KefOm27f5KRWUGTTcAERR   PSp5CbQemc/aZrVnV5qXolvB+UqpTiDate9fqV0yk7JttDpz4dWZC73SLC1fiWMHm8ONSVZkO8JubhgP   R1AlMDaK6wAicVIGThX6qMoBESf39w/+7iTf7Yt8ndMHV7gDi0Qb+LgkYj3wtQfES755T5DvKlLRkDqN   Fub7qr2a8SOuGAPhATerGPuGoSi8gf2QaSgqr9BADj8SadR7QkAPf5CAKsA4RcYwFxnguiAnqjPqPf0x   +reHR73dlyij3hMCehhp6I56F9Tl6AYCehjX5I56uz+TKzCo7ooZ9WIGIErZ5IXs2NeC3FwaqO2ljVEW   3hhloRYyHxdbnNq07JHWKcccXiT9Mr3TySYGghShOLyf4wvsGKSx2MIdiy3aHZTU6zwUywmyXfss+95e   apOSUtMCbaf4nu8pKvV9x9CMf+p1/L5roDy96QnDMp0vZ59mV5Pl9P7uZnY1m9JO0sD4cATCHQnSYTvh   aR2CG/6vkyvyNgEWBLhICWxCgIvyYw3GMZH2aOkJx0LZl+UEOI45ZRPKnnAstB1dDMTw3N1+Sv6c3DyQ   TnS1Kcem9zHIBC3/XRBxFlW3rydLfKIde7vesMgJ7bGNGb75TXI9WyyT+zvyeT0Qi5sJhdAjcSulEPio   6f12v7xLPj58+jSdy2/c3RCTAsSDftKlQzRmT4ti/LFpAIp5STNnHolZ+ckcSmE9Fy2bVp75SGN2Si/K   BTEnuzgESoLeqkU9PmenhGkYjCKatMnXOrdVvzrdZpFBfSF2DbQd8iDWM399WE7/Ij+qA1jETBoCuSDi   VJvckLaAhOmQnfa0EMYR/6GMu36DD0fg/wZT4MWQndVvspdBfWgJwaibUWpMFPUedEcrWamfJ5gBLIcX   abGcLGdXkQUVloyIxclyxBKOxi/EmGZUvOjfFyzZyy/z6eR6dp2sD3VNeWwC47hfb93dHU7IDWI6wpHK   wy6r83VMoE4RjrOv1GRMHROnU3hx1qv1+cWl2vOmft1T88WGMXdWRrg72HdvV+rjc67dwTH/ZZx/8Pqj   7Kj7KZX/Sy7eUbVHzje2PRHVv9fH29N78oDBj9LUEWliwQNu9U/CkwZc4cXZVvV3eUM06rDr/LGs6izZ   pZvn5CXfZ1WpP1WbH6qV/JQ5YI7cvzb6UAkcI+mDHnnFwEQ97+N6pxI4Jbd8PYg5efWbDQ+4WWUKUmBx   ePeFDQ+4Y35D+L7ovsTq2losZtZj7u/ZK899pDG7bELHbwEHoJiX8uTCBX2nOmjkte2HtccCcvtCAVMw   ane+31uEdVXBuO2Fxge1PGBEXrVnkJiVfMIqgoN+3TR0m7vlVckI4RjAKDr1KDvWQyxqVusSI7LYVYBx   mid9kpb8LuHBCYz7/qdUrQamj7970HOqdZqp2BGFHeXb2g4gud944jyjrlbFq6C8Ow+gvlcfBrbN1SG0   eVokqwNlyXjA4UUq8lWd1q+cfDNRz7vjzLLv4Pn19s+cSzRI35rtCG8HW5DnUrUTr+Y0SN962CWc+aYT   5xmrmFFZFR6VVeWaWjEqxPPsq+L1/P27D7y+lEPjdkZpsljcfKA9xgVp3y7HQkJWFavqJ+vSHdzz1xtG   HdZCiEvtG9Tk+yK7pJxwFlD4cTJOJdNRgG3bbrUsByuJCq63pSS9FDEkwmPm5ZobRaKeV82IqXerYvqN   oAOM9DZ9ckHok4u365MLSp9cvFGfXIzukwt2n1wE+uT6QMJNzNUbNGiP7NGKMT1aEdejFUM9Wl7HDuvT   dX/XM1giy5jaE476822SPqd5ka6KjBnDVHhxmkKcy/aEWqMfMcO3nCfX84+faacX2BRgO+7xTRYeQcBJ   anFNCHCpd+8IuW9jhu8pvVJjEuKUlkX1tuvp4jhJ936sy2RsU7Zevad2Ml3OMzKFiG+TXahHMCypw3rm   9xHm9wFzSc+fI2ObSub1lei1qbqUMDlpIKAnOZTrp4xynBEI++5Kdmj2aZ035EvtScP6JdGRRru67/uG   ZH9YkRLQ4WxjtdsfZPeJ6OspzKZmVp4IeQLBqJt2og4IW27K06Du6xZ/OiuClowmBvtkKUp3WZPVgrC5   ISpwYjTvkkeSUwG+g/qbW8T37KmWPeD4Qf5FEgE8df7M+WFHDjCSb1oT830/qKYfrkMdP/Lb7+e/Jxfv   frmk2SzU8h43/+/LHcHsw5absKyz/bZNE3fuNRDL0y79Zv0+F7W8gn4vCeheEvT7QED3gR5W6ffZaKYO   sl2E87+7r1s8bUnqCTAdOtUF5dwokzFMs/n0ank3/7ZYzqmn1UIsbh4/jPBJ3Eq5iXzU9C7ubybfltO/   lsQ0sDnYSPntJgXbSL/Zwixf97pDcjv5OqX+Zo/FzaTf7pC4lZYGLgp6mUmA/nrWD0d+M+/nYr9Uz8Ht   KY9zQdhwLybJYkasPQzGN6k2nmpSjG/qWmGqrMN8HyUresT36NaTatKQ7xKM1BJearXDKvXSc9ocatK1   Oajt3VQxap/27OoTolIhnuc5q/PtK9HUQo5LNtjXX0giTdgW6t3k30msgZzDIUbeUA41uFFIg7kTAVjI   v9zrgx7/uid79pDlB/132X3Z01+pgzoXhJzEYZ3DAcYfZNcPz0J9DORgoI+8KAtibXPEYBGkEbvMPcYt   DeCI/7Aq8jVbf6JtO7HV9FpM9jAVYEEzL1U9GHSzUtRlbbNg1G0CrNsEo1YSYK0keHeqwO5UarPut+mk   gXr3fdtAHKqfCNtC71gAvQrGkN+Eetf0ijdT7nK4Mdnme8HVathyM0YXNgXbKuIJUxALmSljF5vCbEnN   8yU1ahRMI/iLiWMsD4SdPylv03sg5CS0QhYEuUjjNweDfIJVagRSapqKW7aPpGsljrMsCHDRqkQHc330   C4OuSv0tecmbp6RUyzP1ArYiS7+b7TvnFS+e3b+6vzNqxL+9ksZJdj/Nk8+futNoZY/qafx5hj7pWctc   NPuLi194ZodG7B9+jbGfaND+d5T9b8w+v3u4TwiLtk0GMBE6ESYDmGiNsgEBrnYQ384PVDXZauOYv6oJ   +3MDKOxtN53bFukjR93TiH1dbdM1M01OMOY+1M+ZKoE8+ZEO2ilzzQiO+DfZI6cE9ijiZRcTtJS0tzVh   Q3+fBKxqLmL1GpPMngGJwi8nFg3YdYqRnmYDKOAVUfelGLgv1ef8ysqiEbve2UG9yqSOPVeHz8nuwY4V   CTRZUf+Yfuvm2WljNwdEnKRRps15RpnhuSxK7TZQ2boev/0gKvBjkNrHjvAsxLbxiHgezjQ+gAa9nGz3   eCCCapLripycPQg7GfN1CI74yXN2MA3Z9X1IvZc9FjRn5VpXV4JhPrGwmTax55OYlTwRj+CePxdJtU9/   HKi34InzjDI/LwgvdNmUZztOmbOabliAxuDfLsHnBt13SNMqRwKysHsyIA9GIA/NbNBzttP07It2ccRP   f/CB4JifXT4CT0C6b3B7YR4Lmrl1qQjWpSKiLhXBulSw61IRqEt1b5LRzJ440MgvFQ4N27lNrA0PuJN0   qz6UeS2HCnmZkuZEx/m8K6A9NLIgy/V1uvxyd91u0pFnxSZpXveUCgbkrQjtki7CUeMmA5j0m2nUfq+L   Ql7SzNeJgUyEfeEtCHBtVgVZJRnIdKD/PnfEQV/FaEGAS89Mxdw+Ic3oeMQphyEVEDdXw+KGHKPFIJ9I   UvV2utqIoaGXNhuH/XIIrzsNHPmRBcy7A71ESwYw0fqEwHrV01+rdXOh5y/IvhMJWPXfL9arFdl6IlGr   jMu0ShKwire5D8XY+1C83X0oKPdh2yfb7etMiGzzJrFxHRK/qfg3rsNbEboufr65KAmnM3gg6BSN/GzD   cLag5dTn6x3yosm7WoJSznzYcF9ffPhw/rvqQ+3TfPyEqY2hvuN03vj3KFGBH4P0fNlgfBPx+atFmbbZ  
   /WS+/EZ+dcMDEef4dxccDPFRWgOHM4y3n2e3xN/bI55HFdb2ATdxTgDGQf88xj7H3fr8l+OdlpWP8iNB   jAApvDiUfDsRnqXOHmVVo86GLQpdIxdZQ81C0OFFEnF5KobyVMTkqcDydD5PFpM/p3rXdWL59lHbq7Yx   yuq6qmkzDh4Zsm752q3tbceA+mOK08Agn3iVBWfH1Zq0bW9/Bu3IP5fDjUnJdSalbdU7M7cfCYrT5Bzj   oVyzf74H2249r0/NqhOEuJJC/Ykj1GTISr6xANz3l9nP/lt6s0lqCN9gR5F/ZGehyzpm1bJ8nN1xypzL   Amb1H1yzwQLm+eT2mq02YcCtd46p2HYbt/360EvyLdNTmI180zho0Eu+bSAeiKBP8+YlRo8Gvbxkcfjh   CLwEgiROrGqvBqm7tP5OsveY46vV0hIdklSsTQ43JusVVyrRgHe7Z3u3e8d74JS4A1jW6iwVVcmumAHc   9e+q50wfn5bRxD0HGrvtBLliE3f9olHHYTDMBmg7RcpJg55ybLK1pd5OR8Yw/XmfTKaTa33ia0o4I8oD   ESfxvDqIRcykEYsLIk7VhRl/LgOAIl7KfoYeGHC2S/s3eZ2tKfvwD3mQiJRxucMhxmqf8S5agQFn8pg2   T4SVtAiPRBAZ4a0jFww4E7FOm4Z52aYAidGkj6SXmwAWMVN2bfZAwKkeedP2TQJQwKve0pIVf/3EqelM   GHFzU9hgAXP76g4zPUzYdn9UL1wtqz8ISyEsyrZdze6/TOc6U/WBi7RXhzABGmOd74k3uAfjbnqb5dO4   nbIWwEdxb1MXXK9EUW+3/yilT4gJ0Bi0FU8Ai5uJvQQHRb36Uf9+Txsv4Qo0DrXn4KC495lRoUA8GoFX   h4MCNMau2nBzV6Gol9jTsUncmm+41nyDWtVG1dwiolnULOLLuBhTxtWXYmqAEx+MEF0ebUkwltoel19h   GgYwSlT7OtC2cvMBT/+YmiZcy0Tl6EBOMmsWtFbh3fv+fU/v9kB9Hf23T3lJG8cYGOoj7Mvlk5B1Rm0A   TxRmY11iB0LOB9L5Qy5nG6+ztSxBH1OR/foLxWhyoFHd9QyhwiAfuewYGOSj5nJPQTZ6jpgcZNzckOsZ   C/ScqkfMScQThxuJ5dtBQS8je44Y6uNdJngfdp+xsr0HHWf+mAnaj9YEZKFndI+hvr/uPjGVkkSt1Fyx   SMhKLjonCrOxLhEuN/qjBWWdnUVhNmZ+n1DMy0vLI4lZGbeNw0JmrhU3/klbxehwuJGZWwaMu3k51rO4   mZu+Jm3bp7dXd9dT1qyJg6Je4rjaJh1ryerXGBjkI5cFA4N81PzvKchGz3OTg4yMfo0Fek5Wv8bkcCOx   3ndQ0MvIHrhfY3zAu0ywfeo+Y2U71q/5cv/HtH0yQH3ca5OYNWc6c8jIeSptgYiTMcPvsog5+7mv6oYl   blHES62RLRBxft9sWUrJIUbu8zVQgMQgtiEmhxipT6EtEHFSnxFbIOps9Pu663yfZ2XD1FuOYCSRlRva   ZBMoGBGjXX+gXoNhbXVI0yLXQ32GbYGA84/rT5zKsMUg3/Qry6cx0PeNXQ8aLGYmPuW0QMTJqgOB/Y3M   j6inl4Iw4qY+u7NAxPk927GUkkOMnPrU303F/ISzgwPCYxHouzjAOOJn1QVH0HZ+vY5YE+HBoJtxF38N   rLA7fka8gw0M9RH7xjYJW/XJ5RypBkFndyw5Q9qRoJVae33FVit+5a0p/IqtKOw+2G0Ytt0GdlXPnN+q   MNBHrKO+IusOu7+Tn5ibHGhkPcF2WdjMqzHQuoK0mYuNeT52nRaozzipCKeeeuGx3YWGobRhz018mtsS   noWRcmCaMfLUz8/7j9NEkE6otinH9sfV4vJCtorfSLYT5dqm3y70hzTbkfJtrBVzFog4N7R22OQQI7Xd   sEDE2e4XSew++XTIXos0qdJsnxTpKiv4cWwPHlF/cfe4PSc2ZJhjIJK+pMhInWMgEmMtEeYYiiREItKi   Ia5gDnkCEU8n68UkoylBYhH7DiaHG4kjcQdFvOKN7hsx+r7Ru/ut250a1TpdbjhLMiKWHDj3W8xEB7Vs   gegqSWStpb5O2vZ7wDMuohxzZj/3bxGzNQ1EjakJxaiaULxBTShG1YTiDWpCMaomFEYN1qV25C+zTISo   b5B9vm58/JhmANeNiP9WgYcjRrc/Yrj9SYUgLi4xMNSXXC8mTKdCcW+7KShX3dK4fc6/6jl41atUZJyG   uOMgI6dZQNoAyu6hBgObOHsxwzjkV/NrMQFsHoiwyegjS4PDjeRZMA8G3eqoBoZVYaiPe6knFjfrFwYy   2qM6iAcidC9vkc0dhxt5yWHCgJs1VkbGyaQDFU0IcRHO5nY51MioUY8g5mS2AQaLmefcq51jV3vOTNNz   NE3PuWl6jqfpeUSangfT9JybpuehNG0Koe4ztciLtgNu0AJHS+r0hfu8EHOEIrGeGyIKIA6jMwL2Q+in   iHgkYG0742Rli6E+XkVusIB5l8t+X/kY0ynxFUAcztwQPC+kJnZiyzLgCEXil2VfAcQ5Tq2Q7Ucw4OSV   GYuG7Hq/pPbwabrcgHF3mzNceUvjdp0dXLmGAbfgtmoCb9VERKsmgq2a4LZqAm/VxJu0amJkq6b34yY+   kbNAyMmZRUDmEPSAmnX/nUjQ+jfjF3tPM/WfWamHpBzxVBQbA3zP5JdQDAz18fLDYHFzna3VglquvMMH   /VG/wHTYkVhvUyHvUXHeoILfnTr+lbicycB8H32RP/b+FfOtJvR9Jt6bTNg7TP3fialngZCTnoL4u1Bq   w+h2l6AkLfKU1J1wWd+8Ib9b2lOOTe1fmGYiOb+4TNardSKeUt1KkeSYZGSsJN/tZd8jp+6dN0oYuob1   LlkVh6ypKtorTLhlbLTk8m3iJZehiE2dPO1SnS4XH37lR7Q9gYiP6x07imTDZjnkKDd6O7KYGL1lIJqI   KIwdPxBBltTzi6gY2jAiyvvoKO+xKL9f8HO9ZRGzLGnxNZIrGRkrukYKCUPX8AZ3LOAJROTmXceGzZF3   rGcZiCYiMit8xx6/wb9jLcOIKO+jo0B37Poplf+7eJfsq+L1/P27D+QongGIspFXkm2y93G3L2gZGy3q   Bh40AldRHoqC/1stGrD/jM+4n4M5d+pH0dwnDPE1NcvX1LAvI+ytbmOwj1wBor2V9oNqy7o+iQE+2UBy   8qPFEB8jP1oM9nHyo8VgHyc/4H5E+wEnP1rM93WtOtXXYYiPnh8dBvsY+dFhsI+RH0jfoP2AkR8dZvtW   Rfo9u1gRe0k9ZdsYr8CB776ppoNYQjrE9xBzskMAD20nwg4BPe8ZovewiZNMRw4xchKs40Aj8xL9K1QH   q6smniI7MrZJPUVu54ZWr2W6I2WsywbMtOfQDup725kn3hWbbMBMv2IDxb3V6l9cr0Rt71MqdHX2lNab   l7QmpYTLOub994zboXFZxMxoClwWMEd1a2EDEOXp+2bLGFG7LGD+2Z50GhPAV9hxdmkt/1x0xSpJi8eq   zpsnUk5gDjgScwkCgCN+1sIDn3bsG9KGp/LrLv+Bxn/weD2CI0o0Y5v28pdmUfkNG6AozLz2YNDNymeX   tc31+iL55R21Ye4p38ZQAZ5faA6n7FHLjV9m9NzBVm9V1u1Zs67V6wWH7Tb/SVWjIi/mxcUvRLkkfAut   2oRqSfm395fUa5GEZ/lAm99rCciS0H9VR9k2NfWk5qH0IvldSiqsLgubu3pCPUSvNxy9JYBjtJ8dvykO   e7VVWcaKhqiwuPqgNsabX7DBiPLXcnp7Pb3W27Y8LCafiWcgw3jQT3iADsFBN2UlI0j39k+z+wVp//sT   ADgSwlYbFuS49EF96+pQEs7H8sDe+Xl6O51PbhJ13vuClPE+iVnHZ7fLYUZCJnsg7KS8peRyiJGwA4LL   IUZu9gRyp32xoFKHvN0SBrUBRSjOc1ocImJoHPHzChlaxrhFLFDC9PJUllOTiFWcEr/k5p+tCMXh558I   5N/i4eNyPuUVb5PFzfTC0ZO4lVFEDLT3fvnjevQO9uq7Nqm2S03LDUXQIZ6nqdN1QxRpxjB9nVyNNsjv   2iRnFzeXg4yEHdwsCHERFuy5HGCkFHsLAlyUxacWBLgIxdtkABNpnzGbcmykxZw94Vhm1FSa+SlEXLhp   Mo6JtlzTQBwPZeX5CTAc88VCvRCcjr/zToRjyUqqRROO5bipKGXixQMdJ3/qDsEdP3fCCIRdd1W8vpc3   63M2fl9tDwSdu0PBEEqqt80Wiwf51eR6tlgm93ez2yWpXkPwoH/8PQzCQTeh7oPp3v71evR0jvyqxdGq   uxNgOyiV3fH7tmFZp6XYVvWOojlBtotW2fWEafkwHv9gcdT0/OCn5wdien7w0vMDJz0/wOn5gZyeH/z0   nC6/3F1TXg7qCc9yKOkezfQmPVy4urtdLOcTeTMtkvVTNv5oE5gO2Cm1FAgH3OMLCoAGvITaCWINs/zk   Ey0JToRr0bvQZesmr0qazABBZ1MTZjxdzjUW1fgDGXoCsiSrvKKbFOXaKNl5BAzHdLm4mtxPk8X9H7JT   R8pMH0W9hLLsgqiT8sM9ErbOktWvv6hOKWHaFuNDEdp3X/kRWh6LwM3EWSAPZ/qukL1LQrcU47EIvEIy   Q8vIjFtEZqESIiLTQQymA+U1ZZ/ErLRXbiHWMN8tZ1dT+VVaWbMoyEYoAQYDmSg5b0K96+7jfyfrlbgg   rKkyEMdDm5QyEMezozl2Lk/a5r8nbMuG9ks27q+Q/7FRRTXfqFUZguJyUNS7eo1Rd7Rt188QKGe4W5Dt   oh233ROOpaQWzpawLfIPF+vViqLpEN9TlFRNUfoWwmpDA/E9gnw1wrkaqaUmcYf4nuZnQ/VIxPYIco4L   IMellqrpEN9DzKsOMTz301v1JfVmdloU/TItkayrcvRgcEDjx1sd8kLtf9fueCyocRzc9+vqW2RUb4ch   PkK9a2Owrya13j4JWGVa549ko6YA2/4gK2N9EhlZ2aO+l/Or4d/7uGvyHdnVUphNluF/8YyKRK2bfLtl   ahXqe59S8fT+gqpsKd+Wp+8v1uk+uacKTyDgVA9M9EaXFdnao763eJJDvCJryBl/AmFnpWuu+pGjPbKg   mVPgOwz05bKKGv8UwQNBJ6HDblOw7bCTA4NsJzjOIwua66yp8+yZk55HNOilPPdBcMCv545UmyWbrF21   ORT0Jg9y+JF2shxWa6q7pTAb6bk0gALebLehNyot5dvKitnwnUDfKYddnITsMN8nmnqdiowygPRI0MpI   x5YCbap5YOgUBvqKddowfApDfPtXlm//CvpKfqaUoVwpedlSYvlSEg4TcDDf11RF9TJ+/amDGb7ll+mc   uvzSgiAXqbG0KMhGqLgMBjJRGkgTMlz7rIQHSaPFqAGP0r4SyQ7R4bi/XQHP9ne473+WUQlPoxwM9anu   BdOp0N57P/2aTBa353pp9lijBSEuyqMpDwScL7KEZGShpjAb6xJPpG3968O735PZ7ac7ckLaZMhKvV6f   xuys5ABw2796bTLBunKbtK3yP5O1vOdW6fgn8i7nGr/LHt62otlaxjFVyZO86PGtkgXZLvWkS707czW7   l/WwTmiKFcBt/76WHVvK7q4WZLuoZd4v6Tqvr7/Q9ov2QMi5mNy3r1b+MX5IBNOwPbl/+EjYehlAYS83   KY4kYJ1eRSSFCYNubkKcSMCqTgz9jWzUFGK7ZNkuMZv8+uxP/fIW9QbFHFAkXsLiqcovBcEyMI+61+YD   95r6XK9L5cqPMOzmpvI8dB+rNpJsVBDiSiYPf7F8CsScV/MbnlOCmHM+/SfPKUHASew/wD2H41/57YwJ   Y+6oe8Az4FG45dXGcX9MEgXaIPV5VDvkCtAYMQkUapPU57x26UQGrJds62XIGtlOIR4sIj/hw6keV2oG   y8w8+t6dj7h3o9oxV4DHiMmF+VD9wGrXjmDAyWrfTDjk5rRzJhxyc9o7E7bd5MkOYJ6jHZRzmjqbBK3c   GwXAET+j+LosYmYnCNyqtR9ymzSfhu3s5EBasvZDcjNmYJjvkue7RH0xCesIRsSgHIIelKCx+E0xKgFj   MQtMoLTEZEQwD+Zx9cl8qD7hNrk+jdjZqT0P1lbUZranMBu1gbVJ1EpsWm0StRIbVZsMWZPb6f/wzYqG   7MRBKjJrfvpzRNuNj1ONz+PuuYGRqvUl9t0RGqta34hKqFC7HjNchQ14lKhkCrbzrCGrg4a8l3zvZdAb   m/Aj2n/ga7w+ACIKxoztC4walxtfjShgA6UrNqMG82geX1/Nx9RXcX2F8Pjc+k5UbswHa0Ve3wEeo9uf   8foQ+Cjd+ZzVl8DH6c7nrD7FwEjd+pzXt3ANRhR5e59fJPcfp2q1yWizRXk22itcFuS5KEudDMTzqCfW   32WdmZabZJ3V4xfjYLwXQW9uQrRqxjN1Z2USthD1QNv5QWbVH9efLhLK5lUeGHAmiy+Tc7ZY0659v8ou   1GvKaoE7aXUtgoP+rIzym7jt/y1ZHcpNkakag1TULBBxqvKXb/O1vF94blOAxFCHhkfHcSVuLOrN/Rtw   b/+mb016Mh8pyKZqTp7xSGJWfpJCBihKXIQhe1yxgAxuFMqb5T3hWtQqoiQXpJdhfRK1kk51hVjM3NUo   2YYnP+G4/zkrqj3f3+GYX+UFV96yYfOk3EzjfoLvsSM6gx1yHQXx4Qi0psenw3bCmmwEd/1dq0qzdpDr   6goszdVBruu4d93pJuCcmTBC5cZtd7V7g6gBkRdT9UXVm/vECEcM9AmeT9i+u5vZ1Tf6rWNjoI9wo5gQ   6KLcFhbl2v75MLlh/loLRb3UX22AqJP8603StbJ3G0PwoJ+aGuieY8DH5FTB9x3rPv86ub9XJP2yDRKz   ctLaRFEv92JD10pPW4M0rPO7v2SyT+fLtnnSJxwsZne3tMQIWsZEIyRRwDEmEiXhQhI3VpfK9GQzQMRJ   TZwThvjISdBzvXE+ub1OureVxtpMxjHJv2TpK0nUIo6HMOt2/L5j0K+zkByagCztQULq/BS1V6E6howw   fBrQOPGIm4WYjGPKHmkpKL/vGsp0VWTJtqq/J4dSpNssWR2224yyLeOgyIm5zeUXKQca2JRjawfW5SbZ   Zc1TRUsPh3XM+pV6FZbkPFGObV+NP1rzBLgOkR02FaPYm6DjFFlGSzQFeA5+HohgHogmbQ6039oihudq   9B7N8qsWpy+OMJYxEMNjPhyj7M7mgbbz+CSMqjQ5y/i/yfm7i1/U5hHqDIkkff55QfACtGVP7heL5H4y   n3yl9ZQBFPWOb309EHUSWmCftK3qpeb997U4l8PbjHDkHcTa5lU+/qnO8fuOochLdXZYMv6dagezfXpr   ZlkP7knX1VOQjXInmpDtIs7hGIjr2aaHoqHWeR5pW4mzQgZie7ZF+khKeg04DuJt6t+b5mkNhAM1ADTg   pRYyD3bdzbtkXTcJbe0TgALeDVm3gSy7/TldJCHQ9YPj+gG5MrIoAyzbdN1UNT3hOw4w5j92e7JOQYCL   WAkdGcBUkj0lYKH/MOhX7YXglvceBbw/yLofnkXe/bTRmI2BPtk2J7LlolZJNmubc5FU+/THgXQTnCDb   FXHKNYIjfvJhNjBt24ldJq+fpBKY3qr2lG3rDkXVPSi9WCS5m0zvk93jllTvBTRD8VSfMD7c0TIUTT/t   i4zVOkZFuniDSBd4pLIqM24ExcLmtmv4BqUBFA3H5OeRbxkZ7eJNonk5xTyfHYRBN6uGwk/b0p9SDus8   AZ5DXzZjNOGgsJcxDnBQ2Kv7vHW1I04ioQY8SlPFxWiqUISGes4SCDvutrxwstQiQSsnQy0StEZkJyRA   Y7Ay08dtv+CPtERopCWYowiBjiIEo+cvwJ6/4PVnBdafpawZO37fN+hOPLUNtEDAWacvZJ1kXNPfGc3y   t9PmH/aU8896wrbQzmfpCcgS0S0EBWAMTo46KOgl5mpP9TbKiml7fbT6F+2gv55wLJSj/k6A4yAf9mdT   jo123J+BWJ6Li18ICvltlyan74nxTMQ0PiKeh5wyPWS7PvxKkXz41aXpaXNkPBM1bTrE83DKoMXhxo9F   tf4uuN6W9uz0vDxBluv9JaWcy2+7NDkvT4xnIublEfE85LTpIcv14fyCIJHfdumEdqd0BGQhp7LFgUZi   apsY6COnug16Ts4vhn8t45eCv5JTR1icZ2SlmZdes/svk8WXhNBinQjDcj/5Y3qhT5WnPLByMNBHmMi0   Kc92eua0E49EpYl6XrVvbKa6a2StQRpW0tIud1VX+2/q1tw21duW84fFMlne/TG9Ta5uZtPbpZ7UI4zC   cEMwyip7zMskF+KQlussIpgtGhGzzjbZbk85ZXeEKhhX/j0XT2/xYx3TmKhv8nM9VzgyoYZA8KCfUGPA   dNCuZgFEXUfeA4YFjqZOvZ/OY+422xCMws0RAw/6VYGMCaD5YARmnvd00K4KdraLCNAKRsSgDO2DkmAs   Vfp2WZOqqazI4uWqBuNG3Du+BY4m2fY/uOXaEsAx2hOsT7PZxyTgRENUcNzs5z6r811WNsnzOSeaJRiO   ITspu1VsHC0ZE+u52tfb+GhaA8fjFgm8JJhLmThmk4cjMCs3q1Z7WEzn7THOpCRwMNA3fnxkQaCL8FNt   yrAtP12qZSKjd684AY5jfyA6FNA7/rr48OF89C417bddWpWJfZrXNMuR8mzd0yD9rKmrbohmwGBE+fDu   9z/fq/d+1CYE7eN/yhG1GA9GUHvJxESweDAC4d0Ym8JsSVrkqeA5WxY1F/n4DQEAFPVyU3cwZdtPE/E9   Ri5x0E98u8cnQevmImcYJQXaKLWwg4E+WYExdJLCbJSN4nwStOYXHKOkQBu3bOLlsi1UvN99YkEzabmL   y+HGZLvnSiUKep/1msWSoe1Iz9qd/idbDJGtKTMNGO9FkBXCOaNwHTHIp15hKjdprd6kabJSTYsJuh6y   gNFk2h0yhl9zuDFZVVXB1Wp4wJ2Q70CPD0Sg3zMWGzAf1k9pzXZr2rPrCoBRrZ84z9gXGlYF4uKeX9XV   9Fato0Ab7w43SNjaUN6F9UDQyb4/bDjgpmeYxXrmdkElo6fXg56zS3VOsTVRwNsk6+YnWakp0MZp7U+c   b9QFg/Wze9K2JpObz3dzyguQNgXZKMf22hRo2xw4ts0BtlETz8BAH2U/IQcDfZyMwPKBMC9hU6BN8H6p   wH6pnoTd8IwSdJ3L5Xz28WE5lS3ToSQmos3iZtIerSA84E5Wr8nt7DoqROcYEenu439HR5KOEZGan010   JOlAI5HrCJNErfS6wkJRb/smJGHiHePDEarVv2RrFxOjNYSjUA6sxXg0Qs69/By/anKtaJKoVVZK5zF5   euLDEaLy1DA4UfT+R5OHv+hF3iIxKzEbDQ4zUjPRBDEnebTioK53dvuJkZ5HCrJR07FlIBM5/TrIdc1v   6Dt++iRmpf7ensOM5N9tgIDz63T55e6a9+sNFjdzrrdHAW+62bxL6uy5+p5tyGYTht3navxOndXyYNit   PuVoFQcY21cUxSFvshVZa8KQmzgC6hjAtMmKTL2ax/jpPQp58+2WbpQQ6KJs7exgkO9ATz2/H6f+yrox  
   kTtS91ZkP1RtxE12mnDALbI6Twu2vcUxP29OGOKxCEUqGtoCX4zHIpTyImIi9DwWQb1NljaHmhnghMP+   ZD798+6P6TVHfmQRM6eK6DjcyBmQ+njYTx2G+njYv67zJl/zbivXEYhEn3fw6ICdOOPtsohZr1GsWeIW   RbxxFcFgPaC366CPtjwascdVMoN1TF9HUJ/awgYkCnE1PcQCZkaXHOyN79Jm/URWaQqwcbrJcP+YMQg8   UpiN+LzbAgGnHsVH3GAOj0WIuAkcHovQF+K0eKx4UWzHcCTyI2tUAsdibu4XUCBx2uqXtBsuxiMR+HWs   GKhjRUTtJIK1E2VTAwtCXNTHgRYIOSvG2EFBgIu2PYGDAT7aRgUO5vhOu6iTnyxaJGaNeFqCOEZEonZT   EQcaiTrqtUjUSh4BY/v6Ox/qg684HWtYEYxDroR8POhnTKpDAjQG9xYI3QHUHg9yroHzmYjPVTEmV0Vc   roqhXBWxuSqwXOXNdmMz3aw5aWQ++ubu7o+He1XLkFdsuyxqln97zGp6Hxk0oFG6vgljMgxxoJHEgV5I   PBq2r5uade2Kg42UEwVcDjFSy7HBwcanVMhuX15zrEcWNlOOG3U52Ei973oM9omnQ7OpXkqO9Mg6Zr2K   eHq7nM+m5J6Uw2LmbxGdKUwyJha1O4VJxsSiLj/BJHgsaufNRnEv+Q51WNzM6lgBfDgCoxEGDXiUnG0P   3RPUusFGca/I2JcrsibojcpNMZibIjo3RTA3Z7fL6fx2csPKUAOG3PohcNnUr3TzCQ162ZWnaxiMwqo2   XcNgFFaF6RqgKNQH40cIch2fb/My1qRBO/2htsGBRk4bgbQObTrTHzm5MOTmtTlYa9MuViQ+ZLJIxMrN   +BOKefUW/ew72jUMRmHd0a4Bi9Iwn+FCgqEY7B/SoE9y9VfUuIAuVhRmS6piwzMqErJyGi24rWL1PJA+   R1VmRV4ybuYOhJz0wX+PoT7CET8+GbJSn725MORm9eH83pss7dOr9t1o9TZdI+sk2qQNJIBj6JpU/YHj   P8Gom74G3GFhc775yZ2jAQ1wlDpr6jx7ziJDAZqBePQn4KABjtI+5WF0EADeiXCvzrkn9xFOFGSj1nlH   yHW1R9je3l1zqimPdu0PH3m/vOdgI3ETBANDfe/a7e2Z2o4O2cmHawQUcJyclSg5kibkEnbCYJ/g5ZnA   8kxE5ZnA82x+f7eYUneFMTnEyNitxGURM/mNShMMOOlrJTw6ZBdxehH260caG66+pcP2qOs/CQIx6G2R   RwfsEYkTTJmmPgj+VWsasdOrkBPnGNWuULznkhaJWYk1scFhRmptbIKAU786kjZNTZaeyJCVM36GBEMx   qONnSDAUgzqxBwngGNzXC3x80E9eNgsrgDjtaz2MY8lwAxClm3pklViDhcz0Scseg3zEFr5jANMp6VmZ   Z9GAnVXxIXVexFsgPg77z5Nsl+YFx92hsJdXpI5gwMmtAh1+IAKnAnT4UAR6B8THEX9E3WfjiF8OljiV   UY8iXv6bCKABi9LOh9A74JAAicFZT+ywgJnR9QF7PZwOD9zXoc9rnCjMRp18NUHUud0znVuo9RD8e0CE   7gERWzrFcOkUEaVTBEsnebX7EUJc5NXuJgg4GSvKe8zz6Xcf+e+YQwI8BvltSodFzMy3uX0c85P7aycO   MTJ6Vj2IOGPeRkYcoUhqw4J1qrZ9u6a+zRTwhCK2q05vD7tVVvPjmRY8Grswwe/+Op/yOn6QYjgOvfsH   KYbjsBa4BzwDETndTsAwEIX6fjDAIxFy3sXn2BXT+0InDjGqVvINbnJfE4gXfYu7EifWYvaZXvceIcBF   nlU/QrBrx3HtABexdLUI4KGWqo5xTcu7+VSfxcZ5vuHRqJ2esxaKenW7Qd6gBOAHIjyleRkVQgkGYhzq   Wp2Msia+RoFrxsVjbIkQNIWj0h/5QYLBGDoFiJ171DIQrSry9WvS8Eu4qwnHE01VR0XSgnAM2fyqBznE   HbMwSSjWeey9dT58b51Hl/HzEWU79ocM/47+3o6q8CxNMF5W11VEqrX8cAQ5zNs3T7FxWks42k/6OwOg   YSiKbGjb1apxoU6agXh7WXXkTVeFRIW0TGhU8qtpNop6yX0ak0St+0O9r4Tarf1Jdj+5F+5Y0Gh6aYps   fAUzzokPR4hpR8VwO6pfaubXMkc87I+oL8VgfWlsLBIRozMMROHXXic+GCGmHhaD9bCIrhnFiJpRfWdb   pI8R90XLByN0d2lEjM4QjNLku5gQCg/7yWtwAD4YoZ1yTtariCgnBxqp6/+p83XW35mRLAca6e+srpgB   FAp61cw2sw48oriXNcjrSNRaVNV31hC+h0E3c/SOjtyNvdY51YGJ435uCzkwymyHHDJvmVfewQE3r+9w   YjEzd70/JEBjqN/GLNwmjvv1aqOIAEd+IIIe7m2igrSKgTj99GtUrF6Dx2PP7xk0am+3NuLmSkcH7ewh   vC1AY7TVX8ydbSkG47DvctOARmE8iXbhATev7/A42G8oqlS1RW1p5iSRLQBj8MaZ2BhTb5bIbW16GHPH   1KliqE4VkXWqGKxTRXydKsbUqeJt6lQxtk4VUXWqGKhTzW0x92nzJJgxLEcgEm8EGx69xoz4wqM9EdXi   iIEWR8S2OGK4xRHxLY4Y0+KI6BZHjGhx4kbeQ6PumBFxeDQsYlpKEW4pY0fZwyNsxn6oJug4l/OHBfk0   9Z4CbZz60SJBK/nJfo+hPvpiSIfFzIz32BwWNdPX2TgsaqbX2g6Lmun3scOCZuqbZScKs7Fmjj3asf85   YZzPcoQAF/FRxp/QblHqj9TecMe4pul89ulbcj+ZT7625yYxHkdhksFYTboi7hWJOAYinSdPFbEAw4pQ   HFX51YybEJOEYtELpEuH7OSq2qOH7PSKG1YMxtlnWf0GsY6agXiMyh1WDMWhd/1hxVCcyNKMtSzWlzgP   eCFBKAZjih3gQxHI1bEDh9xqtoEvV/SQnfGiH+IYjBRXE58Ug3HyfWSUfD8iRpKKdXQcJRmMFVeLnRSD   cXTTnWciMtZRMxAvtiYTY2oyEV+TiTE1mfqSKptvEOukGYrHGcBjkqFY5AfooGEwCnmwAStCcXSnkTXQ   xTVOPPYbYIE3v/RHdaZf42NscuvjkF8nHltv0r6d/BYQ/J6a3v2f3k3tMdBHbmZ7zPHpNU78k1t9HPQz   ZpJM0HOqcOl34rRHj4G+dcqwrVPQRe+jGBxoJPdFegz0EfscRwhxkfsWJgg76c9yAk9w4nYhGdqBpPuc   0bxZJGilNzEG5xqJW0X7u0TLv5wWd5ObWBcG3Cwn4GK+FYy+DczYBQbcAYb6NrH/FrGuIeiTKj3m+OR/   bYzTXVL5L8YpMagFicZZJuSwrpmaIkBa6PmT9NA8VXKM/sp5PAcawlFkdUKdvwcN4SiMPAUNUBTme+fh   983bebOqmWwbTh4cScT6MdtS33GyUcjb7omRrPJGNIxLtnDIz35Bdujd94j9mYJ7M7Ufdnt5cMu5zUMR   mpVQl5AWj3R7z0LmQ75hlGlF+TbOxBW6O5X+oFqLPV2nKN+WGJufUp0mC5iPK0T0MqG0zlKy3zMMRaEe   lwUJRsRIsvI5Oo6SDMUin1MGGsZEif9JR0sg2rEnHZNNhgOIxHnbBH/7Luqdu4E37Tj7jcD7jETsLxLc   VyRiP5HgPiKx+4cM7xvC3y8ktE8Id38QfF+Q04Z1m2yj27mDSB8zjtxRYHH0vo/0qV+AByJwz9F+DJ6h   rT7lJ00oRbidzEAfk9/FDPUw9RrLIivJzo6DjPQd4NAdEB9j9nB5DO/dErez4tCuilE7Kg7spsjdSRHf   RVFt+8IutLtAqd3xi+0OL7c7NT2TpJt/0ZwnzPF5MwzkWS3QAEdR+cn1H9mAmXwMkwsPuMmHMkECNwat   IfXWOsh6I9/Qn4f0GOgjPw/pMcenX+44vtFA73j7OOqPcKNe/iXDV0tdKuKvDlHDTZnS9E1WTdBx7tNa   ZMm2rnbJ6rDdEmtBj3bt7T45ehqdJjZA2Flkz1lxnEnaZBy7owjFUZ8z+r6IA46kPzd2M+JEch2DkejL   PhHHUKQfh7TIt7lshuOi9R44otqTiT6D7cIBt74KnaPsCL1iKA5rWQ5qGYp2kI34G4W0VIG47a3BvrNc   hxuJXFWCdSRnH2pkD2ru0X/4qX+sHa2R3ay7eXPGIzqLdKzd2hO9yJkkNUHH2a5s4/TcLRKxMnruNgp5   +2FTWjxWdLnNhyM8p8UhiwmhBX4M1mwgvuOMiJjjEME5DsGdjRD4bIRgz0aIwGwEc/d4dOf4qP1fB/Z9   jdqRfmA3eu5O9Pgu9OQd6IHd51k7zyO7zvd31+ZAHAjbKOqlt3cO65qN7CIP3l045CYP3z16yE4ewIMG   L8p+X9Vqx6PTXC4xhsc7EVgzPsh8z/HP1K6MwbnGKjkejEAz9pxr1AtJ6V0Fg3OMjPWS4EpJxrvH4BvH   x/eEqZtVGRxu7HbXFI28mR+5ektix0ob3nl2JocbGc/bADzsJz53A/Cwn3iGHYB7fuaJbDbpWTknchkY   6uNlYvAsLudzehYGz+EyPycPRD3Ydj+/56x/7ynPxluNaYGek/HcvKcwG6MYeHDITSwEHhxyc56hwwY0   CrmguWxvTi/y5PP0djqf3CS3k6/TsVaXs42zewnPp4sFRXeCEFdye8XSSc4wrvKkyWRrv0o3yaF8UWtZ   m2wnO1JpPbp9DkrCsV7qqnyUHYTHXBAGl8MmIOq6qFZyFJbU5+/IcQw2aD6PMJ8HzRcR5oug+X2E+X3Q   /EuE+Zeg+UOE+UPIfMkXX4a8v/O9v4e86U++OP0ZMq/2fPNqHzRHXPMqeM3rCPM6aN7kfPMmD5ojrnkT   vGYRcc0idM0/dzt+FargsPs8xn0+4I668POhK4+79KFrv4iyXwzY30fZ3w/Yf4my/zJg/xBl/xC2RyX7   QKpHJfpAmkcl+UCKRyX4QHr/GuP+Nez+Lcb9W9h9GeO+DLt/j3FDPQg90Jbd5na3pE1eZ+vmuHqWHCsk   A2LrHSfiIvoKIE5Tpzv1bLvMyP4eBbzdiKPOmkNdktUWjdtFk46f1AThkLva89WV2bvLxPnF5eN6J/Ln   RP4j+T56rQOABr1JVq6Tn+cR+s6ARNlka5ZbcogxW690yFVRjV+yhRuwKPLznXhMfv7CC3HCh/yXcf5L   xP99s2WJJWcZLz78yi2HLhr00sshYkCi0MqhxSFGbjlEDFgUTjmE8CH/ZZz/EvHTyqHFWcZk3dS6fSKs   QnAw2/f0kqxXa/UD6td9Q1HapG9t6vcXx0/bvBVUPaDw4siSybjyjvJsXVlkGA3St/KMiK3dU6tNFGIx   8GnQfkxynt2gbXtZ8Uuby0LmyBKHSoBYjFJncoCRmyZ4ekSUE4hHIjDLCsRbEboK8Env4fUr6XBEmMbt   UfIht+zovz6Pf0KF8VCE7qPkqapLwvMNhLcilHkiv8Qo5jYIOekF3QYNpyjP1dYR3QKIpMjKx/GbFcK0   Y99USbpZkZQt4nhUB4Gy1t2CABepxJoQ4Koz0uHHLgcYRfpM1ynIcT1mslymRf53ttFLm5oqGX9kPG7w   oqjDSap8nckKqZCj/vGnQmI8EGGbZ8Um2Td094kErF3ZbauKbVXr0TRhRdGgyImZi3b5IWVjcA90nU22   S9bVbiX/Qr9JPNqx19lWP4ZXVZKeR9LzDZSTDQc0WDzVuFVlxovSwY5bRJZUMVhSm9d9t6Q8SWWOVTLH   MloM0OBEOTRr5v1skb11lWWHZFdtZBWnVhirC6gp26phvBEhr7oZSCG7hNTTY2Hatm83iXiqDoWevRu/   PgJAba/ab1CWV7V8VSVbdwHqT+lmQ/oFYZMdVX1IT6Oe8m1qZb78b6quwwxfmaRqA6TDSlYbpWhI5QRg   bfNmk7xU9fgdlEzGMq2r/StZ1UOWayM7e5zfanGWMfu5l/lOULWA5djmjZA3HPlHWpxtVO+37qqyeax2   GeEW8siQNRG7tCj47pa3IjymzVNWfyA4O8KyyCSp0/IxIyeoDdpO0XaR5V1Etjqo662zIm3y56x4VT0D   UrkEaMv+r3RdrXKCsAUsR7Hese4Zi7ONmRBJ85SWZmGYU9SgAIlBzS6HtKy7vCj0oh7ZySINPSA2YJY9   BdIJg6jAiVHm8pZLXvLN+NGhy9nGatOeGs0oHx4Lmqm5Z3GeUVa+ySqV3ZoL9iVDCjCOKprkKtKHPXfX   M3vX3u78MKgHi8hOMo9HI1DrP49FzSJb11kTFcBUeHEK8ZRv1RHZzDTyeCRCZICAf3coYhp3TOHF4fY3   PRY0c+qLE+cZD+e/sq/VYh2zvNXKdySfJmyLTGxWDWlynlFNIKS/EHUtBLsuOa5LwMXIBZPzjCpNiTKF   gB5Gx9VFPS/5BjwynolTQvzSUckyU+pXrFW3s1o959VByF6nzLB9JWSPgxBh0GVHLvU8B2s847GWeV+9   0HKtBSxHrcb9vPGGi/rers3R36GKTdY2Z5vDOpNJsyY5ewqzqQHUvki52hPu+EX+NyNtDcz2dS0tWWhy   gPGY3vofZK9FQ3be5QJXK9Zp09BK/RGxPXrilHxdJub4GvYIxWM9s2jkeGjNuFob9bwcIWD6UV/+TPQM   cZlSKn0bdJ301ryHYNclx3UJuOitucV5RmpreWI8EzlHj4xr+snO0p9onjJ6uHDv1moTyakH0Jb9wJ0U   OOAzAgfuwOGAjxpeyNO3L978baWeFwqhdlDcq0O2iq1+JDbaifB9hPVFnkwWt+fJx9kyWSyVYKwcQAHv   7HY5/Tydk6UdBxjvPv739GpJFraY4Vut9FBFzXCWo9eC2pRvO6zFRbLKqLoOA3zN9j1L2HGg8ZJhu7RN   6mm2+mtC2DXa5UyjPpGOnBcm5dvIeWFhgI+cFzYHGi8ZNjMvnlL5vwu9qeHr+ft3H5JqT8gRkA7ZRTa+   vYFpw64WGlV61dG6UOPCrFQLF0bXmBjfR9iom//qSr0yfz1dXM1n98vZ3e1YP0w7dl7duQnVnf2HX++5   2iMJWe/ubqaTW7qz5QDj9Pbh63Q+WU6vydIeBbzddgyz/51eL2fjd3LAeDwCM5UtGrDPJh+Y5hMJWWkt   6gZtUU+f3D7c3JB1CgJctNZ5g7XO/QdXyyn77jJhwH0v/76cfLyhl6wTGbIyL9rhgQiL6T8fprdX02Ry   +42sN2HQvWRql4hx+es5MyVOJGTlVAhILbD8ds9wSQhwPdzO/pzOF+w6xeGhCMsr1o/vOND46ZJ7uScU   8P45W8z494FFO/aH5RcJLr/JSu3TXddIkwJAAizGH9Nvs2ueXaOO99BU9+0RU3+MX83vk7b142Qxu0qu   7m5lck1k/UFKDQ+23VfT+XL2aXYlW+n7u5vZ1WxKsgO445/fJNezxTK5v6NeuYPa3usv+7ROd4IiPDKw   KSEsjXM5xziby/bubv6NfnM4qOtd3N9Mvi2nfy1pzhPm+brEJeo6CrORtuYCUMe7mPBuKQsMOMkZ78Ih   9/jNyiHWNx9WRb5mJMSR84zE0xttCrMxktQgUSs5MXvQdy5mn6k2iXgeRjV0hGzX9IpxVSfIdd2rCFlD   OIPC5Twj6yY0OdxILS8uGzDTyoyDul7GzXKCEBf9p6N3Sv8R9Udj98n0enY/mS+/USt0k3OMfy2nt9fT   a9V7Sh4Wk880r0fbds7ekBt0b0j3kwVX6fRdZovFgySY7a9P2/bb6XJxNbmfJov7PyZXFLNN4tYZVzpz   nHfLmexATj+RfEfIdt0tv0zn1Gw/Qbbr/o+rxfjdvHoCslBv754CbbQb+wT5rt+ont8AB+fH/Qb/tkt+   YwDgYT89ES8DrYL+XE3s/KlrJTXmJOttfNDPSiFfMRyHkVKeAYrCun7kijnX6F2VGrt+I2fdiYJs/3yY   3PCMR9Kxzu/++qYH3G3K6rZwQXzkgUqgWO3V0PUt5xjJHSeo18TrMmH9JVZnCekp8XrHWN84ojIM1YPs   KjBQ+3EGpMhodM4d6c/xkf48ZqQ/D4/05xEj/XlwpD9njvTn6Ejf/ISTDCYbMNMTwUA9b3K/WCRyIDH5   uiBqDRKwkuuiOTLjMWfPeMwDMx5z7ozHHJ/xeFjInq7uOlOEPWXb1C79FI/6vm9IJjef7+ZUT0thtgVP   t4B8y+V89vFhOaUrjyRkffiL7nv4CzDpVpyjO4KQU/YK6D4JQa75DV01v4FN5H61BSJO4j1rcoiRdr8a   GOBjdfBsMmRd8LXQ3UIde58gxJVMb5fzbyxjiwJeesVvYICPcBaYycAmXgk/goiTU8I7DjEySniLgb4/   7/6gLSwyOcBInD4/MoDpzwm99pIMYOLkAZz+jLS30l2kid4DZpeNf0nCgmyXPrI82dOfNABsb87WyedP   3YvM6Wb0gkEHg32bVcHxSQz2bbMi23WHwr824w+SDjlCkXaHgh9CwiG3+FHz3RIOuZsqNn2OBjjKY10d   9on8cz7+bE2MD0Wg7NwA0yG73lzqUI/f+S2ggOOoK0j2daZel+QEMXk4ArOEomVTLf1VuyYwpZoNmZv1   E18tYdwdkcwGHvDrkXPcTzAdXiR5MzTqdNB1tcnUm3xFWqv9aKg3Mabx4ol8ty/08bnJz2RdVfUmL9OG   mvOIBYsWWYMjlnA0Zm0IOrBIETUiYAhHeWTWW7AkHItRA3t8OIJ4i18jhn6N3huE+UtaFjWLJFU1tcq5   5pUZwXIEIlVlTFoZAiyG3v5Q78rGC9Hz4Qj8ctXz4QiqSMi7Ni5jQFUwrkiyH4e0iAjXGawo6Vb9V7fr   V1qSY4A8FKF965tubjnIKBPuGJauNWDbTR1WmYxlWuWP5UHX77qiJ/gcErG2LTBL26KWN6KxDrbQqutz   aLLk5XbyieI0MMvXNpq04eSJAUzU8m5QgI3V/Qj2OdoPy+yRLJQMZJL1tNqqN9ml4jvdadKAnXyTmxjk   O6zossMKMKluli7/ZN+JRKys3AZ7farnZN5Iatdgqh51DEYi1ye4xI6l+1Fl9kJRHxnL9JSKJ5Vyup+R   7N9f/pL83Kn9ftMP5xeJEC+HZFOn2+bdb4RQ46XgtXTjIJfjX0dYaF0DcxIAHfufGnF5GW0zSbD68ICb   PODFFFac/ffsldp+nxjbpHtoulo+lCqt6kyIjNLuIAYgit65i3r/uWjQS517AfmhCLT8hAXhGPTSjikG   4uj5lKgw2jAmSnzCobM/x1EGsVU2MdDXHG/AvvYXDD+kAeIxWlkbtJ1t/jNSxQItp9ptrdLdI907It/K   IG9F6HKa1vHtIcilO7HU4wEQHPKzOsMei5rpmwGiAihGXj6/i4rhCMAYgnT6hgdCTnsHVrra5qEItMFI   D0Gudu8/uq7lICP5trY40EgahPQQ5GJUZQ6JWGOyHNkdE/mCKtj8WgNV2XHbeTGRbrupK0ogl7XN7XxY   /E0e8gQivklSjjOaV6Ge1As5ik1e8uZJtTPr9mij72X1Uv7/1s6guVFcC6P7+SdvNyGTyZvtq9l0VVdN   ldM1W4qAElOxgUbY7fSvfxLYwJXuxXyX3qUC58jICAsJPqVZZX+YFgotA5TzzzHMIv1Mnv5Ms/MlGbMg  
   gTslUSGUgyb9srDghi6FlBOMrh+07RPPBQtl+MzCTWXcBEIZQwcM6q5w9D07fJ+6IFksq6hPwDpfokAo   43YOP6kKGOk79udNdql9bTqTmLOoSJ6eHv5SDMSHYOzEBwdCcHL6QLP3ftDGXYXW+gjEufqINNzWY5zP   ry2K6zzF2ay15hHX9Vjgc5+3g2vuBnEuvOYmjPPBNTdSnA2vuQmjvn70Dqy4G8OY4GqbKMaGVtoIMS64   yiZqspVJtiFbkKcDuy5bj0EZL5giF3KMEUt+CzDGhyXjBNjcl2tTGhmU8cI1mYs1WWw6o4o7Z1Shr4di   qR4KZVplTHJWLK0y5BijpkUVSy2q2JRWKfFyCcpaFtIqx+1wWmVMcla0dRRLrQNNqyQQ40KvWYV0zSr0   aZUszLjhtMqYXLIqP7SYVjnuoUmrZGHW/U2p/SYY4bTKmOSsmguCcBVA0ioJxLiUaZUSz5WApVWGHGtE   0yoZlPGq0ip5OrBvSasUBVIZUFolg1KvOleShal7Q66kgAd+Xa4kg1Ivmis5Z3gT8v5XyAVGXa4kg4Ze   OFcywCIfmGtFKckGvWPKoIFXkzYRgQtO+IuX0ybizetfBeTY2IymTYRcZARftqWUZFNUKZuyEGyDK5NL   WbhtAl5BnSGRR3EZinMl/b/hXEkChS48VzLkIqOqEfK5kuEW9HyRcyWjrdg5I+ZKDhsVjYXJlST/xg9d   bCmaXMmQC4yKXMmQC4zqXEmepnZNrmTIycYXrTLou+hzJXma2nW5kjEpW79opV8CJ5orSSDqgnMlCURd   WK7kRHAWtHlzuZKz/2MNm8mVvP37GfU8Mw7NwT3zxzZLbvxSvdUaM6O4Xw5eobFhsZSNR3L3KLYdwd1P   X5XF1iO4Ku6Xs+1IBgNTii7zU8Dv+lW1tZT5Ke2kqK2FzM9pH9XnFz6x5jNGnwrO/KQUZ0MzP2MysG7N   /FyUcGVhmZ8hFxjhTi3Xo9V1Z6W+rKojK/RidXcu0n3Lhkv70lVdfUFfuJZrBguEkYKddhRmJ4/C7LaM   wuyWR2F2G0ZhdoujMDvlKMxOHIXRZn5y7IIZrwQ28/O6UZH5GZOMFb4W7YTRqJ16NGq3MBq1045G7eTR   KDzzk1LUhmR+3vaPDVjmJ6Uk24tO98L50MzPmOSs60M65wxjQjM/I5BzApmfBOJcu6+4aveVN8H9aiHz   k2wC2yyf+Um2YO2VzfwkG7pXqxI6jjGquoxSimi87UWv5dofOtLCpIiSf2MpogzKePGfEjZFdNwApIjO   Gd6kazNxiijZpGkzUYoo2aJoM2GK6GwDlCIacowRnCyJU0TH/wIponOGMWm+A77+FXXP1rvmOhVdo1qj   vvAFKO/1Z43Se0V5r9IZ+Go/MYR3+gk291n9U5B26SnIaGMKPqwmCJgy4GcKrfhMod3y3J5dfm6v0z1j   2EnPGJ71z++el57fPSvnrs7i3NVZO3d1luauPv5Xt2X17vZ2NzMv39vu24/V1zqOXTZ/NdUWucNn/n8a   U/nNJrN19dL5vf/Oumx1AQIvlfBvdjitfwuYY5fNSN3w+OQ/mLM59O/JVXWx+hU4SoU296dGN2KT71j8   kb4e6vwjLVx9+1cTzerkBY6dm5+uWzN7VNl5fiqhHhaqRH83AmzyNR+5fUjSsjNt1pV1ZdMsz03TZcCr   i0uOqCT/Wtz7+lONUpGteTWpqfL2s8FiHAWc+p/7c9G/sGyK/stA7BEcupustSbdmww4P2KSWv/bH1Fh   +iNCpAScOY+vXf1hqtRcmgd3Zrq2tNoao5I3P5Sm6vrvGA8AWaGSynUnlD9jjd9dV9zcIJfSpfv+NXf/   Zru7yGuLCjRSeaW1J9P+ktpkVVK5rTsfdcV4UrL6BqSzelKynqoN5/IV5t2JvpUk6aL3l7WSBGklyeZW   kqxoJcmvaSXJ2laS/LpWkiCtJFG3kmShlSTqVpIstJJkSytJmFZSu77HZ5pn+d4MvTLoJ5WlJXtrjE7s   QMFpTadSOk42psesaZCTXeCjEvquo6IaRo43ApGcARb5fJe8zwHGnXOU9yqOfOR44xEJ3ItA4vxMd9+R   tTJmyOTx8W/+OvfhGlqfW/R6ensz/h7SdWh9x3t1s71vmpWqWUWo5VcRaqeVgIYsQuD3hWOp2f2Z+TgE   sC/MoLy3GSbz085Vn3W1d9SUEEn4svrIpDb7oSnixkrmn0Zn/WmoEc5JIRBx/Uwffk/+SN+zbm/apz6x   CZAyNGf3eUc6843krJX7DpPW3fDp1ATn/G5b4ndS+gnO+W2edZ2+0gnO+r+3WvWVnKw2KVWjxiHHGDWj   xiw8c++zB/WgEwsTtw9G2mDncOL3edIb/Bw+87t/G9NAK33MmcB0MOvXIhgBxpE2XQt7PERdpwaRnBpC   vwH97+vulAc6QtfdCV9WFliqZgSow6a2bjuDHMjIEBPQVRz2Dum0Oh0OmKJHqGf9igDD3oRuauR8cHuH   NPqd3hDW4+7VFCpHUdtp/UJT190JD9xbDXuHdH838HaqckwzYtS3L9+gz+P3p4YaajN+d8Kf/YwKIOj3   JwYkI/i6+8R3/ivu77HXr/cxZybT+fajiM9tMij1auY2Q042vmiVL7ITaGwMOvM+ppnvOZerr6gTQS2H   DjEcOkK/5nVlAb7fnxhyd2uLGPr9qaE9+PzaAlh+iFKRDbi6T0RkafuZUVA0QKGrwCz0G3adEtffcv8G   JCNDTObSpR8nQDMAxOF+O+ze2A78QHOM+MqiATRub0pXbzWCu90Dfl+++pTE6hP6GDOM+HwDPdnsHTmT   R4aYquzoF0iobNdmfhE3QBii1GvTMntKD6VFrhszKrDlQN9yBIijzm3jZ5vdGYJ8B3Ms9lV1P7aE+q4Y   8TV5CWjc3pS+DveqvskY5tzXAWSF+EYSqwUblY1alYV/2Wz0y1Y37ZtiMi7kWOOmabh7HrZEzQScgLP+   TVNh9zxsicgkWICxPmT6K8BYHzjxFZMza5MZm+av+e05k9XSEIycXfuYjE+v9KMrFpQzhrAUcPycQKFL   VQPC0fu7t2sxULvgYM59qxWVewZP7osypPwiZpRft7wbJDSfQJzLt92+6aLLTCwouHKah+bBr0TRJHgB   E7toftxgfmTNj/26f376VVHhc5qzD6tz+BRv3D2xy2ZoUTdRcKcMe8wOB3ThtfsmttT1K+0QiHN1NfTT   F4GRE54Uu4hrB1y32Bxc/yjkZsan3//697F/SrEfPxquMLZ/Dnm1fcFBS0qL8t3fwvXzkdnhvW7Lbn9E   yuENfCln05Zvn9AToQIe+JvWL8zRz11am2I5baIgKKOf3O4u/VXIYnaKMl5fqL8GdRfYO6HU60eGkjIt   G+RHKOAi4/Dr4YrbmwsonaORd3hyxlw6U9kSGL4S8MjvyoQX7GLQyHuo6w/rbqE/TFq4+2l/lw7qGUNU   ynDzD1yyKfaf3/4P5m1j6i2mBAA= EOF  # We are renaming openssl to openssl_grpc so that there is no conflict with openssl if it exists find . -type f \( -path '*.h' -or -path '*.cc' -or -path '*.c' \) -print0 | xargs -0 -L1 sed -E -i'.grpc_back' 's;#include <openssl/;#include <openssl_grpc/;g'  # Include of boringssl_prefix_symbols.h does not follow Xcode import style. We add the package # name here so that Xcode knows where to find it. find . -type f \( -path '*.h' -or -path '*.cc' -or -path '*.c' \) -print0 | xargs -0 -L1 sed -E -i'.grpc_back' 's;#include <boringssl_prefix_symbols.h>;#include <openssl_grpc/boringssl_prefix_symbols.h>;g'
  > Copying BoringSSL-GRPC from `/Users/gr0nk/Library/Caches/CocoaPods/Pods/Release/BoringSSL-GRPC/0.0.24-3175b` to `Pods/BoringSSL-GRPC`

-> Installing DoubleConversion (1.1.6)
 > Git download
 > Git download
     $ /usr/bin/git clone https://github.com/google/double-conversion.git /var/folders/3n/wjddhk5s4b9_8vrk72p0c4gc0000gn/T/d20250109-7347-ak0hhs --template= --single-branch --depth 1 --branch v1.1.6
     Cloning into '/var/folders/3n/wjddhk5s4b9_8vrk72p0c4gc0000gn/T/d20250109-7347-ak0hhs'...
     Note: switching to '361924fb61c043627d4179e941a102d543f6efa0'.
     
     You are in 'detached HEAD' state. You can look around, make experimental
     changes and commit them, and you can discard any commits you make in this
     state without impacting any branches by switching back to a branch.
     
     If you want to create a new branch to retain commits you create, you may
     do so (now or later) by using -c with the switch command. Example:
     
       git switch -c <new-branch-name>
     
     Or undo this operation with:
     
       git switch -
     
     Turn off this advice by setting config variable advice.detachedHead to false
     
  $ /usr/bin/rsync -a --exclude=.git --delete /var/folders/3n/wjddhk5s4b9_8vrk72p0c4gc0000gn/T/d20250109-7347-ak0hhs/ /Users/gr0nk/Library/Caches/CocoaPods/Pods/External/DoubleConversion/77f51e588bfe0e5c4fa6e9c580da62c6-5189b
 > Running prepare command
   $ /bin/bash -c  set -e mv src double-conversion
  > Copying DoubleConversion from `/Users/gr0nk/Library/Caches/CocoaPods/Pods/External/DoubleConversion/77f51e588bfe0e5c4fa6e9c580da62c6-5189b` to `Pods/DoubleConversion`

-> Installing EASClient (0.6.0)

-> Installing EXApplication (5.3.1)

-> Installing EXConstants (14.4.2)

-> Installing EXFileSystem (15.4.4)

-> Installing EXFont (11.4.0)

-> Installing EXJSONUtils (0.7.1)

-> Installing EXManifests (0.7.2)

-> Installing EXNotifications (0.20.1)

-> Installing EXSplashScreen (0.20.5)

-> Installing EXStructuredHeaders (3.3.0)

-> Installing EXUpdates (0.18.13)

-> Installing EXUpdatesInterface (0.10.1)

-> Installing Expo (49.0.11)

-> Installing ExpoKeepAwake (12.3.0)

-> Installing ExpoModulesCore (1.5.11)

-> Installing ExpoSQLite (11.3.3)

-> Installing FBLazyVector (0.72.3)

-> Installing FBReactNativeSpec (0.72.3)
 > Running prepare command
   $ /bin/bash -c  set -e mkdir -p ../../../../ios/build/generated/ios/./FBReactNativeSpec && touch -a ../../../../ios/build/generated/ios/./FBReactNativeSpec/FBReactNativeSpec.h ../../../../ios/build/generated/ios/./FBReactNativeSpec/FBReactNativeSpec-generated.mm

-> Installing Firebase (10.15.0)
 > Git download
 > Git download
     $ /usr/bin/git clone https://github.com/firebase/firebase-ios-sdk.git /var/folders/3n/wjddhk5s4b9_8vrk72p0c4gc0000gn/T/d20250109-7347-apql87 --template= --single-branch --depth 1 --branch CocoaPods-10.15.0
     Cloning into '/var/folders/3n/wjddhk5s4b9_8vrk72p0c4gc0000gn/T/d20250109-7347-apql87'...
     Note: switching to '8a8ec57a272e0d31480fb0893dda0cf4f769b57e'.
     
     You are in 'detached HEAD' state. You can look around, make experimental
     changes and commit them, and you can discard any commits you make in this
     state without impacting any branches by switching back to a branch.
     
     If you want to create a new branch to retain commits you create, you may
     do so (now or later) by using -c with the switch command. Example:
     
       git switch -c <new-branch-name>
     
     Or undo this operation with:
     
       git switch -
     
     Turn off this advice by setting config variable advice.detachedHead to false
     
  $ /usr/bin/rsync -a --exclude=.git --delete /var/folders/3n/wjddhk5s4b9_8vrk72p0c4gc0000gn/T/d20250109-7347-apql87/ /Users/gr0nk/Library/Caches/CocoaPods/Pods/Release/Firebase/10.15.0-66043
  > Copying Firebase from `/Users/gr0nk/Library/Caches/CocoaPods/Pods/Release/Firebase/10.15.0-66043` to `Pods/Firebase`

-> Installing FirebaseAnalytics (10.15.0)
 > Http download
   $ /usr/bin/curl -f -L -o /var/folders/3n/wjddhk5s4b9_8vrk72p0c4gc0000gn/T/d20250109-7347-sry1sa/file.tgz https://dl.google.com/firebase/ios/analytics/21728684ab4e9139/FirebaseAnalytics-10.13.0.tar.gz --create-dirs --netrc-optional --retry 2 -A 'CocoaPods/1.16.2 cocoapods-downloader/2.1'
     % Total    % Received % Xferd  Average Speed   Time    Time     Time  Current
                                    Dload  Upload   Total   Spent    Left  Speed
        0     0    0     0    0     0      0      0 --:--:-- --:--:-- --:--:--     0     0     0    0     0    0     0      0      0 --:--:-- --:--:-- --:--:--     0   100  382k  100  382k    0     0   600k      0 --:--:-- --:--:-- --:--:--  600k
   $ /usr/bin/tar xf /var/folders/3n/wjddhk5s4b9_8vrk72p0c4gc0000gn/T/d20250109-7347-sry1sa/file.tgz -C /var/folders/3n/wjddhk5s4b9_8vrk72p0c4gc0000gn/T/d20250109-7347-sry1sa
  $ /usr/bin/rsync -a --exclude=.git --delete /var/folders/3n/wjddhk5s4b9_8vrk72p0c4gc0000gn/T/d20250109-7347-sry1sa/ /Users/gr0nk/Library/Caches/CocoaPods/Pods/Release/FirebaseAnalytics/10.15.0-47cef
  > Copying FirebaseAnalytics from `/Users/gr0nk/Library/Caches/CocoaPods/Pods/Release/FirebaseAnalytics/10.15.0-47cef` to `Pods/FirebaseAnalytics`

-> Installing FirebaseCore (10.15.0)
 > Git download
 > Git download
     $ /usr/bin/git clone https://github.com/firebase/firebase-ios-sdk.git /var/folders/3n/wjddhk5s4b9_8vrk72p0c4gc0000gn/T/d20250109-7347-8xqkk --template= --single-branch --depth 1 --branch CocoaPods-10.15.0
     Cloning into '/var/folders/3n/wjddhk5s4b9_8vrk72p0c4gc0000gn/T/d20250109-7347-8xqkk'...
     Note: switching to '8a8ec57a272e0d31480fb0893dda0cf4f769b57e'.
     
     You are in 'detached HEAD' state. You can look around, make experimental
     changes and commit them, and you can discard any commits you make in this
     state without impacting any branches by switching back to a branch.
     
     If you want to create a new branch to retain commits you create, you may
     do so (now or later) by using -c with the switch command. Example:
     
       git switch -c <new-branch-name>
     
     Or undo this operation with:
     
       git switch -
     
     Turn off this advice by setting config variable advice.detachedHead to false
     
  $ /usr/bin/rsync -a --exclude=.git --delete /var/folders/3n/wjddhk5s4b9_8vrk72p0c4gc0000gn/T/d20250109-7347-8xqkk/ /Users/gr0nk/Library/Caches/CocoaPods/Pods/Release/FirebaseCore/10.15.0-2cec5
  > Copying FirebaseCore from `/Users/gr0nk/Library/Caches/CocoaPods/Pods/Release/FirebaseCore/10.15.0-2cec5` to `Pods/FirebaseCore`

-> Installing FirebaseCoreInternal (10.29.0)
 > Git download
 > Git download
     $ /usr/bin/git clone https://github.com/firebase/firebase-ios-sdk.git /var/folders/3n/wjddhk5s4b9_8vrk72p0c4gc0000gn/T/d20250109-7347-9eglb6 --template= --single-branch --depth 1 --branch CocoaPods-10.29.0
     Cloning into '/var/folders/3n/wjddhk5s4b9_8vrk72p0c4gc0000gn/T/d20250109-7347-9eglb6'...
     Note: switching to 'eca84fd638116dd6adb633b5a3f31cc7befcbb7d'.
     
     You are in 'detached HEAD' state. You can look around, make experimental
     changes and commit them, and you can discard any commits you make in this
     state without impacting any branches by switching back to a branch.
     
     If you want to create a new branch to retain commits you create, you may
     do so (now or later) by using -c with the switch command. Example:
     
       git switch -c <new-branch-name>
     
     Or undo this operation with:
     
       git switch -
     
     Turn off this advice by setting config variable advice.detachedHead to false
     
  $ /usr/bin/rsync -a --exclude=.git --delete /var/folders/3n/wjddhk5s4b9_8vrk72p0c4gc0000gn/T/d20250109-7347-9eglb6/ /Users/gr0nk/Library/Caches/CocoaPods/Pods/Release/FirebaseCoreInternal/10.29.0-df84d
  > Copying FirebaseCoreInternal from `/Users/gr0nk/Library/Caches/CocoaPods/Pods/Release/FirebaseCoreInternal/10.29.0-df84d` to `Pods/FirebaseCoreInternal`

-> Installing FirebaseFirestore (10.15.0)
 > Git download
 > Git download
     $ /usr/bin/git clone https://github.com/firebase/firebase-ios-sdk.git /var/folders/3n/wjddhk5s4b9_8vrk72p0c4gc0000gn/T/d20250109-7347-81vq5y --template= --single-branch --depth 1 --branch CocoaPods-10.15.0
     Cloning into '/var/folders/3n/wjddhk5s4b9_8vrk72p0c4gc0000gn/T/d20250109-7347-81vq5y'...
     Note: switching to '8a8ec57a272e0d31480fb0893dda0cf4f769b57e'.
     
     You are in 'detached HEAD' state. You can look around, make experimental
     changes and commit them, and you can discard any commits you make in this
     state without impacting any branches by switching back to a branch.
     
     If you want to create a new branch to retain commits you create, you may
     do so (now or later) by using -c with the switch command. Example:
     
       git switch -c <new-branch-name>
     
     Or undo this operation with:
     
       git switch -
     
     Turn off this advice by setting config variable advice.detachedHead to false
     
  $ /usr/bin/rsync -a --exclude=.git --delete /var/folders/3n/wjddhk5s4b9_8vrk72p0c4gc0000gn/T/d20250109-7347-81vq5y/ /Users/gr0nk/Library/Caches/CocoaPods/Pods/Release/FirebaseFirestore/10.15.0-b4c0e
  > Copying FirebaseFirestore from `/Users/gr0nk/Library/Caches/CocoaPods/Pods/Release/FirebaseFirestore/10.15.0-b4c0e` to `Pods/FirebaseFirestore`

-> Installing FirebaseInstallations (10.29.0)
 > Git download
 > Git download
     $ /usr/bin/git clone https://github.com/firebase/firebase-ios-sdk.git /var/folders/3n/wjddhk5s4b9_8vrk72p0c4gc0000gn/T/d20250109-7347-770jin --template= --single-branch --depth 1 --branch CocoaPods-10.29.0
     Cloning into '/var/folders/3n/wjddhk5s4b9_8vrk72p0c4gc0000gn/T/d20250109-7347-770jin'...
     Note: switching to 'eca84fd638116dd6adb633b5a3f31cc7befcbb7d'.
     
     You are in 'detached HEAD' state. You can look around, make experimental
     changes and commit them, and you can discard any commits you make in this
     state without impacting any branches by switching back to a branch.
     
     If you want to create a new branch to retain commits you create, you may
     do so (now or later) by using -c with the switch command. Example:
     
       git switch -c <new-branch-name>
     
     Or undo this operation with:
     
       git switch -
     
     Turn off this advice by setting config variable advice.detachedHead to false
     
     Updating files:  91% (4108/4510)     Updating files:  92% (4150/4510)     Updating files:  93% (4195/4510)     Updating files:  94% (4240/4510)     Updating files:  95% (4285/4510)     Updating files:  96% (4330/4510)     Updating files:  97% (4375/4510)     Updating files:  98% (4420/4510)     Updating files:  99% (4465/4510)     Updating files: 100% (4510/4510)     Updating files: 100% (4510/4510), done.
  $ /usr/bin/rsync -a --exclude=.git --delete /var/folders/3n/wjddhk5s4b9_8vrk72p0c4gc0000gn/T/d20250109-7347-770jin/ /Users/gr0nk/Library/Caches/CocoaPods/Pods/Release/FirebaseInstallations/10.29.0-913cf
  > Copying FirebaseInstallations from `/Users/gr0nk/Library/Caches/CocoaPods/Pods/Release/FirebaseInstallations/10.29.0-913cf` to `Pods/FirebaseInstallations`

-> Installing GoogleAppMeasurement (10.15.0)
 > Http download
   $ /usr/bin/curl -f -L -o /var/folders/3n/wjddhk5s4b9_8vrk72p0c4gc0000gn/T/d20250109-7347-augube/file.tgz https://dl.google.com/firebase/ios/analytics/6575dde9ed8f9ac8/GoogleAppMeasurement-10.13.0.tar.gz --create-dirs --netrc-optional --retry 2 -A 'CocoaPods/1.16.2 cocoapods-downloader/2.1'
     % Total    % Received % Xferd  Average Speed   Time    Time     Time  Current
                                    Dload  Upload   Total   Spent    Left  Speed
        0     0    0     0    0     0      0      0 --:--:-- --:--:-- --:--:--     0     2 9209k    2  195k    0     0   491k      0  0:00:18 --:--:--  0:00:18  490k   100 9209k  100 9209k    0     0  9905k      0 --:--:-- --:--:-- --:--:-- 9902k
   $ /usr/bin/tar xf /var/folders/3n/wjddhk5s4b9_8vrk72p0c4gc0000gn/T/d20250109-7347-augube/file.tgz -C /var/folders/3n/wjddhk5s4b9_8vrk72p0c4gc0000gn/T/d20250109-7347-augube
  $ /usr/bin/rsync -a --exclude=.git --delete /var/folders/3n/wjddhk5s4b9_8vrk72p0c4gc0000gn/T/d20250109-7347-augube/ /Users/gr0nk/Library/Caches/CocoaPods/Pods/Release/GoogleAppMeasurement/10.15.0-722db
  > Copying GoogleAppMeasurement from `/Users/gr0nk/Library/Caches/CocoaPods/Pods/Release/GoogleAppMeasurement/10.15.0-722db` to `Pods/GoogleAppMeasurement`

-> Installing GoogleUtilities (7.13.3)
 > Git download
 > Git download
     $ /usr/bin/git clone https://github.com/google/GoogleUtilities.git /var/folders/3n/wjddhk5s4b9_8vrk72p0c4gc0000gn/T/d20250109-7347-gss3z2 --template= --single-branch --depth 1 --branch CocoaPods-7.13.3
     Cloning into '/var/folders/3n/wjddhk5s4b9_8vrk72p0c4gc0000gn/T/d20250109-7347-gss3z2'...
     Note: switching to '57a1d307f42df690fdef2637f3e5b776da02aad6'.
     
     You are in 'detached HEAD' state. You can look around, make experimental
     changes and commit them, and you can discard any commits you make in this
     state without impacting any branches by switching back to a branch.
     
     If you want to create a new branch to retain commits you create, you may
     do so (now or later) by using -c with the switch command. Example:
     
       git switch -c <new-branch-name>
     
     Or undo this operation with:
     
       git switch -
     
     Turn off this advice by setting config variable advice.detachedHead to false
     
  $ /usr/bin/rsync -a --exclude=.git --delete /var/folders/3n/wjddhk5s4b9_8vrk72p0c4gc0000gn/T/d20250109-7347-gss3z2/ /Users/gr0nk/Library/Caches/CocoaPods/Pods/Release/GoogleUtilities/7.13.3-ea963
  > Copying GoogleUtilities from `/Users/gr0nk/Library/Caches/CocoaPods/Pods/Release/GoogleUtilities/7.13.3-ea963` to `Pods/GoogleUtilities`

-> Installing PromisesObjC (2.4.0)
 > Git download
 > Git download
     $ /usr/bin/git clone https://github.com/google/promises.git /var/folders/3n/wjddhk5s4b9_8vrk72p0c4gc0000gn/T/d20250109-7347-vhpp19 --template= --single-branch --depth 1 --branch 2.4.0
     Cloning into '/var/folders/3n/wjddhk5s4b9_8vrk72p0c4gc0000gn/T/d20250109-7347-vhpp19'...
     Note: switching to '540318ecedd63d883069ae7f1ed811a2df00b6ac'.
     
     You are in 'detached HEAD' state. You can look around, make experimental
     changes and commit them, and you can discard any commits you make in this
     state without impacting any branches by switching back to a branch.
     
     If you want to create a new branch to retain commits you create, you may
     do so (now or later) by using -c with the switch command. Example:
     
       git switch -c <new-branch-name>
     
     Or undo this operation with:
     
       git switch -
     
     Turn off this advice by setting config variable advice.detachedHead to false
     
  $ /usr/bin/rsync -a --exclude=.git --delete /var/folders/3n/wjddhk5s4b9_8vrk72p0c4gc0000gn/T/d20250109-7347-vhpp19/ /Users/gr0nk/Library/Caches/CocoaPods/Pods/Release/PromisesObjC/2.4.0-f5707
  > Copying PromisesObjC from `/Users/gr0nk/Library/Caches/CocoaPods/Pods/Release/PromisesObjC/2.4.0-f5707` to `Pods/PromisesObjC`

-> Installing RCT-Folly (2021.07.22.00)
 > Git download
 > Git download
     $ /usr/bin/git clone https://github.com/facebook/folly.git /var/folders/3n/wjddhk5s4b9_8vrk72p0c4gc0000gn/T/d20250109-7347-hv4fyc --template= --single-branch --depth 1 --branch v2021.07.22.00
     Cloning into '/var/folders/3n/wjddhk5s4b9_8vrk72p0c4gc0000gn/T/d20250109-7347-hv4fyc'...
     Note: switching to '4baba28200d7446c870e96f3cdbeb492f54625d0'.
     
     You are in 'detached HEAD' state. You can look around, make experimental
     changes and commit them, and you can discard any commits you make in this
     state without impacting any branches by switching back to a branch.
     
     If you want to create a new branch to retain commits you create, you may
     do so (now or later) by using -c with the switch command. Example:
     
       git switch -c <new-branch-name>
     
     Or undo this operation with:
     
       git switch -
     
     Turn off this advice by setting config variable advice.detachedHead to false
     
  $ /usr/bin/rsync -a --exclude=.git --delete /var/folders/3n/wjddhk5s4b9_8vrk72p0c4gc0000gn/T/d20250109-7347-hv4fyc/ /Users/gr0nk/Library/Caches/CocoaPods/Pods/External/RCT-Folly/b957572a7e21d425b31cc1761b00a672-8dc08
  > Copying RCT-Folly from `/Users/gr0nk/Library/Caches/CocoaPods/Pods/External/RCT-Folly/b957572a7e21d425b31cc1761b00a672-8dc08` to `Pods/RCT-Folly`

-> Installing RCTRequired (0.72.3)

-> Installing RCTTypeSafety (0.72.3)

-> Installing RCTYouTube (2.0.2)

-> Installing RNCAsyncStorage (1.19.3)

-> Installing RNCPicker (2.4.10)

-> Installing RNDateTimePicker (7.2.0)

-> Installing RNFBAnalytics (18.5.0)

-> Installing RNFBApp (18.5.0)

-> Installing RNFBFirestore (18.6.0)

-> Installing RNGestureHandler (2.12.1)

-> Installing RNInAppBrowser (3.7.0)

-> Installing RNRate (1.2.12)

-> Installing RNReactNativeHapticFeedback (2.2.0)

-> Installing RNReanimated (3.3.0)

-> Installing RNScreens (3.22.1)

-> Installing ReachabilitySwift (5.2.4)
 > Git download
 > Git download
     $ /usr/bin/git clone https://github.com/ashleymills/Reachability.swift.git /var/folders/3n/wjddhk5s4b9_8vrk72p0c4gc0000gn/T/d20250109-7347-zqo1a --template= --single-branch --depth 1 --branch v5.2.4
     Cloning into '/var/folders/3n/wjddhk5s4b9_8vrk72p0c4gc0000gn/T/d20250109-7347-zqo1a'...
     Note: switching to '21d1dc412cfecbe6e34f1f4c4eb88d3f912654a6'.
     
     You are in 'detached HEAD' state. You can look around, make experimental
     changes and commit them, and you can discard any commits you make in this
     state without impacting any branches by switching back to a branch.
     
     If you want to create a new branch to retain commits you create, you may
     do so (now or later) by using -c with the switch command. Example:
     
       git switch -c <new-branch-name>
     
     Or undo this operation with:
     
       git switch -
     
     Turn off this advice by setting config variable advice.detachedHead to false
     
  $ /usr/bin/rsync -a --exclude=.git --delete /var/folders/3n/wjddhk5s4b9_8vrk72p0c4gc0000gn/T/d20250109-7347-zqo1a/ /Users/gr0nk/Library/Caches/CocoaPods/Pods/Release/ReachabilitySwift/5.2.4-32793
  > Copying ReachabilitySwift from `/Users/gr0nk/Library/Caches/CocoaPods/Pods/Release/ReachabilitySwift/5.2.4-32793` to `Pods/ReachabilitySwift`

-> Installing React (0.72.3)

-> Installing React-Codegen (0.72.3)

-> Installing React-Core (0.72.3)

-> Installing React-CoreModules (0.72.3)

-> Installing React-NativeModulesApple (0.72.3)

-> Installing React-RCTActionSheet (0.72.3)

-> Installing React-RCTAnimation (0.72.3)

-> Installing React-RCTAppDelegate (0.72.3)

-> Installing React-RCTBlob (0.72.3)

-> Installing React-RCTImage (0.72.3)

-> Installing React-RCTLinking (0.72.3)

-> Installing React-RCTNetwork (0.72.3)

-> Installing React-RCTSettings (0.72.3)

-> Installing React-RCTText (0.72.3)

-> Installing React-RCTVibration (0.72.3)

-> Installing React-callinvoker (0.72.3)

-> Installing React-cxxreact (0.72.3)

-> Installing React-debug (0.72.3)

-> Installing React-jsc (0.72.3)

-> Installing React-jsi (0.72.3)

-> Installing React-jsiexecutor (0.72.3)

-> Installing React-jsinspector (0.72.3)

-> Installing React-logger (0.72.3)

-> Installing React-perflogger (0.72.3)

-> Installing React-rncore (0.72.3)
 > Running prepare command
   $ /bin/bash -c  set -e mkdir -p ../../../ios/../node_modules/react-native/ReactCommon/react/renderer/components/rncore && touch -a ../../../ios/../node_modules/react-native/ReactCommon/react/renderer/components/rncore/ComponentDescriptors.h ../../../ios/../node_modules/react-native/ReactCommon/react/renderer/components/rncore/EventEmitters.cpp ../../../ios/../node_modules/react-native/ReactCommon/react/renderer/components/rncore/EventEmitters.h ../../../ios/../node_modules/react-native/ReactCommon/react/renderer/components/rncore/Props.cpp ../../../ios/../node_modules/react-native/ReactCommon/react/renderer/components/rncore/Props.h ../../../ios/../node_modules/react-native/ReactCommon/react/renderer/components/rncore/States.cpp ../../../ios/../node_modules/react-native/ReactCommon/react/renderer/components/rncore/States.h ../../../ios/../node_modules/react-native/ReactCommon/react/renderer/components/rncore/RCTComponentViewHelpers.h ../../../ios/../node_modules/react-native/ReactCommon/react/renderer/components/rncore/ShadowNodes.cpp ../../../ios/../node_modules/react-native/ReactCommon/react/renderer/components/rncore/ShadowNodes.h

-> Installing React-runtimeexecutor (0.72.3)

-> Installing React-runtimescheduler (0.72.3)

-> Installing React-utils (0.72.3)

-> Installing ReactCommon (0.72.3)

-> Installing SocketRocket (0.6.1)
 > Git download
 > Git download
     $ /usr/bin/git clone https://github.com/facebook/SocketRocket.git /var/folders/3n/wjddhk5s4b9_8vrk72p0c4gc0000gn/T/d20250109-7347-b5abw6 --template= --single-branch --depth 1 --branch 0.6.1
     Cloning into '/var/folders/3n/wjddhk5s4b9_8vrk72p0c4gc0000gn/T/d20250109-7347-b5abw6'...
     Note: switching to '6fdc5fd0db5c49b1ed050d4033ee6a6ee2ec4d39'.
     
     You are in 'detached HEAD' state. You can look around, make experimental
     changes and commit them, and you can discard any commits you make in this
     state without impacting any branches by switching back to a branch.
     
     If you want to create a new branch to retain commits you create, you may
     do so (now or later) by using -c with the switch command. Example:
     
       git switch -c <new-branch-name>
     
     Or undo this operation with:
     
       git switch -
     
     Turn off this advice by setting config variable advice.detachedHead to false
     
  $ /usr/bin/rsync -a --exclude=.git --delete /var/folders/3n/wjddhk5s4b9_8vrk72p0c4gc0000gn/T/d20250109-7347-b5abw6/ /Users/gr0nk/Library/Caches/CocoaPods/Pods/Release/SocketRocket/0.6.1-f32cd
  > Copying SocketRocket from `/Users/gr0nk/Library/Caches/CocoaPods/Pods/Release/SocketRocket/0.6.1-f32cd` to `Pods/SocketRocket`

-> Installing Yoga (1.14.0)

-> Installing YoutubePlayer-in-WKWebView (0.3.11)
 > Git download
 > Git download
     $ /usr/bin/git clone https://github.com/hmhv/YoutubePlayer-in-WKWebView.git /var/folders/3n/wjddhk5s4b9_8vrk72p0c4gc0000gn/T/d20250109-7347-pkkmun --template= --single-branch --depth 1 --branch 0.3.11
     Cloning into '/var/folders/3n/wjddhk5s4b9_8vrk72p0c4gc0000gn/T/d20250109-7347-pkkmun'...
     Note: switching to '3d24743643fd4460e40ca8f4cd844563d32bb05f'.
     
     You are in 'detached HEAD' state. You can look around, make experimental
     changes and commit them, and you can discard any commits you make in this
     state without impacting any branches by switching back to a branch.
     
     If you want to create a new branch to retain commits you create, you may
     do so (now or later) by using -c with the switch command. Example:
     
       git switch -c <new-branch-name>
     
     Or undo this operation with:
     
       git switch -
     
     Turn off this advice by setting config variable advice.detachedHead to false
     
  $ /usr/bin/rsync -a --exclude=.git --delete /var/folders/3n/wjddhk5s4b9_8vrk72p0c4gc0000gn/T/d20250109-7347-pkkmun/ /Users/gr0nk/Library/Caches/CocoaPods/Pods/Release/YoutubePlayer-in-WKWebView/0.3.11-2c3aa
  > Copying YoutubePlayer-in-WKWebView from `/Users/gr0nk/Library/Caches/CocoaPods/Pods/Release/YoutubePlayer-in-WKWebView/0.3.11-2c3aa` to `Pods/YoutubePlayer-in-WKWebView`

-> Installing abseil (1.20220623.0)
 > Git download
 > Git download
     $ /usr/bin/git clone https://github.com/abseil/abseil-cpp.git /var/folders/3n/wjddhk5s4b9_8vrk72p0c4gc0000gn/T/d20250109-7347-yafxsq --template= --single-branch --depth 1 --branch 20220623.0
     Cloning into '/var/folders/3n/wjddhk5s4b9_8vrk72p0c4gc0000gn/T/d20250109-7347-yafxsq'...
     Note: switching to '273292d1cfc0a94a65082ee350509af1d113344d'.
     
     You are in 'detached HEAD' state. You can look around, make experimental
     changes and commit them, and you can discard any commits you make in this
     state without impacting any branches by switching back to a branch.
     
     If you want to create a new branch to retain commits you create, you may
     do so (now or later) by using -c with the switch command. Example:
     
       git switch -c <new-branch-name>
     
     Or undo this operation with:
     
       git switch -
     
     Turn off this advice by setting config variable advice.detachedHead to false
     
  $ /usr/bin/rsync -a --exclude=.git --delete /var/folders/3n/wjddhk5s4b9_8vrk72p0c4gc0000gn/T/d20250109-7347-yafxsq/ /Users/gr0nk/Library/Caches/CocoaPods/Pods/Release/abseil/1.20220623.0-926fb
  > Copying abseil from `/Users/gr0nk/Library/Caches/CocoaPods/Pods/Release/abseil/1.20220623.0-926fb` to `Pods/abseil`

-> Installing boost (1.76.0)
 > Http download
   $ /usr/bin/curl -f -L -o /var/folders/3n/wjddhk5s4b9_8vrk72p0c4gc0000gn/T/d20250109-7347-l0axy5/file.tbz https://boostorg.jfrog.io/artifactory/main/release/1.76.0/source/boost_1_76_0.tar.bz2 --create-dirs --netrc-optional --retry 2 -A 'CocoaPods/1.16.2 cocoapods-downloader/2.1'
     % Total    % Received % Xferd  Average Speed   Time    Time     Time  Current
                                    Dload  Upload   Total   Spent    Left  Speed
        0     0    0     0    0     0      0      0 --:--:-- --:--:-- --:--:--     0     0     0    0     0    0     0      0      0 --:--:-- --:--:-- --:--:--     0   100   138  100   138    0     0    288      0 --:--:-- --:--:-- --:--:--   288
      100 11534  100 11534    0     0  12643      0 --:--:-- --:--:-- --:--:-- 12643

[!] Error installing boost
Verification checksum was incorrect, expected f0397ba6e982c4450f27bf32a2a83292aba035b827a5623a14636ea583318c41, got 79e6d3f986444e5a80afbeccdaf2d1c1cf964baa8d766d20859d653a16c39848

/opt/homebrew/Cellar/cocoapods/1.16.2_1/libexec/gems/cocoapods-downloader-2.1/lib/cocoapods-downloader/remote_file.rb:146:in 'Pod::Downloader::RemoteFile#compare_hash'
/opt/homebrew/Cellar/cocoapods/1.16.2_1/libexec/gems/cocoapods-downloader-2.1/lib/cocoapods-downloader/remote_file.rb:162:in 'Pod::Downloader::RemoteFile#verify_sha256_hash'
/opt/homebrew/Cellar/cocoapods/1.16.2_1/libexec/gems/cocoapods-downloader-2.1/lib/cocoapods-downloader/remote_file.rb:169:in 'Pod::Downloader::RemoteFile#verify_checksum'
/opt/homebrew/Cellar/cocoapods/1.16.2_1/libexec/gems/cocoapods-downloader-2.1/lib/cocoapods-downloader/remote_file.rb:26:in 'Pod::Downloader::RemoteFile#download!'
/opt/homebrew/Cellar/cocoapods/1.16.2_1/libexec/gems/cocoapods-downloader-2.1/lib/cocoapods-downloader/base.rb:83:in 'block in Pod::Downloader::Base#download'
/opt/homebrew/Cellar/cocoapods/1.16.2_1/libexec/gems/cocoapods-1.16.2/lib/cocoapods/downloader.rb:159:in 'block in ui_action'
/opt/homebrew/Cellar/cocoapods/1.16.2_1/libexec/gems/cocoapods-1.16.2/lib/cocoapods/user_interface.rb:64:in 'Pod::UserInterface.section'
/opt/homebrew/Cellar/cocoapods/1.16.2_1/libexec/gems/cocoapods-1.16.2/lib/cocoapods/downloader.rb:158:in 'ui_action'
/opt/homebrew/Cellar/cocoapods/1.16.2_1/libexec/gems/cocoapods-downloader-2.1/lib/cocoapods-downloader/base.rb:81:in 'Pod::Downloader::Base#download'
/opt/homebrew/Cellar/cocoapods/1.16.2_1/libexec/gems/cocoapods-1.16.2/lib/cocoapods/downloader.rb:110:in 'Pod::Downloader.download_source'
/opt/homebrew/Cellar/cocoapods/1.16.2_1/libexec/gems/cocoapods-1.16.2/lib/cocoapods/downloader.rb:77:in 'Pod::Downloader.download_request'
/opt/homebrew/Cellar/cocoapods/1.16.2_1/libexec/gems/cocoapods-1.16.2/lib/cocoapods/downloader/cache.rb:256:in 'Pod::Downloader::Cache#download'
/opt/homebrew/Cellar/cocoapods/1.16.2_1/libexec/gems/cocoapods-1.16.2/lib/cocoapods/downloader/cache.rb:239:in 'block in Pod::Downloader::Cache#uncached_pod'
/opt/homebrew/Cellar/cocoapods/1.16.2_1/libexec/gems/cocoapods-1.16.2/lib/cocoapods/downloader/cache.rb:266:in 'Pod::Downloader::Cache#in_tmpdir'
/opt/homebrew/Cellar/cocoapods/1.16.2_1/libexec/gems/cocoapods-1.16.2/lib/cocoapods/downloader/cache.rb:238:in 'Pod::Downloader::Cache#uncached_pod'
/opt/homebrew/Cellar/cocoapods/1.16.2_1/libexec/gems/cocoapods-1.16.2/lib/cocoapods/downloader/cache.rb:33:in 'Pod::Downloader::Cache#download_pod'
/opt/homebrew/Cellar/cocoapods/1.16.2_1/libexec/gems/cocoapods-1.16.2/lib/cocoapods/downloader.rb:42:in 'Pod::Downloader.download'
/opt/homebrew/Cellar/cocoapods/1.16.2_1/libexec/gems/cocoapods-1.16.2/lib/cocoapods/installer/pod_source_downloader.rb:69:in 'Pod::Installer::PodSourceDownloader#download!'
/opt/homebrew/Cellar/cocoapods/1.16.2_1/libexec/gems/cocoapods-1.16.2/lib/cocoapods/installer/pod_source_installer.rb:117:in 'Pod::Installer::PodSourceInstaller#download_source'
/opt/homebrew/Cellar/cocoapods/1.16.2_1/libexec/gems/cocoapods-1.16.2/lib/cocoapods/installer/pod_source_installer.rb:67:in 'Pod::Installer::PodSourceInstaller#install!'
/opt/homebrew/Cellar/cocoapods/1.16.2_1/libexec/gems/cocoapods-1.16.2/lib/cocoapods/installer.rb:621:in 'Pod::Installer#install_source_of_pod'
/opt/homebrew/Cellar/cocoapods/1.16.2_1/libexec/gems/cocoapods-1.16.2/lib/cocoapods/installer.rb:539:in 'block (2 levels) in Pod::Installer#install_pod_sources'
/opt/homebrew/Cellar/cocoapods/1.16.2_1/libexec/gems/cocoapods-1.16.2/lib/cocoapods/user_interface.rb:86:in 'Pod::UserInterface.titled_section'
/opt/homebrew/Cellar/cocoapods/1.16.2_1/libexec/gems/cocoapods-1.16.2/lib/cocoapods/installer.rb:538:in 'block in Pod::Installer#install_pod_sources'
/opt/homebrew/Cellar/cocoapods/1.16.2_1/libexec/gems/cocoapods-1.16.2/lib/cocoapods/installer.rb:535:in 'Array#each'
/opt/homebrew/Cellar/cocoapods/1.16.2_1/libexec/gems/cocoapods-1.16.2/lib/cocoapods/installer.rb:535:in 'Pod::Installer#install_pod_sources'
/opt/homebrew/Cellar/cocoapods/1.16.2_1/libexec/gems/cocoapods-1.16.2/lib/cocoapods/installer.rb:258:in 'block in Pod::Installer#download_dependencies'
/opt/homebrew/Cellar/cocoapods/1.16.2_1/libexec/gems/cocoapods-1.16.2/lib/cocoapods/user_interface.rb:64:in 'Pod::UserInterface.section'
/opt/homebrew/Cellar/cocoapods/1.16.2_1/libexec/gems/cocoapods-1.16.2/lib/cocoapods/installer.rb:257:in 'Pod::Installer#download_dependencies'
/opt/homebrew/Cellar/cocoapods/1.16.2_1/libexec/gems/cocoapods-1.16.2/lib/cocoapods/installer.rb:163:in 'Pod::Installer#install!'
/opt/homebrew/Cellar/cocoapods/1.16.2_1/libexec/gems/cocoapods-1.16.2/lib/cocoapods/command/install.rb:52:in 'Pod::Command::Install#run'
/opt/homebrew/Cellar/cocoapods/1.16.2_1/libexec/gems/claide-1.1.0/lib/claide/command.rb:334:in 'CLAide::Command.run'
/opt/homebrew/Cellar/cocoapods/1.16.2_1/libexec/gems/cocoapods-1.16.2/lib/cocoapods/command.rb:52:in 'Pod::Command.run'
/opt/homebrew/Cellar/cocoapods/1.16.2_1/libexec/gems/cocoapods-1.16.2/bin/pod:55:in '<top (required)>'
/opt/homebrew/Cellar/cocoapods/1.16.2_1/libexec/bin/pod:25:in 'Kernel#load'
/opt/homebrew/Cellar/cocoapods/1.16.2_1/libexec/bin/pod:25:in '<main>'

[!] NPM package '@react-native-firebase/firestore' depends on '@react-native-firebase/app' v18.6.0 but found v18.5.0, this might cause build issues or runtime crashes.

[!] NPM package '@react-native-firebase/firestore' depends on '@react-native-firebase/app' v18.6.0 but found v18.5.0, this might cause build issues or runtime crashes.
Step 9: Aligning React Native Firebase versions...
Step 6: Removing existing Pods and Podfile.lock...
Step 7: Fixing Boost checksum mismatch...
Downloading Boost manually...
  % Total    % Received % Xferd  Average Speed   Time    Time     Time  Current
                                 Dload  Upload   Total   Spent    Left  Speed
  0     0    0     0    0     0      0      0 --:--:-- --:--:-- --:--:--     0100   138  100   138    0     0    241      0 --:--:-- --:--:-- --:--:--   241
Calculating checksum...
Checksum mismatch detected. Replacing the cached Boost file.
Step 8: Reinstalling pods...
  $ /opt/homebrew/bin/node -p require.resolve(     "@react-native-community/cli-platform-ios/native_modules.rb",     {paths: [process.argv[1]]},   ) /Users/gr0nk/Documents/GitHub/ToBeWisePro/node_modules/react-native/scripts
  /Users/gr0nk/Documents/GitHub/ToBeWisePro/node_modules/@react-native-community/cli-platform-ios/native_modules.rb

Using Expo modules
  — expo (49.0.11)
  — expo-application (5.3.1)
  [Expo] Enabling modular headers for pod ExpoModulesCore
  — expo-constants (14.4.2)
  — expo-eas-client (0.6.0)
  — expo-file-system (15.4.4)
  — expo-font (11.4.0)
  — expo-json-utils (0.7.1)
  — expo-keep-awake (12.3.0)
  — expo-manifests (0.7.2)
  — expo-modules-core (1.5.11)
  — expo-notifications (0.20.1)
  — expo-splash-screen (0.20.5)
  — expo-sqlite (11.3.3)
  — expo-structured-headers (3.3.0)
  [Expo] Enabling modular headers for pod React-Core
  [Expo] Enabling modular headers for pod EXStructuredHeaders
  [Expo] Enabling modular headers for pod EXUpdatesInterface
  [Expo] Enabling modular headers for pod EXManifests
  [Expo] Enabling modular headers for pod EASClient
  [Expo] Enabling modular headers for pod ReachabilitySwift
  [Expo] Enabling modular headers for pod ASN1Decoder
  [Expo] Enabling modular headers for pod RCT-Folly
  — expo-updates (0.18.13)
  $ /opt/homebrew/bin/node -e try {console.log(require('@react-native-community/cli').bin);} catch (e) {console.log(require('react-native/cli').bin);}
  /Users/gr0nk/Documents/GitHub/ToBeWisePro/node_modules/@react-native-community/cli/build/bin.js
RNFBAnalytics: Using default Firebase/Analytics with Ad Ids. May require App Tracking Transparency. Not allowed for Kids apps.
RNFBAnalytics: You may set variable `$RNFirebaseAnalyticsWithoutAdIdSupport=true` in Podfile to use analytics without ad ids.
Adding a custom script phase for Pod RNFBApp: [RNFB] Core Configuration
Auto-linking React Native modules for target `ToBeWisePro`: BVLinearGradient, RCTYouTube, RNCAsyncStorage, RNCPicker, RNDateTimePicker, RNFBAnalytics, RNFBApp, RNFBFirestore, RNGestureHandler, RNInAppBrowser, RNRate, RNReactNativeHapticFeedback, RNReanimated, RNScreens, react-native-config, react-native-safe-area-context, react-native-slider, and react-native-webview
Framework build type is static framework
  $ /bin/mkdir -p ./build/generated/ios
[Codegen] Generating ./build/generated/ios/React-Codegen.podspec.json
  Preparing

Analyzing dependencies

Inspecting targets to integrate
  Using `ARCHS` setting to build architectures of target `Pods-ToBeWisePro`: (``)

Fetching external sources
-> Fetching podspec for `BVLinearGradient` from `../node_modules/react-native-linear-gradient`
-> Fetching podspec for `DoubleConversion` from `../node_modules/react-native/third-party-podspecs/DoubleConversion.podspec`
-> Fetching podspec for `EASClient` from `../node_modules/expo-eas-client/ios`
-> Fetching podspec for `EXApplication` from `../node_modules/expo-application/ios`
-> Fetching podspec for `EXConstants` from `../node_modules/expo-constants/ios`
-> Fetching podspec for `EXFileSystem` from `../node_modules/expo-file-system/ios`
-> Fetching podspec for `EXFont` from `../node_modules/expo-font/ios`
-> Fetching podspec for `EXJSONUtils` from `../node_modules/expo-json-utils/ios`
-> Fetching podspec for `EXManifests` from `../node_modules/expo-manifests/ios`
-> Fetching podspec for `EXNotifications` from `../node_modules/expo-notifications/ios`
-> Fetching podspec for `EXSplashScreen` from `../node_modules/expo-splash-screen/ios`
-> Fetching podspec for `EXStructuredHeaders` from `../node_modules/expo-structured-headers/ios`
-> Fetching podspec for `EXUpdates` from `../node_modules/expo-updates/ios`
-> Fetching podspec for `EXUpdatesInterface` from `../node_modules/expo-updates-interface/ios`
-> Fetching podspec for `Expo` from `../node_modules/expo`
-> Fetching podspec for `ExpoKeepAwake` from `../node_modules/expo-keep-awake/ios`
-> Fetching podspec for `ExpoModulesCore` from `../node_modules/expo-modules-core`
-> Fetching podspec for `ExpoSQLite` from `../node_modules/expo-sqlite/ios`
-> Fetching podspec for `FBLazyVector` from `../node_modules/react-native/Libraries/FBLazyVector`
-> Fetching podspec for `FBReactNativeSpec` from `../node_modules/react-native/React/FBReactNativeSpec`
[Codegen] Found FBReactNativeSpec
-> Fetching podspec for `RCT-Folly` from `../node_modules/react-native/third-party-podspecs/RCT-Folly.podspec`
-> Fetching podspec for `RCTRequired` from `../node_modules/react-native/Libraries/RCTRequired`
-> Fetching podspec for `RCTTypeSafety` from `../node_modules/react-native/Libraries/TypeSafety`
-> Fetching podspec for `RCTYouTube` from `../node_modules/react-native-youtube`
-> Fetching podspec for `RNCAsyncStorage` from `../node_modules/@react-native-async-storage/async-storage`
-> Fetching podspec for `RNCPicker` from `../node_modules/@react-native-picker/picker`
-> Fetching podspec for `RNDateTimePicker` from `../node_modules/@react-native-community/datetimepicker`
-> Fetching podspec for `RNFBAnalytics` from `../node_modules/@react-native-firebase/analytics`
RNFBAnalytics: Using default Firebase/Analytics with Ad Ids. May require App Tracking Transparency. Not allowed for Kids apps.
RNFBAnalytics: You may set variable `$RNFirebaseAnalyticsWithoutAdIdSupport=true` in Podfile to use analytics without ad ids.
-> Fetching podspec for `RNFBApp` from `../node_modules/@react-native-firebase/app`
-> Fetching podspec for `RNFBFirestore` from `../node_modules/@react-native-firebase/firestore`
-> Fetching podspec for `RNGestureHandler` from `../node_modules/react-native-gesture-handler`
-> Fetching podspec for `RNInAppBrowser` from `../node_modules/react-native-inappbrowser-reborn`
-> Fetching podspec for `RNRate` from `../node_modules/react-native-rate`
-> Fetching podspec for `RNReactNativeHapticFeedback` from `../node_modules/react-native-haptic-feedback`
-> Fetching podspec for `RNReanimated` from `../node_modules/react-native-reanimated`
-> Fetching podspec for `RNScreens` from `../node_modules/react-native-screens`
-> Fetching podspec for `React` from `../node_modules/react-native/`
-> Fetching podspec for `React-Codegen` from `build/generated/ios`
-> Fetching podspec for `React-Core` from `../node_modules/react-native/`
-> Fetching podspec for `React-CoreModules` from `../node_modules/react-native/React/CoreModules`
-> Fetching podspec for `React-NativeModulesApple` from `../node_modules/react-native/ReactCommon/react/nativemodule/core/platform/ios`
-> Fetching podspec for `React-RCTActionSheet` from `../node_modules/react-native/Libraries/ActionSheetIOS`
-> Fetching podspec for `React-RCTAnimation` from `../node_modules/react-native/Libraries/NativeAnimation`
-> Fetching podspec for `React-RCTAppDelegate` from `../node_modules/react-native/Libraries/AppDelegate`
-> Fetching podspec for `React-RCTBlob` from `../node_modules/react-native/Libraries/Blob`
-> Fetching podspec for `React-RCTImage` from `../node_modules/react-native/Libraries/Image`
-> Fetching podspec for `React-RCTLinking` from `../node_modules/react-native/Libraries/LinkingIOS`
-> Fetching podspec for `React-RCTNetwork` from `../node_modules/react-native/Libraries/Network`
-> Fetching podspec for `React-RCTSettings` from `../node_modules/react-native/Libraries/Settings`
-> Fetching podspec for `React-RCTText` from `../node_modules/react-native/Libraries/Text`
-> Fetching podspec for `React-RCTVibration` from `../node_modules/react-native/Libraries/Vibration`
-> Fetching podspec for `React-callinvoker` from `../node_modules/react-native/ReactCommon/callinvoker`
-> Fetching podspec for `React-cxxreact` from `../node_modules/react-native/ReactCommon/cxxreact`
-> Fetching podspec for `React-debug` from `../node_modules/react-native/ReactCommon/react/debug`
-> Fetching podspec for `React-jsc` from `../node_modules/react-native/ReactCommon/jsc`
-> Fetching podspec for `React-jsi` from `../node_modules/react-native/ReactCommon/jsi`
-> Fetching podspec for `React-jsiexecutor` from `../node_modules/react-native/ReactCommon/jsiexecutor`
-> Fetching podspec for `React-jsinspector` from `../node_modules/react-native/ReactCommon/jsinspector`
-> Fetching podspec for `React-logger` from `../node_modules/react-native/ReactCommon/logger`
-> Fetching podspec for `React-perflogger` from `../node_modules/react-native/ReactCommon/reactperflogger`
-> Fetching podspec for `React-rncore` from `../node_modules/react-native/ReactCommon`
[Codegen] Found rncore
-> Fetching podspec for `React-runtimeexecutor` from `../node_modules/react-native/ReactCommon/runtimeexecutor`
-> Fetching podspec for `React-runtimescheduler` from `../node_modules/react-native/ReactCommon/react/renderer/runtimescheduler`
-> Fetching podspec for `React-utils` from `../node_modules/react-native/ReactCommon/react/utils`
-> Fetching podspec for `ReactCommon` from `../node_modules/react-native/ReactCommon`
-> Fetching podspec for `Yoga` from `../node_modules/react-native/ReactCommon/yoga`
-> Fetching podspec for `boost` from `../node_modules/react-native/third-party-podspecs/boost.podspec`
-> Fetching podspec for `glog` from `../node_modules/react-native/third-party-podspecs/glog.podspec`
-> Fetching podspec for `react-native-config` from `../node_modules/react-native-config`
-> Fetching podspec for `react-native-safe-area-context` from `../node_modules/react-native-safe-area-context`
-> Fetching podspec for `react-native-slider` from `../node_modules/@react-native-community/slider`
-> Fetching podspec for `react-native-webview` from `../node_modules/react-native-webview`

Resolving dependencies of `Podfile`
  CDN: trunk Relative path: CocoaPods-version.yml exists! Returning local because checking is only performed in repo update
  CDN: trunk Relative path: all_pods_versions_0_3_5.txt exists! Returning local because checking is only performed in repo update
  CDN: trunk Relative path: Specs/0/3/5/Firebase/11.6.0/Firebase.podspec.json exists! Returning local because checking is only performed in repo update
  CDN: trunk Relative path: Specs/0/3/5/Firebase/10.15.0/Firebase.podspec.json exists! Returning local because checking is only performed in repo update
  CDN: trunk Relative path: all_pods_versions_6_1_e.txt exists! Returning local because checking is only performed in repo update
  CDN: trunk Relative path: Specs/6/1/e/nanopb/3.30910.0/nanopb.podspec.json exists! Returning local because checking is only performed in repo update
  CDN: trunk Relative path: all_pods_versions_d_d_6.txt exists! Returning local because checking is only performed in repo update
  CDN: trunk Relative path: Specs/d/d/6/ReachabilitySwift/5.2.4/ReachabilitySwift.podspec.json exists! Returning local because checking is only performed in repo update
  CDN: trunk Relative path: all_pods_versions_f_1_2.txt exists! Returning local because checking is only performed in repo update
  CDN: trunk Relative path: Specs/f/1/2/ASN1Decoder/1.10.0/ASN1Decoder.podspec.json exists! Returning local because checking is only performed in repo update
  CDN: trunk Relative path: Specs/0/3/5/Firebase/10.15.0/Firebase.podspec.json exists! Returning local because checking is only performed in repo update
  CDN: trunk Relative path: Specs/0/3/5/Firebase/10.15.0/Firebase.podspec.json exists! Returning local because checking is only performed in repo update
  CDN: trunk Relative path: all_pods_versions_7_6_3.txt exists! Returning local because checking is only performed in repo update
  CDN: trunk Relative path: Specs/7/6/3/fmt/7.1.3/fmt.podspec.json exists! Returning local because checking is only performed in repo update
  CDN: trunk Relative path: all_pods_versions_a_9_3.txt exists! Returning local because checking is only performed in repo update
  CDN: trunk Relative path: Specs/a/9/3/SocketRocket/0.7.1/SocketRocket.podspec.json exists! Returning local because checking is only performed in repo update
  CDN: trunk Relative path: all_pods_versions_b_b_a.txt exists! Returning local because checking is only performed in repo update
  CDN: trunk Relative path: Specs/b/b/a/YoutubePlayer-in-WKWebView/0.3.11/YoutubePlayer-in-WKWebView.podspec.json exists! Returning local because checking is only performed in repo update
  CDN: trunk Relative path: all_pods_versions_0_9_f.txt exists! Returning local because checking is only performed in repo update
  CDN: trunk Relative path: Specs/0/9/f/FirebaseFirestore/11.6.0/FirebaseFirestore.podspec.json exists! Returning local because checking is only performed in repo update
  CDN: trunk Relative path: Specs/0/9/f/FirebaseFirestore/10.15.0/FirebaseFirestore.podspec.json exists! Returning local because checking is only performed in repo update
  CDN: trunk Relative path: all_pods_versions_8_b_d.txt exists! Returning local because checking is only performed in repo update
  CDN: trunk Relative path: Specs/8/b/d/FirebaseCore/11.6.0/FirebaseCore.podspec.json exists! Returning local because checking is only performed in repo update
  CDN: trunk Relative path: all_pods_versions_3_8_6.txt exists! Returning local because checking is only performed in repo update
  CDN: trunk Relative path: Specs/3/8/6/abseil/1.20240722.0/abseil.podspec.json exists! Returning local because checking is only performed in repo update
  CDN: trunk Relative path: Specs/3/8/6/abseil/1.20220623.0/abseil.podspec.json exists! Returning local because checking is only performed in repo update
  CDN: trunk Relative path: Specs/3/8/6/abseil/1.20220623.2/abseil.podspec.json exists! Returning local because checking is only performed in repo update
  CDN: trunk Relative path: Specs/3/8/6/abseil/1.20220623.0/abseil.podspec.json exists! Returning local because checking is only performed in repo update
  CDN: trunk Relative path: Specs/3/8/6/abseil/1.20220623.2/abseil.podspec.json exists! Returning local because checking is only performed in repo update
  CDN: trunk Relative path: Specs/3/8/6/abseil/1.20220623.0/abseil.podspec.json exists! Returning local because checking is only performed in repo update
  CDN: trunk Relative path: Specs/3/8/6/abseil/1.20220623.2/abseil.podspec.json exists! Returning local because checking is only performed in repo update
  CDN: trunk Relative path: Specs/3/8/6/abseil/1.20220623.0/abseil.podspec.json exists! Returning local because checking is only performed in repo update
  CDN: trunk Relative path: Specs/3/8/6/abseil/1.20220623.2/abseil.podspec.json exists! Returning local because checking is only performed in repo update
  CDN: trunk Relative path: Specs/3/8/6/abseil/1.20220623.0/abseil.podspec.json exists! Returning local because checking is only performed in repo update
  CDN: trunk Relative path: Specs/3/8/6/abseil/1.20220623.2/abseil.podspec.json exists! Returning local because checking is only performed in repo update
  CDN: trunk Relative path: Specs/3/8/6/abseil/1.20220623.0/abseil.podspec.json exists! Returning local because checking is only performed in repo update
  CDN: trunk Relative path: Specs/3/8/6/abseil/1.20220623.2/abseil.podspec.json exists! Returning local because checking is only performed in repo update
  CDN: trunk Relative path: Specs/3/8/6/abseil/1.20220623.0/abseil.podspec.json exists! Returning local because checking is only performed in repo update
  CDN: trunk Relative path: Specs/3/8/6/abseil/1.20220623.2/abseil.podspec.json exists! Returning local because checking is only performed in repo update
  CDN: trunk Relative path: Specs/3/8/6/abseil/1.20220623.0/abseil.podspec.json exists! Returning local because checking is only performed in repo update
  CDN: trunk Relative path: Specs/3/8/6/abseil/1.20220623.2/abseil.podspec.json exists! Returning local because checking is only performed in repo update
  CDN: trunk Relative path: all_pods_versions_c_8_7.txt exists! Returning local because checking is only performed in repo update
  CDN: trunk Relative path: Specs/c/8/7/gRPC-C++/1.69.0/gRPC-C++.podspec.json exists! Returning local because checking is only performed in repo update
  CDN: trunk Relative path: all_pods_versions_a_d_a.txt exists! Returning local because checking is only performed in repo update
  CDN: trunk Relative path: Specs/a/d/a/leveldb-library/1.22.6/leveldb-library.podspec.json exists! Returning local because checking is only performed in repo update
  CDN: trunk Relative path: Specs/7/6/3/fmt/6.2.1/fmt.podspec.json exists! Returning local because checking is only performed in repo update
  CDN: trunk Relative path: Specs/0/3/5/Firebase/10.15.0/Firebase.podspec.json exists! Returning local because checking is only performed in repo update
  CDN: trunk Relative path: Specs/c/8/7/gRPC-C++/1.50.1/gRPC-C++.podspec.json exists! Returning local because checking is only performed in repo update
  CDN: trunk Relative path: Specs/c/8/7/gRPC-C++/1.50.1/gRPC-C++.podspec.json exists! Returning local because checking is only performed in repo update
  CDN: trunk Relative path: Specs/c/8/7/gRPC-C++/1.50.1/gRPC-C++.podspec.json exists! Returning local because checking is only performed in repo update
  CDN: trunk Relative path: all_pods_versions_e_2_1.txt exists! Returning local because checking is only performed in repo update
  CDN: trunk Relative path: Specs/e/2/1/FirebaseAnalytics/11.6.0/FirebaseAnalytics.podspec.json exists! Returning local because checking is only performed in repo update
  CDN: trunk Relative path: all_pods_versions_9_1_0.txt exists! Returning local because checking is only performed in repo update
  CDN: trunk Relative path: Specs/9/1/0/gRPC-Core/1.69.0/gRPC-Core.podspec.json exists! Returning local because checking is only performed in repo update
  CDN: trunk Relative path: Specs/3/8/6/abseil/1.20220623.0/abseil.podspec.json exists! Returning local because checking is only performed in repo update
  CDN: trunk Relative path: Specs/3/8/6/abseil/1.20220623.0/abseil.podspec.json exists! Returning local because checking is only performed in repo update
  CDN: trunk Relative path: Specs/3/8/6/abseil/1.20220623.0/abseil.podspec.json exists! Returning local because checking is only performed in repo update
  CDN: trunk Relative path: Specs/3/8/6/abseil/1.20220623.0/abseil.podspec.json exists! Returning local because checking is only performed in repo update
  CDN: trunk Relative path: Specs/3/8/6/abseil/1.20220623.0/abseil.podspec.json exists! Returning local because checking is only performed in repo update
  CDN: trunk Relative path: Specs/3/8/6/abseil/1.20220623.0/abseil.podspec.json exists! Returning local because checking is only performed in repo update
  CDN: trunk Relative path: Specs/3/8/6/abseil/1.20220623.0/abseil.podspec.json exists! Returning local because checking is only performed in repo update
  CDN: trunk Relative path: Specs/3/8/6/abseil/1.20220623.0/abseil.podspec.json exists! Returning local because checking is only performed in repo update
  CDN: trunk Relative path: Specs/3/8/6/abseil/1.20220623.0/abseil.podspec.json exists! Returning local because checking is only performed in repo update
  CDN: trunk Relative path: Specs/3/8/6/abseil/1.20220623.0/abseil.podspec.json exists! Returning local because checking is only performed in repo update
  CDN: trunk Relative path: Specs/3/8/6/abseil/1.20220623.0/abseil.podspec.json exists! Returning local because checking is only performed in repo update
  CDN: trunk Relative path: Specs/3/8/6/abseil/1.20220623.0/abseil.podspec.json exists! Returning local because checking is only performed in repo update
  CDN: trunk Relative path: Specs/3/8/6/abseil/1.20220623.0/abseil.podspec.json exists! Returning local because checking is only performed in repo update
  CDN: trunk Relative path: Specs/3/8/6/abseil/1.20220623.0/abseil.podspec.json exists! Returning local because checking is only performed in repo update
  CDN: trunk Relative path: Specs/3/8/6/abseil/1.20220623.0/abseil.podspec.json exists! Returning local because checking is only performed in repo update
  CDN: trunk Relative path: Specs/3/8/6/abseil/1.20220623.0/abseil.podspec.json exists! Returning local because checking is only performed in repo update
  CDN: trunk Relative path: Specs/3/8/6/abseil/1.20220623.0/abseil.podspec.json exists! Returning local because checking is only performed in repo update
  CDN: trunk Relative path: Specs/3/8/6/abseil/1.20220623.0/abseil.podspec.json exists! Returning local because checking is only performed in repo update
  CDN: trunk Relative path: Specs/3/8/6/abseil/1.20220623.0/abseil.podspec.json exists! Returning local because checking is only performed in repo update
  CDN: trunk Relative path: Specs/3/8/6/abseil/1.20220623.0/abseil.podspec.json exists! Returning local because checking is only performed in repo update
  CDN: trunk Relative path: Specs/3/8/6/abseil/1.20220623.0/abseil.podspec.json exists! Returning local because checking is only performed in repo update
  CDN: trunk Relative path: Specs/3/8/6/abseil/1.20220623.0/abseil.podspec.json exists! Returning local because checking is only performed in repo update
  CDN: trunk Relative path: Specs/3/8/6/abseil/1.20220623.0/abseil.podspec.json exists! Returning local because checking is only performed in repo update
  CDN: trunk Relative path: Specs/3/8/6/abseil/1.20220623.0/abseil.podspec.json exists! Returning local because checking is only performed in repo update
  CDN: trunk Relative path: Specs/e/2/1/FirebaseAnalytics/10.15.0/FirebaseAnalytics.podspec.json exists! Returning local because checking is only performed in repo update
  CDN: trunk Relative path: all_pods_versions_2_f_7.txt exists! Returning local because checking is only performed in repo update
  CDN: trunk Relative path: Specs/2/f/7/FirebaseInstallations/11.6.0/FirebaseInstallations.podspec.json exists! Returning local because checking is only performed in repo update
  CDN: trunk Relative path: all_pods_versions_0_8_4.txt exists! Returning local because checking is only performed in repo update
  CDN: trunk Relative path: Specs/0/8/4/GoogleUtilities/8.0.2/GoogleUtilities.podspec.json exists! Returning local because checking is only performed in repo update
  CDN: trunk Relative path: Specs/0/8/4/GoogleUtilities/7.11.0/GoogleUtilities.podspec.json exists! Returning local because checking is only performed in repo update
  CDN: trunk Relative path: Specs/0/8/4/GoogleUtilities/7.11.1/GoogleUtilities.podspec.json exists! Returning local because checking is only performed in repo update
  CDN: trunk Relative path: Specs/0/8/4/GoogleUtilities/7.11.4/GoogleUtilities.podspec.json exists! Returning local because checking is only performed in repo update
  CDN: trunk Relative path: Specs/0/8/4/GoogleUtilities/7.11.5/GoogleUtilities.podspec.json exists! Returning local because checking is only performed in repo update
  CDN: trunk Relative path: Specs/0/8/4/GoogleUtilities/7.11.6/GoogleUtilities.podspec.json exists! Returning local because checking is only performed in repo update
  CDN: trunk Relative path: Specs/0/8/4/GoogleUtilities/7.12.0/GoogleUtilities.podspec.json exists! Returning local because checking is only performed in repo update
  CDN: trunk Relative path: Specs/0/8/4/GoogleUtilities/7.13.0/GoogleUtilities.podspec.json exists! Returning local because checking is only performed in repo update
  CDN: trunk Relative path: Specs/0/8/4/GoogleUtilities/7.13.2/GoogleUtilities.podspec.json exists! Returning local because checking is only performed in repo update
  CDN: trunk Relative path: Specs/0/8/4/GoogleUtilities/7.13.3/GoogleUtilities.podspec.json exists! Returning local because checking is only performed in repo update
  CDN: trunk Relative path: Specs/0/8/4/GoogleUtilities/7.11.0/GoogleUtilities.podspec.json exists! Returning local because checking is only performed in repo update
  CDN: trunk Relative path: Specs/0/8/4/GoogleUtilities/7.11.1/GoogleUtilities.podspec.json exists! Returning local because checking is only performed in repo update
  CDN: trunk Relative path: Specs/0/8/4/GoogleUtilities/7.11.4/GoogleUtilities.podspec.json exists! Returning local because checking is only performed in repo update
  CDN: trunk Relative path: Specs/0/8/4/GoogleUtilities/7.11.5/GoogleUtilities.podspec.json exists! Returning local because checking is only performed in repo update
  CDN: trunk Relative path: Specs/0/8/4/GoogleUtilities/7.11.6/GoogleUtilities.podspec.json exists! Returning local because checking is only performed in repo update
  CDN: trunk Relative path: Specs/0/8/4/GoogleUtilities/7.12.0/GoogleUtilities.podspec.json exists! Returning local because checking is only performed in repo update
  CDN: trunk Relative path: Specs/0/8/4/GoogleUtilities/7.13.0/GoogleUtilities.podspec.json exists! Returning local because checking is only performed in repo update
  CDN: trunk Relative path: Specs/0/8/4/GoogleUtilities/7.13.2/GoogleUtilities.podspec.json exists! Returning local because checking is only performed in repo update
  CDN: trunk Relative path: Specs/0/8/4/GoogleUtilities/7.13.3/GoogleUtilities.podspec.json exists! Returning local because checking is only performed in repo update
  CDN: trunk Relative path: Specs/0/8/4/GoogleUtilities/7.11.0/GoogleUtilities.podspec.json exists! Returning local because checking is only performed in repo update
  CDN: trunk Relative path: Specs/0/8/4/GoogleUtilities/7.11.1/GoogleUtilities.podspec.json exists! Returning local because checking is only performed in repo update
  CDN: trunk Relative path: Specs/0/8/4/GoogleUtilities/7.11.4/GoogleUtilities.podspec.json exists! Returning local because checking is only performed in repo update
  CDN: trunk Relative path: Specs/0/8/4/GoogleUtilities/7.11.5/GoogleUtilities.podspec.json exists! Returning local because checking is only performed in repo update
  CDN: trunk Relative path: Specs/0/8/4/GoogleUtilities/7.11.6/GoogleUtilities.podspec.json exists! Returning local because checking is only performed in repo update
  CDN: trunk Relative path: Specs/0/8/4/GoogleUtilities/7.12.0/GoogleUtilities.podspec.json exists! Returning local because checking is only performed in repo update
  CDN: trunk Relative path: Specs/0/8/4/GoogleUtilities/7.13.0/GoogleUtilities.podspec.json exists! Returning local because checking is only performed in repo update
  CDN: trunk Relative path: Specs/0/8/4/GoogleUtilities/7.13.2/GoogleUtilities.podspec.json exists! Returning local because checking is only performed in repo update
  CDN: trunk Relative path: Specs/0/8/4/GoogleUtilities/7.13.3/GoogleUtilities.podspec.json exists! Returning local because checking is only performed in repo update
  CDN: trunk Relative path: Specs/0/8/4/GoogleUtilities/7.11.0/GoogleUtilities.podspec.json exists! Returning local because checking is only performed in repo update
  CDN: trunk Relative path: Specs/0/8/4/GoogleUtilities/7.11.1/GoogleUtilities.podspec.json exists! Returning local because checking is only performed in repo update
  CDN: trunk Relative path: Specs/0/8/4/GoogleUtilities/7.11.4/GoogleUtilities.podspec.json exists! Returning local because checking is only performed in repo update
  CDN: trunk Relative path: Specs/0/8/4/GoogleUtilities/7.11.5/GoogleUtilities.podspec.json exists! Returning local because checking is only performed in repo update
  CDN: trunk Relative path: Specs/0/8/4/GoogleUtilities/7.11.6/GoogleUtilities.podspec.json exists! Returning local because checking is only performed in repo update
  CDN: trunk Relative path: Specs/0/8/4/GoogleUtilities/7.12.0/GoogleUtilities.podspec.json exists! Returning local because checking is only performed in repo update
  CDN: trunk Relative path: Specs/0/8/4/GoogleUtilities/7.13.0/GoogleUtilities.podspec.json exists! Returning local because checking is only performed in repo update
  CDN: trunk Relative path: Specs/0/8/4/GoogleUtilities/7.13.2/GoogleUtilities.podspec.json exists! Returning local because checking is only performed in repo update
  CDN: trunk Relative path: Specs/0/8/4/GoogleUtilities/7.13.3/GoogleUtilities.podspec.json exists! Returning local because checking is only performed in repo update
  CDN: trunk Relative path: Specs/e/2/1/FirebaseAnalytics/10.15.0/FirebaseAnalytics.podspec.json exists! Returning local because checking is only performed in repo update
  CDN: trunk Relative path: Specs/3/8/6/abseil/1.20220623.0/abseil.podspec.json exists! Returning local because checking is only performed in repo update
  CDN: trunk Relative path: Specs/3/8/6/abseil/1.20220623.0/abseil.podspec.json exists! Returning local because checking is only performed in repo update
  CDN: trunk Relative path: Specs/3/8/6/abseil/1.20220623.0/abseil.podspec.json exists! Returning local because checking is only performed in repo update
  CDN: trunk Relative path: Specs/3/8/6/abseil/1.20220623.0/abseil.podspec.json exists! Returning local because checking is only performed in repo update
  CDN: trunk Relative path: Specs/3/8/6/abseil/1.20220623.0/abseil.podspec.json exists! Returning local because checking is only performed in repo update
  CDN: trunk Relative path: Specs/3/8/6/abseil/1.20220623.0/abseil.podspec.json exists! Returning local because checking is only performed in repo update
  CDN: trunk Relative path: Specs/3/8/6/abseil/1.20220623.0/abseil.podspec.json exists! Returning local because checking is only performed in repo update
  CDN: trunk Relative path: Specs/3/8/6/abseil/1.20220623.0/abseil.podspec.json exists! Returning local because checking is only performed in repo update
  CDN: trunk Relative path: Specs/3/8/6/abseil/1.20220623.0/abseil.podspec.json exists! Returning local because checking is only performed in repo update
  CDN: trunk Relative path: Specs/3/8/6/abseil/1.20220623.0/abseil.podspec.json exists! Returning local because checking is only performed in repo update
  CDN: trunk Relative path: Specs/3/8/6/abseil/1.20220623.0/abseil.podspec.json exists! Returning local because checking is only performed in repo update
  CDN: trunk Relative path: Specs/3/8/6/abseil/1.20220623.0/abseil.podspec.json exists! Returning local because checking is only performed in repo update
  CDN: trunk Relative path: Specs/3/8/6/abseil/1.20220623.0/abseil.podspec.json exists! Returning local because checking is only performed in repo update
  CDN: trunk Relative path: Specs/3/8/6/abseil/1.20220623.0/abseil.podspec.json exists! Returning local because checking is only performed in repo update
  CDN: trunk Relative path: Specs/3/8/6/abseil/1.20220623.0/abseil.podspec.json exists! Returning local because checking is only performed in repo update
  CDN: trunk Relative path: Specs/3/8/6/abseil/1.20220623.0/abseil.podspec.json exists! Returning local because checking is only performed in repo update
  CDN: trunk Relative path: Specs/3/8/6/abseil/1.20220623.0/abseil.podspec.json exists! Returning local because checking is only performed in repo update
  CDN: trunk Relative path: Specs/3/8/6/abseil/1.20220623.0/abseil.podspec.json exists! Returning local because checking is only performed in repo update
  CDN: trunk Relative path: Specs/3/8/6/abseil/1.20220623.0/abseil.podspec.json exists! Returning local because checking is only performed in repo update
  CDN: trunk Relative path: Specs/3/8/6/abseil/1.20220623.0/abseil.podspec.json exists! Returning local because checking is only performed in repo update
  CDN: trunk Relative path: Specs/3/8/6/abseil/1.20220623.0/abseil.podspec.json exists! Returning local because checking is only performed in repo update
  CDN: trunk Relative path: Specs/3/8/6/abseil/1.20220623.0/abseil.podspec.json exists! Returning local because checking is only performed in repo update
  CDN: trunk Relative path: Specs/3/8/6/abseil/1.20220623.0/abseil.podspec.json exists! Returning local because checking is only performed in repo update
  CDN: trunk Relative path: Specs/3/8/6/abseil/1.20220623.0/abseil.podspec.json exists! Returning local because checking is only performed in repo update
  CDN: trunk Relative path: Specs/3/8/6/abseil/1.20220623.0/abseil.podspec.json exists! Returning local because checking is only performed in repo update
  CDN: trunk Relative path: Specs/3/8/6/abseil/1.20220623.0/abseil.podspec.json exists! Returning local because checking is only performed in repo update
  CDN: trunk Relative path: Specs/3/8/6/abseil/1.20220623.0/abseil.podspec.json exists! Returning local because checking is only performed in repo update
  CDN: trunk Relative path: Specs/3/8/6/abseil/1.20220623.0/abseil.podspec.json exists! Returning local because checking is only performed in repo update
  CDN: trunk Relative path: Specs/3/8/6/abseil/1.20220623.0/abseil.podspec.json exists! Returning local because checking is only performed in repo update
  CDN: trunk Relative path: all_pods_versions_e_3_b.txt exists! Returning local because checking is only performed in repo update
  CDN: trunk Relative path: Specs/e/3/b/GoogleAppMeasurement/11.6.0/GoogleAppMeasurement.podspec.json exists! Returning local because checking is only performed in repo update
  CDN: trunk Relative path: Specs/3/8/6/abseil/1.20220623.0/abseil.podspec.json exists! Returning local because checking is only performed in repo update
  CDN: trunk Relative path: Specs/3/8/6/abseil/1.20220623.0/abseil.podspec.json exists! Returning local because checking is only performed in repo update
  CDN: trunk Relative path: Specs/3/8/6/abseil/1.20220623.0/abseil.podspec.json exists! Returning local because checking is only performed in repo update
  CDN: trunk Relative path: Specs/3/8/6/abseil/1.20220623.0/abseil.podspec.json exists! Returning local because checking is only performed in repo update
  CDN: trunk Relative path: Specs/3/8/6/abseil/1.20220623.0/abseil.podspec.json exists! Returning local because checking is only performed in repo update
  CDN: trunk Relative path: Specs/3/8/6/abseil/1.20220623.0/abseil.podspec.json exists! Returning local because checking is only performed in repo update
  CDN: trunk Relative path: Specs/9/1/0/gRPC-Core/1.50.1/gRPC-Core.podspec.json exists! Returning local because checking is only performed in repo update
  CDN: trunk Relative path: Specs/9/1/0/gRPC-Core/1.50.1/gRPC-Core.podspec.json exists! Returning local because checking is only performed in repo update
  CDN: trunk Relative path: Specs/9/1/0/gRPC-Core/1.50.1/gRPC-Core.podspec.json exists! Returning local because checking is only performed in repo update
  CDN: trunk Relative path: Specs/3/8/6/abseil/1.20220623.0/abseil.podspec.json exists! Returning local because checking is only performed in repo update
  CDN: trunk Relative path: Specs/3/8/6/abseil/1.20220623.0/abseil.podspec.json exists! Returning local because checking is only performed in repo update
  CDN: trunk Relative path: Specs/3/8/6/abseil/1.20220623.0/abseil.podspec.json exists! Returning local because checking is only performed in repo update
  CDN: trunk Relative path: Specs/3/8/6/abseil/1.20220623.0/abseil.podspec.json exists! Returning local because checking is only performed in repo update
  CDN: trunk Relative path: Specs/3/8/6/abseil/1.20220623.0/abseil.podspec.json exists! Returning local because checking is only performed in repo update
  CDN: trunk Relative path: Specs/3/8/6/abseil/1.20220623.0/abseil.podspec.json exists! Returning local because checking is only performed in repo update
  CDN: trunk Relative path: Specs/3/8/6/abseil/1.20220623.0/abseil.podspec.json exists! Returning local because checking is only performed in repo update
  CDN: trunk Relative path: Specs/3/8/6/abseil/1.20220623.0/abseil.podspec.json exists! Returning local because checking is only performed in repo update
  CDN: trunk Relative path: Specs/3/8/6/abseil/1.20220623.0/abseil.podspec.json exists! Returning local because checking is only performed in repo update
  CDN: trunk Relative path: Specs/3/8/6/abseil/1.20220623.0/abseil.podspec.json exists! Returning local because checking is only performed in repo update
  CDN: trunk Relative path: Specs/3/8/6/abseil/1.20220623.0/abseil.podspec.json exists! Returning local because checking is only performed in repo update
  CDN: trunk Relative path: Specs/3/8/6/abseil/1.20220623.0/abseil.podspec.json exists! Returning local because checking is only performed in repo update
  CDN: trunk Relative path: Specs/3/8/6/abseil/1.20220623.0/abseil.podspec.json exists! Returning local because checking is only performed in repo update
  CDN: trunk Relative path: Specs/3/8/6/abseil/1.20220623.0/abseil.podspec.json exists! Returning local because checking is only performed in repo update
  CDN: trunk Relative path: Specs/3/8/6/abseil/1.20220623.0/abseil.podspec.json exists! Returning local because checking is only performed in repo update
  CDN: trunk Relative path: Specs/3/8/6/abseil/1.20220623.0/abseil.podspec.json exists! Returning local because checking is only performed in repo update
  CDN: trunk Relative path: Specs/3/8/6/abseil/1.20220623.0/abseil.podspec.json exists! Returning local because checking is only performed in repo update
  CDN: trunk Relative path: Specs/3/8/6/abseil/1.20220623.0/abseil.podspec.json exists! Returning local because checking is only performed in repo update
  CDN: trunk Relative path: Specs/3/8/6/abseil/1.20220623.0/abseil.podspec.json exists! Returning local because checking is only performed in repo update
  CDN: trunk Relative path: Specs/3/8/6/abseil/1.20220623.0/abseil.podspec.json exists! Returning local because checking is only performed in repo update
  CDN: trunk Relative path: Specs/3/8/6/abseil/1.20220623.0/abseil.podspec.json exists! Returning local because checking is only performed in repo update
  CDN: trunk Relative path: Specs/3/8/6/abseil/1.20220623.0/abseil.podspec.json exists! Returning local because checking is only performed in repo update
  CDN: trunk Relative path: Specs/3/8/6/abseil/1.20220623.0/abseil.podspec.json exists! Returning local because checking is only performed in repo update
  CDN: trunk Relative path: Specs/3/8/6/abseil/1.20220623.0/abseil.podspec.json exists! Returning local because checking is only performed in repo update
  CDN: trunk Relative path: Specs/3/8/6/abseil/1.20220623.0/abseil.podspec.json exists! Returning local because checking is only performed in repo update
  CDN: trunk Relative path: Specs/3/8/6/abseil/1.20220623.0/abseil.podspec.json exists! Returning local because checking is only performed in repo update
  CDN: trunk Relative path: Specs/3/8/6/abseil/1.20220623.0/abseil.podspec.json exists! Returning local because checking is only performed in repo update
  CDN: trunk Relative path: Specs/3/8/6/abseil/1.20220623.0/abseil.podspec.json exists! Returning local because checking is only performed in repo update
  CDN: trunk Relative path: Specs/3/8/6/abseil/1.20220623.0/abseil.podspec.json exists! Returning local because checking is only performed in repo update
  CDN: trunk Relative path: Specs/3/8/6/abseil/1.20220623.0/abseil.podspec.json exists! Returning local because checking is only performed in repo update
  CDN: trunk Relative path: Specs/3/8/6/abseil/1.20220623.0/abseil.podspec.json exists! Returning local because checking is only performed in repo update
  CDN: trunk Relative path: Specs/a/9/3/SocketRocket/0.6.1/SocketRocket.podspec.json exists! Returning local because checking is only performed in repo update
  CDN: trunk Relative path: Specs/8/b/d/FirebaseCore/10.15.0/FirebaseCore.podspec.json exists! Returning local because checking is only performed in repo update
  CDN: trunk Relative path: Specs/0/8/4/GoogleUtilities/7.8.0/GoogleUtilities.podspec.json exists! Returning local because checking is only performed in repo update
  CDN: trunk Relative path: Specs/0/8/4/GoogleUtilities/7.10.0/GoogleUtilities.podspec.json exists! Returning local because checking is only performed in repo update
  CDN: trunk Relative path: Specs/0/8/4/GoogleUtilities/7.11.0/GoogleUtilities.podspec.json exists! Returning local because checking is only performed in repo update
  CDN: trunk Relative path: Specs/0/8/4/GoogleUtilities/7.11.1/GoogleUtilities.podspec.json exists! Returning local because checking is only performed in repo update
  CDN: trunk Relative path: Specs/0/8/4/GoogleUtilities/7.11.4/GoogleUtilities.podspec.json exists! Returning local because checking is only performed in repo update
  CDN: trunk Relative path: Specs/0/8/4/GoogleUtilities/7.11.5/GoogleUtilities.podspec.json exists! Returning local because checking is only performed in repo update
  CDN: trunk Relative path: Specs/0/8/4/GoogleUtilities/7.11.6/GoogleUtilities.podspec.json exists! Returning local because checking is only performed in repo update
  CDN: trunk Relative path: Specs/0/8/4/GoogleUtilities/7.12.0/GoogleUtilities.podspec.json exists! Returning local because checking is only performed in repo update
  CDN: trunk Relative path: Specs/0/8/4/GoogleUtilities/7.13.0/GoogleUtilities.podspec.json exists! Returning local because checking is only performed in repo update
  CDN: trunk Relative path: Specs/0/8/4/GoogleUtilities/7.13.2/GoogleUtilities.podspec.json exists! Returning local because checking is only performed in repo update
  CDN: trunk Relative path: Specs/0/8/4/GoogleUtilities/7.13.3/GoogleUtilities.podspec.json exists! Returning local because checking is only performed in repo update
  CDN: trunk Relative path: Specs/0/8/4/GoogleUtilities/7.8.0/GoogleUtilities.podspec.json exists! Returning local because checking is only performed in repo update
  CDN: trunk Relative path: Specs/0/8/4/GoogleUtilities/7.10.0/GoogleUtilities.podspec.json exists! Returning local because checking is only performed in repo update
  CDN: trunk Relative path: Specs/0/8/4/GoogleUtilities/7.11.0/GoogleUtilities.podspec.json exists! Returning local because checking is only performed in repo update
  CDN: trunk Relative path: Specs/0/8/4/GoogleUtilities/7.11.1/GoogleUtilities.podspec.json exists! Returning local because checking is only performed in repo update
  CDN: trunk Relative path: Specs/0/8/4/GoogleUtilities/7.11.4/GoogleUtilities.podspec.json exists! Returning local because checking is only performed in repo update
  CDN: trunk Relative path: Specs/0/8/4/GoogleUtilities/7.11.5/GoogleUtilities.podspec.json exists! Returning local because checking is only performed in repo update
  CDN: trunk Relative path: Specs/0/8/4/GoogleUtilities/7.11.6/GoogleUtilities.podspec.json exists! Returning local because checking is only performed in repo update
  CDN: trunk Relative path: Specs/0/8/4/GoogleUtilities/7.12.0/GoogleUtilities.podspec.json exists! Returning local because checking is only performed in repo update
  CDN: trunk Relative path: Specs/0/8/4/GoogleUtilities/7.13.0/GoogleUtilities.podspec.json exists! Returning local because checking is only performed in repo update
  CDN: trunk Relative path: Specs/0/8/4/GoogleUtilities/7.13.2/GoogleUtilities.podspec.json exists! Returning local because checking is only performed in repo update
  CDN: trunk Relative path: Specs/0/8/4/GoogleUtilities/7.13.3/GoogleUtilities.podspec.json exists! Returning local because checking is only performed in repo update
  CDN: trunk Relative path: all_pods_versions_7_9_1.txt exists! Returning local because checking is only performed in repo update
  CDN: trunk Relative path: Specs/7/9/1/FirebaseCoreInternal/11.6.0/FirebaseCoreInternal.podspec.json exists! Returning local because checking is only performed in repo update
  CDN: trunk Relative path: Specs/8/b/d/FirebaseCore/10.29.0/FirebaseCore.podspec.json exists! Returning local because checking is only performed in repo update
  CDN: trunk Relative path: Specs/8/b/d/FirebaseCore/10.28.1/FirebaseCore.podspec.json exists! Returning local because checking is only performed in repo update
  CDN: trunk Relative path: Specs/8/b/d/FirebaseCore/10.28.0/FirebaseCore.podspec.json exists! Returning local because checking is only performed in repo update
  CDN: trunk Relative path: Specs/8/b/d/FirebaseCore/10.27.0/FirebaseCore.podspec.json exists! Returning local because checking is only performed in repo update
  CDN: trunk Relative path: Specs/8/b/d/FirebaseCore/10.25.0/FirebaseCore.podspec.json exists! Returning local because checking is only performed in repo update
  CDN: trunk Relative path: Specs/8/b/d/FirebaseCore/10.24.0/FirebaseCore.podspec.json exists! Returning local because checking is only performed in repo update
  CDN: trunk Relative path: Specs/8/b/d/FirebaseCore/10.23.1/FirebaseCore.podspec.json exists! Returning local because checking is only performed in repo update
  CDN: trunk Relative path: Specs/8/b/d/FirebaseCore/10.23.0/FirebaseCore.podspec.json exists! Returning local because checking is only performed in repo update
  CDN: trunk Relative path: Specs/8/b/d/FirebaseCore/10.22.0/FirebaseCore.podspec.json exists! Returning local because checking is only performed in repo update
  CDN: trunk Relative path: Specs/8/b/d/FirebaseCore/10.21.0/FirebaseCore.podspec.json exists! Returning local because checking is only performed in repo update
  CDN: trunk Relative path: Specs/8/b/d/FirebaseCore/10.20.0/FirebaseCore.podspec.json exists! Returning local because checking is only performed in repo update
  CDN: trunk Relative path: Specs/8/b/d/FirebaseCore/10.19.0/FirebaseCore.podspec.json exists! Returning local because checking is only performed in repo update
  CDN: trunk Relative path: Specs/8/b/d/FirebaseCore/10.18.0/FirebaseCore.podspec.json exists! Returning local because checking is only performed in repo update
  CDN: trunk Relative path: Specs/8/b/d/FirebaseCore/10.17.0/FirebaseCore.podspec.json exists! Returning local because checking is only performed in repo update
  CDN: trunk Relative path: Specs/8/b/d/FirebaseCore/10.16.0/FirebaseCore.podspec.json exists! Returning local because checking is only performed in repo update
  CDN: trunk Relative path: Specs/8/b/d/FirebaseCore/10.15.0/FirebaseCore.podspec.json exists! Returning local because checking is only performed in repo update
  CDN: trunk Relative path: Specs/8/b/d/FirebaseCore/10.14.0/FirebaseCore.podspec.json exists! Returning local because checking is only performed in repo update
  CDN: trunk Relative path: Specs/8/b/d/FirebaseCore/10.13.0/FirebaseCore.podspec.json exists! Returning local because checking is only performed in repo update
  CDN: trunk Relative path: Specs/8/b/d/FirebaseCore/10.12.0/FirebaseCore.podspec.json exists! Returning local because checking is only performed in repo update
  CDN: trunk Relative path: Specs/8/b/d/FirebaseCore/10.11.0/FirebaseCore.podspec.json exists! Returning local because checking is only performed in repo update
  CDN: trunk Relative path: Specs/8/b/d/FirebaseCore/10.10.0/FirebaseCore.podspec.json exists! Returning local because checking is only performed in repo update
  CDN: trunk Relative path: Specs/8/b/d/FirebaseCore/10.9.0/FirebaseCore.podspec.json exists! Returning local because checking is only performed in repo update
  CDN: trunk Relative path: Specs/8/b/d/FirebaseCore/10.8.0/FirebaseCore.podspec.json exists! Returning local because checking is only performed in repo update
  CDN: trunk Relative path: Specs/8/b/d/FirebaseCore/10.7.0/FirebaseCore.podspec.json exists! Returning local because checking is only performed in repo update
  CDN: trunk Relative path: Specs/8/b/d/FirebaseCore/10.6.0/FirebaseCore.podspec.json exists! Returning local because checking is only performed in repo update
  CDN: trunk Relative path: Specs/8/b/d/FirebaseCore/10.5.0/FirebaseCore.podspec.json exists! Returning local because checking is only performed in repo update
  CDN: trunk Relative path: Specs/8/b/d/FirebaseCore/10.4.0/FirebaseCore.podspec.json exists! Returning local because checking is only performed in repo update
  CDN: trunk Relative path: Specs/8/b/d/FirebaseCore/10.3.0/FirebaseCore.podspec.json exists! Returning local because checking is only performed in repo update
  CDN: trunk Relative path: Specs/8/b/d/FirebaseCore/10.2.0/FirebaseCore.podspec.json exists! Returning local because checking is only performed in repo update
  CDN: trunk Relative path: Specs/8/b/d/FirebaseCore/10.1.0/FirebaseCore.podspec.json exists! Returning local because checking is only performed in repo update
  CDN: trunk Relative path: Specs/8/b/d/FirebaseCore/10.0.0/FirebaseCore.podspec.json exists! Returning local because checking is only performed in repo update
  CDN: trunk Relative path: Specs/e/3/b/GoogleAppMeasurement/10.15.0/GoogleAppMeasurement.podspec.json exists! Returning local because checking is only performed in repo update
  CDN: trunk Relative path: Specs/e/3/b/GoogleAppMeasurement/10.15.0/GoogleAppMeasurement.podspec.json exists! Returning local because checking is only performed in repo update
  CDN: trunk Relative path: Specs/3/8/6/abseil/1.20220623.0/abseil.podspec.json exists! Returning local because checking is only performed in repo update
  CDN: trunk Relative path: Specs/3/8/6/abseil/1.20220623.0/abseil.podspec.json exists! Returning local because checking is only performed in repo update
  CDN: trunk Relative path: Specs/3/8/6/abseil/1.20220623.0/abseil.podspec.json exists! Returning local because checking is only performed in repo update
  CDN: trunk Relative path: Specs/3/8/6/abseil/1.20220623.0/abseil.podspec.json exists! Returning local because checking is only performed in repo update
  CDN: trunk Relative path: Specs/3/8/6/abseil/1.20220623.0/abseil.podspec.json exists! Returning local because checking is only performed in repo update
  CDN: trunk Relative path: all_pods_versions_f_8_8.txt exists! Returning local because checking is only performed in repo update
  CDN: trunk Relative path: Specs/f/8/8/BoringSSL-GRPC/0.0.38/BoringSSL-GRPC.podspec.json exists! Returning local because checking is only performed in repo update
  CDN: trunk Relative path: Specs/e/3/b/GoogleAppMeasurement/10.15.0/GoogleAppMeasurement.podspec.json exists! Returning local because checking is only performed in repo update
  CDN: trunk Relative path: Specs/f/8/8/BoringSSL-GRPC/0.0.24/BoringSSL-GRPC.podspec.json exists! Returning local because checking is only performed in repo update
  CDN: trunk Relative path: Specs/f/8/8/BoringSSL-GRPC/0.0.24/BoringSSL-GRPC.podspec.json exists! Returning local because checking is only performed in repo update
  CDN: trunk Relative path: Specs/f/8/8/BoringSSL-GRPC/0.0.24/BoringSSL-GRPC.podspec.json exists! Returning local because checking is only performed in repo update
  CDN: trunk Relative path: Specs/3/8/6/abseil/1.20220623.0/abseil.podspec.json exists! Returning local because checking is only performed in repo update
  CDN: trunk Relative path: Specs/3/8/6/abseil/1.20220623.0/abseil.podspec.json exists! Returning local because checking is only performed in repo update
  CDN: trunk Relative path: Specs/3/8/6/abseil/1.20220623.0/abseil.podspec.json exists! Returning local because checking is only performed in repo update
  CDN: trunk Relative path: Specs/3/8/6/abseil/1.20220623.0/abseil.podspec.json exists! Returning local because checking is only performed in repo update
  CDN: trunk Relative path: Specs/3/8/6/abseil/1.20220623.0/abseil.podspec.json exists! Returning local because checking is only performed in repo update
  CDN: trunk Relative path: Specs/3/8/6/abseil/1.20220623.0/abseil.podspec.json exists! Returning local because checking is only performed in repo update
  CDN: trunk Relative path: Specs/3/8/6/abseil/1.20220623.2/abseil.podspec.json exists! Returning local because checking is only performed in repo update
  CDN: trunk Relative path: Specs/3/8/6/abseil/1.20220623.2/abseil.podspec.json exists! Returning local because checking is only performed in repo update
  CDN: trunk Relative path: Specs/3/8/6/abseil/1.20220623.2/abseil.podspec.json exists! Returning local because checking is only performed in repo update
  CDN: trunk Relative path: Specs/3/8/6/abseil/1.20220623.2/abseil.podspec.json exists! Returning local because checking is only performed in repo update
  CDN: trunk Relative path: Specs/3/8/6/abseil/1.20220623.2/abseil.podspec.json exists! Returning local because checking is only performed in repo update
  CDN: trunk Relative path: Specs/3/8/6/abseil/1.20220623.2/abseil.podspec.json exists! Returning local because checking is only performed in repo update
  CDN: trunk Relative path: Specs/3/8/6/abseil/1.20220623.2/abseil.podspec.json exists! Returning local because checking is only performed in repo update
  CDN: trunk Relative path: Specs/3/8/6/abseil/1.20220623.2/abseil.podspec.json exists! Returning local because checking is only performed in repo update
  CDN: trunk Relative path: Specs/3/8/6/abseil/1.20220623.2/abseil.podspec.json exists! Returning local because checking is only performed in repo update
  CDN: trunk Relative path: Specs/3/8/6/abseil/1.20220623.0/abseil.podspec.json exists! Returning local because checking is only performed in repo update
  CDN: trunk Relative path: Specs/3/8/6/abseil/1.20220623.0/abseil.podspec.json exists! Returning local because checking is only performed in repo update
  CDN: trunk Relative path: Specs/3/8/6/abseil/1.20220623.0/abseil.podspec.json exists! Returning local because checking is only performed in repo update
  CDN: trunk Relative path: Specs/3/8/6/abseil/1.20220623.0/abseil.podspec.json exists! Returning local because checking is only performed in repo update
  CDN: trunk Relative path: Specs/3/8/6/abseil/1.20220623.2/abseil.podspec.json exists! Returning local because checking is only performed in repo update
  CDN: trunk Relative path: Specs/3/8/6/abseil/1.20220623.2/abseil.podspec.json exists! Returning local because checking is only performed in repo update
  CDN: trunk Relative path: Specs/3/8/6/abseil/1.20220623.2/abseil.podspec.json exists! Returning local because checking is only performed in repo update
  CDN: trunk Relative path: Specs/3/8/6/abseil/1.20220623.2/abseil.podspec.json exists! Returning local because checking is only performed in repo update
  CDN: trunk Relative path: Specs/3/8/6/abseil/1.20220623.2/abseil.podspec.json exists! Returning local because checking is only performed in repo update
  CDN: trunk Relative path: Specs/3/8/6/abseil/1.20220623.2/abseil.podspec.json exists! Returning local because checking is only performed in repo update
  CDN: trunk Relative path: Specs/3/8/6/abseil/1.20220623.0/abseil.podspec.json exists! Returning local because checking is only performed in repo update
  CDN: trunk Relative path: Specs/3/8/6/abseil/1.20220623.0/abseil.podspec.json exists! Returning local because checking is only performed in repo update
  CDN: trunk Relative path: Specs/3/8/6/abseil/1.20220623.2/abseil.podspec.json exists! Returning local because checking is only performed in repo update
  CDN: trunk Relative path: Specs/3/8/6/abseil/1.20220623.2/abseil.podspec.json exists! Returning local because checking is only performed in repo update
  CDN: trunk Relative path: Specs/3/8/6/abseil/1.20220623.2/abseil.podspec.json exists! Returning local because checking is only performed in repo update
  CDN: trunk Relative path: Specs/3/8/6/abseil/1.20220623.2/abseil.podspec.json exists! Returning local because checking is only performed in repo update
  CDN: trunk Relative path: Specs/3/8/6/abseil/1.20220623.2/abseil.podspec.json exists! Returning local because checking is only performed in repo update
  CDN: trunk Relative path: Specs/3/8/6/abseil/1.20220623.2/abseil.podspec.json exists! Returning local because checking is only performed in repo update
  CDN: trunk Relative path: Specs/3/8/6/abseil/1.20220623.2/abseil.podspec.json exists! Returning local because checking is only performed in repo update
  CDN: trunk Relative path: Specs/3/8/6/abseil/1.20220623.2/abseil.podspec.json exists! Returning local because checking is only performed in repo update
  CDN: trunk Relative path: Specs/3/8/6/abseil/1.20220623.2/abseil.podspec.json exists! Returning local because checking is only performed in repo update
  CDN: trunk Relative path: Specs/3/8/6/abseil/1.20220623.2/abseil.podspec.json exists! Returning local because checking is only performed in repo update
  CDN: trunk Relative path: Specs/3/8/6/abseil/1.20220623.2/abseil.podspec.json exists! Returning local because checking is only performed in repo update
  CDN: trunk Relative path: Specs/3/8/6/abseil/1.20220623.2/abseil.podspec.json exists! Returning local because checking is only performed in repo update
  CDN: trunk Relative path: Specs/3/8/6/abseil/1.20220623.2/abseil.podspec.json exists! Returning local because checking is only performed in repo update
  CDN: trunk Relative path: Specs/3/8/6/abseil/1.20220623.2/abseil.podspec.json exists! Returning local because checking is only performed in repo update
  CDN: trunk Relative path: Specs/3/8/6/abseil/1.20220623.2/abseil.podspec.json exists! Returning local because checking is only performed in repo update
  CDN: trunk Relative path: Specs/3/8/6/abseil/1.20220623.2/abseil.podspec.json exists! Returning local because checking is only performed in repo update
  CDN: trunk Relative path: Specs/3/8/6/abseil/1.20220623.2/abseil.podspec.json exists! Returning local because checking is only performed in repo update
  CDN: trunk Relative path: Specs/3/8/6/abseil/1.20220623.0/abseil.podspec.json exists! Returning local because checking is only performed in repo update
  CDN: trunk Relative path: Specs/6/1/e/nanopb/2.30909.1/nanopb.podspec.json exists! Returning local because checking is only performed in repo update
  CDN: trunk Relative path: Specs/6/1/e/nanopb/2.30909.0/nanopb.podspec.json exists! Returning local because checking is only performed in repo update
  CDN: trunk Relative path: Specs/6/1/e/nanopb/2.30908.0/nanopb.podspec.json exists! Returning local because checking is only performed in repo update
  CDN: trunk Relative path: Specs/6/1/e/nanopb/2.30909.1/nanopb.podspec.json exists! Returning local because checking is only performed in repo update
  CDN: trunk Relative path: Specs/6/1/e/nanopb/2.30909.1/nanopb.podspec.json exists! Returning local because checking is only performed in repo update
  CDN: trunk Relative path: Specs/f/1/2/ASN1Decoder/1.10.0/ASN1Decoder.podspec.json exists! Returning local because checking is only performed in repo update
  CDN: trunk Relative path: Specs/f/1/2/ASN1Decoder/1.9.0/ASN1Decoder.podspec.json exists! Returning local because checking is only performed in repo update
  CDN: trunk Relative path: Specs/f/1/2/ASN1Decoder/1.8.0/ASN1Decoder.podspec.json exists! Returning local because checking is only performed in repo update
  CDN: trunk Relative path: Specs/a/d/a/leveldb-library/1.22.6/leveldb-library.podspec.json exists! Returning local because checking is only performed in repo update
  CDN: trunk Relative path: Specs/a/d/a/leveldb-library/1.22.5/leveldb-library.podspec.json exists! Returning local because checking is only performed in repo update
  CDN: trunk Relative path: Specs/a/d/a/leveldb-library/1.22.4/leveldb-library.podspec.json exists! Returning local because checking is only performed in repo update
  CDN: trunk Relative path: Specs/a/d/a/leveldb-library/1.22.3/leveldb-library.podspec.json exists! Returning local because checking is only performed in repo update
  CDN: trunk Relative path: Specs/a/d/a/leveldb-library/1.22.2/leveldb-library.podspec.json exists! Returning local because checking is only performed in repo update
  CDN: trunk Relative path: Specs/a/d/a/leveldb-library/1.22.1/leveldb-library.podspec.json exists! Returning local because checking is only performed in repo update
  CDN: trunk Relative path: Specs/a/d/a/leveldb-library/1.22/leveldb-library.podspec.json exists! Returning local because checking is only performed in repo update
  CDN: trunk Relative path: Specs/b/b/a/YoutubePlayer-in-WKWebView/0.3.11/YoutubePlayer-in-WKWebView.podspec.json exists! Returning local because checking is only performed in repo update
  CDN: trunk Relative path: Specs/b/b/a/YoutubePlayer-in-WKWebView/0.3.9/YoutubePlayer-in-WKWebView.podspec.json exists! Returning local because checking is only performed in repo update
  CDN: trunk Relative path: Specs/b/b/a/YoutubePlayer-in-WKWebView/0.3.8/YoutubePlayer-in-WKWebView.podspec.json exists! Returning local because checking is only performed in repo update
  CDN: trunk Relative path: Specs/b/b/a/YoutubePlayer-in-WKWebView/0.3.7/YoutubePlayer-in-WKWebView.podspec.json exists! Returning local because checking is only performed in repo update
  CDN: trunk Relative path: Specs/b/b/a/YoutubePlayer-in-WKWebView/0.3.5/YoutubePlayer-in-WKWebView.podspec.json exists! Returning local because checking is only performed in repo update
  CDN: trunk Relative path: Specs/b/b/a/YoutubePlayer-in-WKWebView/0.3.4/YoutubePlayer-in-WKWebView.podspec.json exists! Returning local because checking is only performed in repo update
  CDN: trunk Relative path: Specs/b/b/a/YoutubePlayer-in-WKWebView/0.3.3/YoutubePlayer-in-WKWebView.podspec.json exists! Returning local because checking is only performed in repo update
  CDN: trunk Relative path: Specs/b/b/a/YoutubePlayer-in-WKWebView/0.3.2/YoutubePlayer-in-WKWebView.podspec.json exists! Returning local because checking is only performed in repo update
  CDN: trunk Relative path: Specs/b/b/a/YoutubePlayer-in-WKWebView/0.3.1/YoutubePlayer-in-WKWebView.podspec.json exists! Returning local because checking is only performed in repo update
  CDN: trunk Relative path: Specs/0/8/4/GoogleUtilities/7.13.3/GoogleUtilities.podspec.json exists! Returning local because checking is only performed in repo update
  CDN: trunk Relative path: Specs/0/8/4/GoogleUtilities/7.13.3/GoogleUtilities.podspec.json exists! Returning local because checking is only performed in repo update
  CDN: trunk Relative path: Specs/0/8/4/GoogleUtilities/7.13.3/GoogleUtilities.podspec.json exists! Returning local because checking is only performed in repo update
  CDN: trunk Relative path: all_pods_versions_0_b_5.txt exists! Returning local because checking is only performed in repo update
  CDN: trunk Relative path: Specs/0/b/5/PromisesObjC/2.4.0/PromisesObjC.podspec.json exists! Returning local because checking is only performed in repo update
  CDN: trunk Relative path: Specs/0/8/4/GoogleUtilities/7.13.3/GoogleUtilities.podspec.json exists! Returning local because checking is only performed in repo update
  CDN: trunk Relative path: Specs/0/8/4/GoogleUtilities/7.13.3/GoogleUtilities.podspec.json exists! Returning local because checking is only performed in repo update
  CDN: trunk Relative path: Specs/0/8/4/GoogleUtilities/7.13.3/GoogleUtilities.podspec.json exists! Returning local because checking is only performed in repo update
  CDN: trunk Relative path: Specs/0/b/5/PromisesObjC/2.4.0/PromisesObjC.podspec.json exists! Returning local because checking is only performed in repo update
  CDN: trunk Relative path: Specs/0/b/5/PromisesObjC/2.3.1/PromisesObjC.podspec.json exists! Returning local because checking is only performed in repo update
  CDN: trunk Relative path: Specs/0/b/5/PromisesObjC/2.3.0/PromisesObjC.podspec.json exists! Returning local because checking is only performed in repo update
  CDN: trunk Relative path: Specs/0/b/5/PromisesObjC/2.2.0/PromisesObjC.podspec.json exists! Returning local because checking is only performed in repo update
  CDN: trunk Relative path: Specs/0/b/5/PromisesObjC/2.1.1/PromisesObjC.podspec.json exists! Returning local because checking is only performed in repo update
  CDN: trunk Relative path: Specs/0/b/5/PromisesObjC/2.1.0/PromisesObjC.podspec.json exists! Returning local because checking is only performed in repo update
  CDN: trunk Relative path: Specs/0/b/5/PromisesObjC/2.0.0/PromisesObjC.podspec.json exists! Returning local because checking is only performed in repo update
  CDN: trunk Relative path: Specs/0/b/5/PromisesObjC/1.2.12/PromisesObjC.podspec.json exists! Returning local because checking is only performed in repo update
  CDN: trunk Relative path: Specs/0/b/5/PromisesObjC/1.2.11/PromisesObjC.podspec.json exists! Returning local because checking is only performed in repo update
  CDN: trunk Relative path: Specs/0/b/5/PromisesObjC/1.2.10/PromisesObjC.podspec.json exists! Returning local because checking is only performed in repo update
  CDN: trunk Relative path: Specs/0/b/5/PromisesObjC/1.2.9/PromisesObjC.podspec.json exists! Returning local because checking is only performed in repo update
  CDN: trunk Relative path: Specs/0/b/5/PromisesObjC/1.2.8/PromisesObjC.podspec.json exists! Returning local because checking is only performed in repo update
  CDN: trunk Relative path: Specs/0/b/5/PromisesObjC/1.2.7/PromisesObjC.podspec.json exists! Returning local because checking is only performed in repo update
  CDN: trunk Relative path: Specs/0/b/5/PromisesObjC/1.2.6/PromisesObjC.podspec.json exists! Returning local because checking is only performed in repo update
  CDN: trunk Relative path: Specs/0/b/5/PromisesObjC/1.2.5/PromisesObjC.podspec.json exists! Returning local because checking is only performed in repo update
  CDN: trunk Relative path: Specs/0/b/5/PromisesObjC/1.2.4/PromisesObjC.podspec.json exists! Returning local because checking is only performed in repo update
  CDN: trunk Relative path: Specs/0/b/5/PromisesObjC/1.2.3/PromisesObjC.podspec.json exists! Returning local because checking is only performed in repo update
  CDN: trunk Relative path: Specs/0/b/5/PromisesObjC/1.2.2/PromisesObjC.podspec.json exists! Returning local because checking is only performed in repo update
  CDN: trunk Relative path: Specs/0/b/5/PromisesObjC/1.2.1/PromisesObjC.podspec.json exists! Returning local because checking is only performed in repo update
  CDN: trunk Relative path: Specs/0/b/5/PromisesObjC/1.2/PromisesObjC.podspec.json exists! Returning local because checking is only performed in repo update
  CDN: trunk Relative path: Specs/d/d/6/ReachabilitySwift/5.2.4/ReachabilitySwift.podspec.json exists! Returning local because checking is only performed in repo update
  CDN: trunk Relative path: Specs/d/d/6/ReachabilitySwift/5.2.3/ReachabilitySwift.podspec.json exists! Returning local because checking is only performed in repo update
  CDN: trunk Relative path: Specs/d/d/6/ReachabilitySwift/5.2.2/ReachabilitySwift.podspec.json exists! Returning local because checking is only performed in repo update
  CDN: trunk Relative path: Specs/d/d/6/ReachabilitySwift/5.2.1/ReachabilitySwift.podspec.json exists! Returning local because checking is only performed in repo update
  CDN: trunk Relative path: Specs/d/d/6/ReachabilitySwift/5.0.0/ReachabilitySwift.podspec.json exists! Returning local because checking is only performed in repo update
  CDN: trunk Relative path: Specs/d/d/6/ReachabilitySwift/5.0.0-beta1/ReachabilitySwift.podspec.json exists! Returning local because checking is only performed in repo update
  CDN: trunk Relative path: Specs/d/d/6/ReachabilitySwift/4.3.1/ReachabilitySwift.podspec.json exists! Returning local because checking is only performed in repo update
  CDN: trunk Relative path: Specs/d/d/6/ReachabilitySwift/4.3.0/ReachabilitySwift.podspec.json exists! Returning local because checking is only performed in repo update
  CDN: trunk Relative path: Specs/d/d/6/ReachabilitySwift/4.2.1/ReachabilitySwift.podspec.json exists! Returning local because checking is only performed in repo update
  CDN: trunk Relative path: Specs/d/d/6/ReachabilitySwift/4.2.0/ReachabilitySwift.podspec.json exists! Returning local because checking is only performed in repo update
  CDN: trunk Relative path: Specs/d/d/6/ReachabilitySwift/4.1.0/ReachabilitySwift.podspec.json exists! Returning local because checking is only performed in repo update
  CDN: trunk Relative path: Specs/d/d/6/ReachabilitySwift/4.0.0/ReachabilitySwift.podspec.json exists! Returning local because checking is only performed in repo update
  CDN: trunk Relative path: Specs/d/d/6/ReachabilitySwift/4.0-beta2/ReachabilitySwift.podspec.json exists! Returning local because checking is only performed in repo update
  CDN: trunk Relative path: Specs/d/d/6/ReachabilitySwift/3/ReachabilitySwift.podspec.json exists! Returning local because checking is only performed in repo update
  CDN: trunk Relative path: Specs/d/d/6/ReachabilitySwift/2.4/ReachabilitySwift.podspec.json exists! Returning local because checking is only performed in repo update
  CDN: trunk Relative path: Specs/d/d/6/ReachabilitySwift/2.3.3/ReachabilitySwift.podspec.json exists! Returning local because checking is only performed in repo update
  CDN: trunk Relative path: Specs/d/d/6/ReachabilitySwift/2.3/ReachabilitySwift.podspec.json exists! Returning local because checking is only performed in repo update
  CDN: trunk Relative path: Specs/d/d/6/ReachabilitySwift/2.1/ReachabilitySwift.podspec.json exists! Returning local because checking is only performed in repo update
  CDN: trunk Relative path: Specs/d/d/6/ReachabilitySwift/2.0/ReachabilitySwift.podspec.json exists! Returning local because checking is only performed in repo update
  CDN: trunk Relative path: Specs/d/d/6/ReachabilitySwift/2.0-beta1/ReachabilitySwift.podspec.json exists! Returning local because checking is only performed in repo update
  CDN: trunk Relative path: Specs/d/d/6/ReachabilitySwift/1.1/ReachabilitySwift.podspec.json exists! Returning local because checking is only performed in repo update
  CDN: trunk Relative path: Specs/2/f/7/FirebaseInstallations/10.29.0/FirebaseInstallations.podspec.json exists! Returning local because checking is only performed in repo update
  CDN: trunk Relative path: Specs/2/f/7/FirebaseInstallations/10.28.0/FirebaseInstallations.podspec.json exists! Returning local because checking is only performed in repo update
  CDN: trunk Relative path: Specs/2/f/7/FirebaseInstallations/10.27.0/FirebaseInstallations.podspec.json exists! Returning local because checking is only performed in repo update
  CDN: trunk Relative path: Specs/2/f/7/FirebaseInstallations/10.25.0/FirebaseInstallations.podspec.json exists! Returning local because checking is only performed in repo update
  CDN: trunk Relative path: Specs/2/f/7/FirebaseInstallations/10.24.0/FirebaseInstallations.podspec.json exists! Returning local because checking is only performed in repo update
  CDN: trunk Relative path: Specs/2/f/7/FirebaseInstallations/10.23.0/FirebaseInstallations.podspec.json exists! Returning local because checking is only performed in repo update
  CDN: trunk Relative path: Specs/2/f/7/FirebaseInstallations/10.22.0/FirebaseInstallations.podspec.json exists! Returning local because checking is only performed in repo update
  CDN: trunk Relative path: Specs/2/f/7/FirebaseInstallations/10.21.0/FirebaseInstallations.podspec.json exists! Returning local because checking is only performed in repo update
  CDN: trunk Relative path: Specs/2/f/7/FirebaseInstallations/10.20.0/FirebaseInstallations.podspec.json exists! Returning local because checking is only performed in repo update
  CDN: trunk Relative path: Specs/2/f/7/FirebaseInstallations/10.19.0/FirebaseInstallations.podspec.json exists! Returning local because checking is only performed in repo update
  CDN: trunk Relative path: Specs/2/f/7/FirebaseInstallations/10.18.0/FirebaseInstallations.podspec.json exists! Returning local because checking is only performed in repo update
  CDN: trunk Relative path: Specs/2/f/7/FirebaseInstallations/10.17.0/FirebaseInstallations.podspec.json exists! Returning local because checking is only performed in repo update
  CDN: trunk Relative path: Specs/2/f/7/FirebaseInstallations/10.16.0/FirebaseInstallations.podspec.json exists! Returning local because checking is only performed in repo update
  CDN: trunk Relative path: Specs/2/f/7/FirebaseInstallations/10.15.0/FirebaseInstallations.podspec.json exists! Returning local because checking is only performed in repo update
  CDN: trunk Relative path: Specs/2/f/7/FirebaseInstallations/10.14.0/FirebaseInstallations.podspec.json exists! Returning local because checking is only performed in repo update
  CDN: trunk Relative path: Specs/2/f/7/FirebaseInstallations/10.13.0/FirebaseInstallations.podspec.json exists! Returning local because checking is only performed in repo update
  CDN: trunk Relative path: Specs/2/f/7/FirebaseInstallations/10.12.0/FirebaseInstallations.podspec.json exists! Returning local because checking is only performed in repo update
  CDN: trunk Relative path: Specs/2/f/7/FirebaseInstallations/10.11.0/FirebaseInstallations.podspec.json exists! Returning local because checking is only performed in repo update
  CDN: trunk Relative path: Specs/2/f/7/FirebaseInstallations/10.10.0/FirebaseInstallations.podspec.json exists! Returning local because checking is only performed in repo update
  CDN: trunk Relative path: Specs/2/f/7/FirebaseInstallations/10.9.0/FirebaseInstallations.podspec.json exists! Returning local because checking is only performed in repo update
  CDN: trunk Relative path: Specs/2/f/7/FirebaseInstallations/10.8.0/FirebaseInstallations.podspec.json exists! Returning local because checking is only performed in repo update
  CDN: trunk Relative path: Specs/2/f/7/FirebaseInstallations/10.7.0/FirebaseInstallations.podspec.json exists! Returning local because checking is only performed in repo update
  CDN: trunk Relative path: Specs/2/f/7/FirebaseInstallations/10.6.0/FirebaseInstallations.podspec.json exists! Returning local because checking is only performed in repo update
  CDN: trunk Relative path: Specs/2/f/7/FirebaseInstallations/10.5.0/FirebaseInstallations.podspec.json exists! Returning local because checking is only performed in repo update
  CDN: trunk Relative path: Specs/2/f/7/FirebaseInstallations/10.4.0/FirebaseInstallations.podspec.json exists! Returning local because checking is only performed in repo update
  CDN: trunk Relative path: Specs/2/f/7/FirebaseInstallations/10.3.0/FirebaseInstallations.podspec.json exists! Returning local because checking is only performed in repo update
  CDN: trunk Relative path: Specs/2/f/7/FirebaseInstallations/10.2.0/FirebaseInstallations.podspec.json exists! Returning local because checking is only performed in repo update
  CDN: trunk Relative path: Specs/2/f/7/FirebaseInstallations/10.1.0/FirebaseInstallations.podspec.json exists! Returning local because checking is only performed in repo update
  CDN: trunk Relative path: Specs/2/f/7/FirebaseInstallations/10.0.0/FirebaseInstallations.podspec.json exists! Returning local because checking is only performed in repo update
  CDN: trunk Relative path: Specs/0/8/4/GoogleUtilities/7.8.0/GoogleUtilities.podspec.json exists! Returning local because checking is only performed in repo update
  CDN: trunk Relative path: Specs/0/8/4/GoogleUtilities/7.10.0/GoogleUtilities.podspec.json exists! Returning local because checking is only performed in repo update
  CDN: trunk Relative path: Specs/0/8/4/GoogleUtilities/7.11.0/GoogleUtilities.podspec.json exists! Returning local because checking is only performed in repo update
  CDN: trunk Relative path: Specs/0/8/4/GoogleUtilities/7.11.1/GoogleUtilities.podspec.json exists! Returning local because checking is only performed in repo update
  CDN: trunk Relative path: Specs/0/8/4/GoogleUtilities/7.11.4/GoogleUtilities.podspec.json exists! Returning local because checking is only performed in repo update
  CDN: trunk Relative path: Specs/0/8/4/GoogleUtilities/7.11.5/GoogleUtilities.podspec.json exists! Returning local because checking is only performed in repo update
  CDN: trunk Relative path: Specs/0/8/4/GoogleUtilities/7.11.6/GoogleUtilities.podspec.json exists! Returning local because checking is only performed in repo update
  CDN: trunk Relative path: Specs/0/8/4/GoogleUtilities/7.12.0/GoogleUtilities.podspec.json exists! Returning local because checking is only performed in repo update
  CDN: trunk Relative path: Specs/0/8/4/GoogleUtilities/7.13.0/GoogleUtilities.podspec.json exists! Returning local because checking is only performed in repo update
  CDN: trunk Relative path: Specs/0/8/4/GoogleUtilities/7.13.2/GoogleUtilities.podspec.json exists! Returning local because checking is only performed in repo update
  CDN: trunk Relative path: Specs/0/8/4/GoogleUtilities/7.13.3/GoogleUtilities.podspec.json exists! Returning local because checking is only performed in repo update
  CDN: trunk Relative path: Specs/0/b/5/PromisesObjC/2.4.0/PromisesObjC.podspec.json exists! Returning local because checking is only performed in repo update
  CDN: trunk Relative path: Specs/0/b/5/PromisesObjC/2.3.1/PromisesObjC.podspec.json exists! Returning local because checking is only performed in repo update
  CDN: trunk Relative path: Specs/0/b/5/PromisesObjC/2.3.0/PromisesObjC.podspec.json exists! Returning local because checking is only performed in repo update
  CDN: trunk Relative path: Specs/0/b/5/PromisesObjC/2.2.0/PromisesObjC.podspec.json exists! Returning local because checking is only performed in repo update
  CDN: trunk Relative path: Specs/0/b/5/PromisesObjC/2.1.1/PromisesObjC.podspec.json exists! Returning local because checking is only performed in repo update
  CDN: trunk Relative path: Specs/0/b/5/PromisesObjC/2.1.0/PromisesObjC.podspec.json exists! Returning local because checking is only performed in repo update
  CDN: trunk Relative path: Specs/7/9/1/FirebaseCoreInternal/10.29.0/FirebaseCoreInternal.podspec.json exists! Returning local because checking is only performed in repo update
  CDN: trunk Relative path: Specs/7/9/1/FirebaseCoreInternal/10.28.0/FirebaseCoreInternal.podspec.json exists! Returning local because checking is only performed in repo update
  CDN: trunk Relative path: Specs/7/9/1/FirebaseCoreInternal/10.27.0/FirebaseCoreInternal.podspec.json exists! Returning local because checking is only performed in repo update
  CDN: trunk Relative path: Specs/7/9/1/FirebaseCoreInternal/10.25.0/FirebaseCoreInternal.podspec.json exists! Returning local because checking is only performed in repo update
  CDN: trunk Relative path: Specs/7/9/1/FirebaseCoreInternal/10.24.0/FirebaseCoreInternal.podspec.json exists! Returning local because checking is only performed in repo update
  CDN: trunk Relative path: Specs/7/9/1/FirebaseCoreInternal/10.23.0/FirebaseCoreInternal.podspec.json exists! Returning local because checking is only performed in repo update
  CDN: trunk Relative path: Specs/7/9/1/FirebaseCoreInternal/10.22.0/FirebaseCoreInternal.podspec.json exists! Returning local because checking is only performed in repo update
  CDN: trunk Relative path: Specs/7/9/1/FirebaseCoreInternal/10.21.0/FirebaseCoreInternal.podspec.json exists! Returning local because checking is only performed in repo update
  CDN: trunk Relative path: Specs/7/9/1/FirebaseCoreInternal/10.20.0/FirebaseCoreInternal.podspec.json exists! Returning local because checking is only performed in repo update
  CDN: trunk Relative path: Specs/7/9/1/FirebaseCoreInternal/10.19.0/FirebaseCoreInternal.podspec.json exists! Returning local because checking is only performed in repo update
  CDN: trunk Relative path: Specs/7/9/1/FirebaseCoreInternal/10.18.0/FirebaseCoreInternal.podspec.json exists! Returning local because checking is only performed in repo update
  CDN: trunk Relative path: Specs/7/9/1/FirebaseCoreInternal/10.17.0/FirebaseCoreInternal.podspec.json exists! Returning local because checking is only performed in repo update
  CDN: trunk Relative path: Specs/7/9/1/FirebaseCoreInternal/10.16.0/FirebaseCoreInternal.podspec.json exists! Returning local because checking is only performed in repo update
  CDN: trunk Relative path: Specs/7/9/1/FirebaseCoreInternal/10.15.0/FirebaseCoreInternal.podspec.json exists! Returning local because checking is only performed in repo update
  CDN: trunk Relative path: Specs/7/9/1/FirebaseCoreInternal/10.14.0/FirebaseCoreInternal.podspec.json exists! Returning local because checking is only performed in repo update
  CDN: trunk Relative path: Specs/7/9/1/FirebaseCoreInternal/10.13.0/FirebaseCoreInternal.podspec.json exists! Returning local because checking is only performed in repo update
  CDN: trunk Relative path: Specs/7/9/1/FirebaseCoreInternal/10.12.0/FirebaseCoreInternal.podspec.json exists! Returning local because checking is only performed in repo update
  CDN: trunk Relative path: Specs/7/9/1/FirebaseCoreInternal/10.11.0/FirebaseCoreInternal.podspec.json exists! Returning local because checking is only performed in repo update
  CDN: trunk Relative path: Specs/7/9/1/FirebaseCoreInternal/10.10.0/FirebaseCoreInternal.podspec.json exists! Returning local because checking is only performed in repo update
  CDN: trunk Relative path: Specs/7/9/1/FirebaseCoreInternal/10.9.0/FirebaseCoreInternal.podspec.json exists! Returning local because checking is only performed in repo update
  CDN: trunk Relative path: Specs/7/9/1/FirebaseCoreInternal/10.8.0/FirebaseCoreInternal.podspec.json exists! Returning local because checking is only performed in repo update
  CDN: trunk Relative path: Specs/7/9/1/FirebaseCoreInternal/10.7.0/FirebaseCoreInternal.podspec.json exists! Returning local because checking is only performed in repo update
  CDN: trunk Relative path: Specs/7/9/1/FirebaseCoreInternal/10.6.0/FirebaseCoreInternal.podspec.json exists! Returning local because checking is only performed in repo update
  CDN: trunk Relative path: Specs/7/9/1/FirebaseCoreInternal/10.5.0/FirebaseCoreInternal.podspec.json exists! Returning local because checking is only performed in repo update
  CDN: trunk Relative path: Specs/7/9/1/FirebaseCoreInternal/10.4.0/FirebaseCoreInternal.podspec.json exists! Returning local because checking is only performed in repo update
  CDN: trunk Relative path: Specs/7/9/1/FirebaseCoreInternal/10.3.0/FirebaseCoreInternal.podspec.json exists! Returning local because checking is only performed in repo update
  CDN: trunk Relative path: Specs/7/9/1/FirebaseCoreInternal/10.2.0/FirebaseCoreInternal.podspec.json exists! Returning local because checking is only performed in repo update
  CDN: trunk Relative path: Specs/7/9/1/FirebaseCoreInternal/10.1.0/FirebaseCoreInternal.podspec.json exists! Returning local because checking is only performed in repo update
  CDN: trunk Relative path: Specs/7/9/1/FirebaseCoreInternal/10.0.0/FirebaseCoreInternal.podspec.json exists! Returning local because checking is only performed in repo update
  CDN: trunk Relative path: Specs/0/8/4/GoogleUtilities/7.8.0/GoogleUtilities.podspec.json exists! Returning local because checking is only performed in repo update
  CDN: trunk Relative path: Specs/0/8/4/GoogleUtilities/7.10.0/GoogleUtilities.podspec.json exists! Returning local because checking is only performed in repo update
  CDN: trunk Relative path: Specs/0/8/4/GoogleUtilities/7.11.0/GoogleUtilities.podspec.json exists! Returning local because checking is only performed in repo update
  CDN: trunk Relative path: Specs/0/8/4/GoogleUtilities/7.11.1/GoogleUtilities.podspec.json exists! Returning local because checking is only performed in repo update
  CDN: trunk Relative path: Specs/0/8/4/GoogleUtilities/7.11.4/GoogleUtilities.podspec.json exists! Returning local because checking is only performed in repo update
  CDN: trunk Relative path: Specs/0/8/4/GoogleUtilities/7.11.5/GoogleUtilities.podspec.json exists! Returning local because checking is only performed in repo update
  CDN: trunk Relative path: Specs/0/8/4/GoogleUtilities/7.11.6/GoogleUtilities.podspec.json exists! Returning local because checking is only performed in repo update
  CDN: trunk Relative path: Specs/0/8/4/GoogleUtilities/7.12.0/GoogleUtilities.podspec.json exists! Returning local because checking is only performed in repo update
  CDN: trunk Relative path: Specs/0/8/4/GoogleUtilities/7.13.0/GoogleUtilities.podspec.json exists! Returning local because checking is only performed in repo update
  CDN: trunk Relative path: Specs/0/8/4/GoogleUtilities/7.13.2/GoogleUtilities.podspec.json exists! Returning local because checking is only performed in repo update
  CDN: trunk Relative path: Specs/0/8/4/GoogleUtilities/7.13.3/GoogleUtilities.podspec.json exists! Returning local because checking is only performed in repo update

Comparing resolved specification to the sandbox manifest
  A ASN1Decoder
  A BVLinearGradient
  A BoringSSL-GRPC
  A DoubleConversion
  A EASClient
  A EXApplication
  A EXConstants
  A EXFileSystem
  A EXFont
  A EXJSONUtils
  A EXManifests
  A EXNotifications
  A EXSplashScreen
  A EXStructuredHeaders
  A EXUpdates
  A EXUpdatesInterface
  A Expo
  A ExpoKeepAwake
  A ExpoModulesCore
  A ExpoSQLite
  A FBLazyVector
  A FBReactNativeSpec
  A Firebase
  A FirebaseAnalytics
  A FirebaseCore
  A FirebaseCoreInternal
  A FirebaseFirestore
  A FirebaseInstallations
  A GoogleAppMeasurement
  A GoogleUtilities
  A PromisesObjC
  A RCT-Folly
  A RCTRequired
  A RCTTypeSafety
  A RCTYouTube
  A RNCAsyncStorage
  A RNCPicker
  A RNDateTimePicker
  A RNFBAnalytics
  A RNFBApp
  A RNFBFirestore
  A RNGestureHandler
  A RNInAppBrowser
  A RNRate
  A RNReactNativeHapticFeedback
  A RNReanimated
  A RNScreens
  A ReachabilitySwift
  A React
  A React-Codegen
  A React-Core
  A React-CoreModules
  A React-NativeModulesApple
  A React-RCTActionSheet
  A React-RCTAnimation
  A React-RCTAppDelegate
  A React-RCTBlob
  A React-RCTImage
  A React-RCTLinking
  A React-RCTNetwork
  A React-RCTSettings
  A React-RCTText
  A React-RCTVibration
  A React-callinvoker
  A React-cxxreact
  A React-debug
  A React-jsc
  A React-jsi
  A React-jsiexecutor
  A React-jsinspector
  A React-logger
  A React-perflogger
  A React-rncore
  A React-runtimeexecutor
  A React-runtimescheduler
  A React-utils
  A ReactCommon
  A SocketRocket
  A Yoga
  A YoutubePlayer-in-WKWebView
  A abseil
  A boost
  A fmt
  A gRPC-C++
  A gRPC-Core
  A glog
  A leveldb-library
  A nanopb
  A react-native-config
  A react-native-safe-area-context
  A react-native-slider
  A react-native-webview

Downloading dependencies

-> Installing ASN1Decoder (1.10.0)
 > Git download
 > Git download
     $ /usr/bin/git clone https://github.com/filom/ASN1Decoder.git /var/folders/3n/wjddhk5s4b9_8vrk72p0c4gc0000gn/T/d20250110-35065-8tskg9 --template= --single-branch --depth 1 --branch 1.10.0
     Cloning into '/var/folders/3n/wjddhk5s4b9_8vrk72p0c4gc0000gn/T/d20250110-35065-8tskg9'...
     Note: switching to '7e1523662c69d019a3299bbfb22fb824141dd1f6'.
     
     You are in 'detached HEAD' state. You can look around, make experimental
     changes and commit them, and you can discard any commits you make in this
     state without impacting any branches by switching back to a branch.
     
     If you want to create a new branch to retain commits you create, you may
     do so (now or later) by using -c with the switch command. Example:
     
       git switch -c <new-branch-name>
     
     Or undo this operation with:
     
       git switch -
     
     Turn off this advice by setting config variable advice.detachedHead to false
     
  $ /usr/bin/rsync -a --exclude=.git --delete /var/folders/3n/wjddhk5s4b9_8vrk72p0c4gc0000gn/T/d20250110-35065-8tskg9/ /Users/gr0nk/Library/Caches/CocoaPods/Pods/Release/ASN1Decoder/1.10.0-91cb1
  > Copying ASN1Decoder from `/Users/gr0nk/Library/Caches/CocoaPods/Pods/Release/ASN1Decoder/1.10.0-91cb1` to `Pods/ASN1Decoder`

-> Installing BVLinearGradient (2.8.3)

-> Installing BoringSSL-GRPC (0.0.24)
 > Git download
 > Git download
     $ /usr/bin/git clone https://github.com/google/boringssl.git /var/folders/3n/wjddhk5s4b9_8vrk72p0c4gc0000gn/T/d20250110-35065-smbcve --template=
     Cloning into '/var/folders/3n/wjddhk5s4b9_8vrk72p0c4gc0000gn/T/d20250110-35065-smbcve'...
     Updating files:  81% (6288/7731)     Updating files:  82% (6340/7731)     Updating files:  83% (6417/7731)     Updating files:  84% (6495/7731)     Updating files:  85% (6572/7731)     Updating files:  86% (6649/7731)     Updating files:  87% (6726/7731)     Updating files:  88% (6804/7731)     Updating files:  89% (6881/7731)     Updating files:  90% (6958/7731)     Updating files:  91% (7036/7731)     Updating files:  92% (7113/7731)     Updating files:  93% (7190/7731)     Updating files:  94% (7268/7731)     Updating files:  95% (7345/7731)     Updating files:  96% (7422/7731)     Updating files:  97% (7500/7731)     Updating files:  98% (7577/7731)     Updating files:  99% (7654/7731)     Updating files: 100% (7731/7731)     Updating files: 100% (7731/7731), done.
   $ /usr/bin/git -C /var/folders/3n/wjddhk5s4b9_8vrk72p0c4gc0000gn/T/d20250110-35065-smbcve checkout --quiet b9232f9e27e5668bc0414879dcdedb2a59ea75f2
  $ /usr/bin/rsync -a --exclude=.git --delete /var/folders/3n/wjddhk5s4b9_8vrk72p0c4gc0000gn/T/d20250110-35065-smbcve/ /Users/gr0nk/Library/Caches/CocoaPods/Pods/Release/BoringSSL-GRPC/0.0.24-3175b
 > Running prepare command
   $ /bin/bash -c  set -e set -e # Add a module map and an umbrella header mkdir -p src/include/openssl cat > src/include/openssl/umbrella.h <<EOF   #include "ssl.h"   #include "crypto.h"   #include "aes.h"   /* The following macros are defined by base.h. The latter is the first file included by the      other headers. */   #if defined(OPENSSL_ARM) || defined(OPENSSL_AARCH64)   #  include "arm_arch.h"   #endif   #include "asn1.h"   #include "asn1_mac.h"   #include "asn1t.h"   #include "blowfish.h"   #include "cast.h"   #include "chacha.h"   #include "cmac.h"   #include "conf.h"   #include "cpu.h"   #include "curve25519.h"   #include "des.h"   #include "dtls1.h"   #include "hkdf.h"   #include "md4.h"   #include "md5.h"   #include "obj_mac.h"   #include "objects.h"   #include "opensslv.h"   #include "ossl_typ.h"   #include "pkcs12.h"   #include "pkcs7.h"   #include "pkcs8.h"   #include "poly1305.h"   #include "rand.h"   #include "rc4.h"   #include "ripemd.h"   #include "safestack.h"   #include "srtp.h"   #include "x509.h"   #include "x509v3.h" EOF cat > src/include/openssl/BoringSSL.modulemap <<EOF   framework module openssl {     umbrella header "umbrella.h"     textual header "arm_arch.h"     export *     module * { export * }   } EOF  # To avoid symbol conflict with OpenSSL, gRPC needs to rename all the BoringSSL symbols with a # prefix. This is done with BoringSSL's BORINGSSL_PREFIX mechanism # (https://github.com/google/boringssl/blob/75148d7abf12bdd1797fec3c5da9a21963703516/BUILDING.md#building-with-prefixed-symbols). # The required prefix header file boringssl_prefix_symbols.h is not part of BoringSSL repo at # this moment. It has to be generated by BoringSSL's users and be injected to BoringSSL build. # gRPC generates this file in script /tools/distrib/upgrade_boringssl_objc.sh. This script # outputs a gzip+base64 encoded version of boringssl_prefix_symbols.h because of Cocoapods' # limit on the 'prepare_command' field length. The encoded header is generated from # /src/boringssl/boringssl_prefix_symbols.h. Here we decode the content and inject the header to # the correct location in BoringSSL. case "$(uname)" in   Darwin) opts="" ;;        *) opts="--ignore-garbage" ;; esac base64 --decode $opts <<EOF | gunzip > src/include/openssl/boringssl_prefix_symbols.h   H4sICAAAAAAC/2JvcmluZ3NzbF9wcmVmaXhfc3ltYm9scy5oAKydXXPbuJZo3+dXuO683Kk6NRM7nW73   fVNsJdG0Y/tIck9nXliURNk8oUiFoOy4f/0FQErEx94g94arTs10LK21KQDEF0Hgv/7r7DErszptss3Z   6vX0j2RV1Xn5KESR7Otsm/9MnrJ0k9X/KZ7OqvLso/50sbg5W1e7Xd78v7PV7xfvL7a/Zxe/ZR9+/fVy   tX73y/kvl7/9vllvss3qIv3we5b+9mF78W//9l//dXZV7V/r/PGpOfu/6/84u3h3fvmPs89V9VhkZ7Ny   /Z/yK+pb91m9y4XIZbymOjuI7B8y2v71H2e7apNv5f9Py81/VfXZJhdNna8OTXbWPOXiTFTb5iWts7Ot   /DAtX5Vrf6j3lcjOXvJG/oBa///q0Jxts+xMIk9ZnalfX6elTIh/nO3r6jmXFy6FaSP/T3aWrqrnTJnW   p2svqyZfZ+oq2rj7/nqPH+33WVqf5eVZWhSKzDNx/HXLL9Ozxd2n5f9M5tOz2eLsfn735+x6en32fyYL   +e//cza5vdZfmjwsv9zNz65ni6ubyezr4mxyc3MmqfnkdjmbLpTrf2bLL2fz6efJXCJ3kpK+3n17dfNw   Pbv9rMHZ1/ubmYzSC87uPinH1+n86ov8y+Tj7Ga2/KbDf5otb6eLxX9Kx9nt3dn0z+nt8mzxRXmMK/s4   PbuZTT7eTM8+yX9Nbr8p3eJ+ejWb3PxDXvd8erX8h1Qc/0t+6erudjH954PUye+cXU++Tj6rC9H08Z/6   h32ZLBd3Mu5c/rzFw81S/YxP87uvZzd3C3XlZw+LqYwxWU4ULdNQXvLiH5Kbygucq+ueyP9dLWd3t8on   ARl6OZ+o67idfr6ZfZ7eXk0Ve6eB5d1cfvdh0TH/OJvMZwsV9O5hqeg75dRF+O72dqq/06a+Sg95Lfoq   pnOZEF8nWvzJzo3/1OX/491cOuXtk0yur5P7+fTT7K+zfSqaTJw1L9WZLHplk2/zrBay8MjCX5WZzIRG   FTFZqHdC/UGJ8kbdrarEVduzXbquq7Ps5z4tdSGU/8sbcZbWj4ed9ImzVSbhTAeSd+9//tu/b+SdXWbg   5fzf9B9nq/8AP0pm8qfP2y8EHeYXz9Kzf//3s0T9n9W/9dTsLtkmspaBr6H/Y/uHf/TAf1gOkTVUS4f0   nuvlzSJZF7lMqmSXyephM1bnk46VoQM9Iqufs5qjs0jHqurCZHXYbmVx47gB3o7wfJ5c8FPWpwE7U4v6   2Cnt0549JiXC6fAoy3ST7zLVstG8BulZn2QLV2RMsQ17blYiIL8+Js/COabqirzMmzwtjr8k2Ry6mpca   CFf1cafzeVJU6SZRBtW7kV2xsYEgtjff3U9v1QfqGihVpsv1xvvp16TOungL2V1QbeJIK8QC5lVeRdkd   3o7wUstWlKv3YMgdcfmgoI+h/ng1u5c9l2STiXWd7ylFEqZBu6of0oOs58t8w9CbOOpfqd4Kz61Q1LvO   97J/H3HlvQCNsckfM9FExOgFaAy2O+D8/jMp013GFHd00M6+6hZG3bv0ZyKrbMEr744Bj5KXsVF6Axol   IguC6b+vtxEZ0NEBe9VU66pIIiKcDGiUeruOSZ8jjvqf0+LAlWsWN0eVm1CZyUWSynaNYe5IzLoqqvX3   rr7j2U0DGEU0skeY1htuplq8E+Hu632SbjbJutrt60xPxRC7gwMaIN62zjLgm4IcERMBMWX5eEdPP4uE   rW/yQxAPEjHfsALkG8THTRYoVZZ/qXLwLlk/pbIWX2d1QzL7OOg/j/OfD/n1J1aOpMUjIxDoQSK2w9Sr   CSvMEYbd2c+mTuOSzHPAkUT7MzkBOtT3rp8yWT/u6/xZzbJ/z16pdk8AxGj7q/K3PdbVYU+OYOOAv8jS   2kg9QY7gCrAYbj4xI3kaLN6u2mS8EIrErJUeVzGvvYN9d1amqyJLqrXYq0ZxX8iBPjUE5EAjifyxzLpa   QE1dSGC3F8yQsAyN3RRC5V9ZZuTuJibxY22Lg3g63rrkH2bTgF2272SnZHyTbsRVyuXbfC1rAarV5bEI   6n7huRUZsvJuZpdHIuzTOt2x3JrErG2Ny6ixHRz0tzeCaNTzGbreoBG7rtIFS92iiPfYVCdFLhqW3jLA   UeSf0kMhh4upEC+yzlhxAnmSkbGSg8jqTdqkbxL0ZIOjZz8TbqgORb1l9iKb9E32kyk/8ViEyJYalMCx   8nJbJeu0KFbp+jsnjiWAY8gbtageo6I4CjiOmoTSdy/3BrIEeAw91cKaksAkSCyZdfGxXAkSi9FbO3Kw   kdlTM1DY++OQq8fNT4dmU72wksQ2wFH0s470iToz5NGwvevZyPIshyDstPctcDTi00YARbyFkLWM/M76   e3uLsjLbt8DRZPHNt69RtYijCMbZZPvmKSKI5oMRuNlu4L5fP63svlFU65R1D4ISP1aZyVFHs9sn8wV5   csJkIfMLXfjie+psVz1n3MkHm/bt6oMkXa9lTlPVBhr0Jo9VtYmQaz4coc7K7LFqcsbgB9Eg8dpqanso   ClacHsf8q+Qpp3eWTBYzV3Kcu+ZlcseGzfxsNgUDMWIzGvAgEfVgRGeXyP/mBbMVgTj6iyt2jBYP+FVf   PcLf4gF/V8lEhDgZkCjsmyJwR6jFuRnP2qKItzzsVsTHZTaKeEV8iRRjSqSIK5FiqESKuBIphkqkiC6R   YkSJ7HqVvPJzhCF3865bPJnsq4rRzNg8EoE1lycCc3ntZ8fJG8FTn3DEf+z7sufGYAsY7ZydRueBNJKf   HepnTq1zQoNe1rSByyMRsvUTa4BkwYibNUfbk4hV5I9p8ci74I4Nm/nJbQqQGHHPOAAFEuct7qrzkXdV   Ioet1UtyKL+X1Yt6YLzvZnY4mYTLsNiR0cb4RVaoDian5XENcJT2qTtL36EBLzf/B/Ndfx45/YF5kIh6   2jgtN5yn6p4AidE+GmfWAiaO+KOep4gRz1OM78QULMuARDnUtfqS6vtww9gKLI4shruujPCiGAI4RvQT   KDHuCZR40ydQgvgEyvx+d8vt0+ZJxMQ1PUjESuhaVtaBemKYl7auBI6VpXXxqp+TdWsCOM0sYEGi8Z7m   idDTPPXhNi1EptZr1F2TmG2S7oVW3aJwAg454St5rLNUYhFpaRvgKFHP+8Tw8z4R/7xPjHneJ2Kf94nh   533iLZ73iXHP+45fE5lsM7d1+qheM+XGsiRIrNhni2Lcs0XBfLYo0GeL+hMRV7xMfjhCktaPsVGUA45U   qqdfbSpG9X8hz1BEkaSbZ7V4SWSb6LCODI6tl8fVmdhXpWAVCkuAxOA9eRahJ8/qQ7UpwaHJ1NKKrBTc   EL4FidYvS+UsvEctSDTx/dQTjbixAA0er3tRNDaeo0HidZtWcGK0KOz9ccjXEdlj4Kg/YrWDGLHaQUSt   dhADqx3az9dVvenfUIpocRAVFrdRo9CqlD1M8ZRefPg1qbbmeEvwLmHIil1N13+XfWpZfx12GS+6a4Gj   HZuAfmUqs34HRVjM2FUtYuSqFvN7uXq5qGxkdRoTrbeEo6kKZ/OUcdfUBFRIXGhtN7vDi9vw6Hn5qF5O   qWo5gtnpHYwENzSgQuLWzV7d5Nu8yHjRTAESo6nzdfQ0lG+Bo3XLm9QLgxHNhW/BorFLZ7A02nPiMWNV   2IRGVZ3Mtp1Xr5ZxO+SgaGzMmG4KbgtHb9LmIGJ/7UkyJhavkXAdwUj9Sr+4aJZnZETxJvFEMNpBTf7I   +ici1FGBxJF19uaJpddkyBpXzG0FHidb869fsbi5FilXLNGgNzppTAcSqT7wmiENwk7+ZH5oFr/rhb5B   xwA2BaOy1uaKwbW5BzWxsKV6WwqwyXv4vh19/0F/iGbTQ/Zksrg9jwuhFYNxVH8qMo5SwHHmi0lcglmC   ETHYyeZbxkTjJp5vgaNFvMbo4IN+dsq5juFI7aNkbtrBpuGobxEPj6SGfu3GlM1r8pTTZ/pBiR1revUl   +WP6baHeoafoTQ4xUl+/tUDE+ZSKZHPYF11WVeU2fyQu3RlyIZF3aS2e0kJN7NSv3bcFKy5oQqISX3Ew   OcRIb74c1PZ2G6QlapPe0+PL/nEtJc6ACo5rPBlep3s1POSE9C1wNGqRNjnMWO2S1WtDm8Dwadjevr9N   3lwIwAN+3tQaogjEYT8Uwi2BaPssIs0UPOA22wARFcgyDUVt56Lj4rWOQKS3mY4cqQxcRzsWZ8dscdTP   WW0C4EE/6x1yzIFHorWgNolbd2p/7Zq6OBA24FFiHhiFPHjEboqnyLeZXidH7ZoNuUKRdxk/0i4Lm4lz   wQCO+yMzJ5gnqiMXWbk5CjwOv0rpadiei/ZRHbcPY/JwBGJn0sBgn16Vzqs6OjTojelVOAo0TkwdLobq   cPFGtZMYXTv1T3+4cUIlVETUQCJYA4m4GkgM1UBCjiWKTbJSb+WVj0WmRsasQIAHjthU/F79kQ2bk21V   R2Q2oIHj0QeMNmlb6S/CQ++/R+wRGdwfMmJvyOC+kGqDwnTfTjWoh/qywDaUHeZDDj8Say/IwD6Q6iM1   S9W9gnJY/StbN0KVINkLpz3oGFA5cQv1JbVRererPimSCw+4k6KKDKANUBQ9Su8eKqgmumjocXwHFKl5   3WfstDLgATczrVyDHaVdyfOUkxLnBLkute6p0AvdmTt/IgonjlrI1W4bSXL3mOOL2at0YJ9S+lUC1xez   D+nAHqS8/UCxvUDZ+4AG9gBlbPAB7uuxPjTNU10dHp/03r5FRnsSA+C2fyOL7aM6Xy5Z15me+k8L1VMh   9dRRiROr0gfOyGHTd9KPMDnHKLsNjNfxDMz2tXO7pxX26+Znv6hajS0pQYZcUGQ9q9x2Ymg5AOCoX73T   o/oE5KofcziR1k+8n2BwjjFyL93hfXTfbA9dwv650Xvnjtg3N6tr2WNnHj7jwY77576q9eIl1Ubv5O1f   y9ueFAA02FGoT1H8pyenQzPVsi59AALF59OuvXlnvihOK/M+DdjNB8CqWyTIETwDFIXXUId3/dWfqhtb   r1CsZJ+0zmltNmxAorCft8IGIIrxStRpyyp6joMWIBr7KdbQ0yveTszYLsz9057YcWvYhEXlPh0b81Ss   /07XyelOVmhXljHDgSosrruajRnT0wDxuvee6uzHQTZZsgEj7h2ESsBYMS9bIAoozps8XyQ9V3zUW8rQ   d4g0Oc+YdAt1iMIj5vuYa7scFPC2Ly6sXumHNwE46mfkIP5OBXMXdnQH9rjd14d2Xjc+r+W4qNox5S0M   uLuNPeiLQXw6YO+PqmGH6BV4nP7IZWaUkwCM8ZwRu+0mhxmpxyTZpG897vfBeG4C4L7fGxlSI3gCIIYa   jpC9CgJc9Cd56CoM44Pkrw/vfk8Wy7v5VK+pzDc/mSEAExiVteYjvNaj2+p/JxJx2KsBGl1twL57S75b   tsB9Iv+Ri6eM7uo438jex2TgzAL98TO5XZGI7zkNQpMiI99jFuy72XufDJxzEH3GwYjzDaLPNhhxrgHn   TAP4PAPmWQboOQZ6RdJxGEPfKBPAA35ml9HlkQjc29qCMfehKGKTyHEgkfQeDI3sXgk9waWHzIIVDzQh   UdXwJG0OddYP8lgxAQ8UsdyoWTteH9GmATvrOCebBKzG6w1kr8GGzeQlfqDAj8Hft2PohBK95fcqr6hO   xQAm1s4foTNOTp8JNadQrjOW+AgDbnqXpIb6JCJbq7um381eT17xOlEhFxS5nT22dimghwQkUKx2foc1   8rRg1K1ebWXc+zaN2Tljq54MWfXcOl+tccjPGiOj80jiKa3VLBZvusOmUTtjr2efhuy82g+v94DGLtnk   jxm9C4ybxkVV3XNWAQq4xkVm3RGIB4jI3XnlMbzrirEiPn3MEvGdtmIZwAE/++GsT8P2Q5n/oE+S9iRo   NXbOOD0EYoSANEPxOCXYN/hRIjarHjynK+aMrvD5XBFncwXP5TI+pC8S9GDQzWlz0HHzC6N3+QL2Ll/o   fbUXqK/2IqusjN2htGnbrt7diH0Oijn8SN1IiirvMNuXl8y3cS3QcxqbFxOlBulZ5VifqlOI4xHJRtY+   JE+LeB4lZ01fuKxnbnuIRGUL+S6g2VabyOwFNRECJjuq6osc9hvinFFP2bYiX9Vp/UrOfpNzjOpowv5x   G3XkBOCAv11L1S6XE2S9Rdv2XfqYr0/zKaeNABtSeUElbqx2MwK1UKZdIkML4tKuXW0zLb+gFvlQpw88   2HZzz5XEz5Qkvh/nvRdXHnb24J5UKnzatu+zjNRFUt93DeR2BWxTZN99rc7Y0hOZ+0o0vCXAAQ0cT1bR   5+/1I65jcaa//jTk8iI/55usvURqC+rBtrvd1FeW8dOvTrZF/vjUUJ8DBUVATD1zVmTPWUGO0qOAt+1A   8cQGa5trYqVRe/UE80BL9PxK4wPOHQXgrl8vsjJyU80dC1oMUOHGEe5D+n8R325AFHacbmvgfn0kJYIH   u251hIGMXLSvGNHUNuua1brl/O+s3RAmL/Imp011wAYsSkRuoxI3VlvP1Rn1VRCbdK2csw6xcw4jzjgM   nm+oP6Q+DjlBgCvqRLcxZyTq77xwrvgFuuJzVh6dI3nEOWMRPV8x5mzF8LmK+lPoPSZyCEgCxOq7wbxf   4vBABPL6buwER+7pjfjJjVGnNg6c2Bh5WuPgSY3xpzSOOaFR8Fb8CmzFrz7PsD1XXc2zUq/XYgEz7yzH   4DmO6kN6nZZANRrnMD30hMao0wwHTjKMOMUweIJh3OmFQycX6s+7o9xZhcuCATf3DMGB8wPjz5wbc96c   /k77qp6qs9sj1chBXAEUY1vV60xPwunZM5E+MuIAEiAWff0sugOOIK8JFcCaUPW3qH5xM9QjjlghOnDK   nfr4X5vv5+fJS1V/T+vqUJLTw+X9COz1nQPn2kWfaTfiPLvos+xGnGMXfYbdiPPrOGfXwefWxZxZFz6v   LvasuuFz6vQ3mgNZ2hx8D/sVyYGT35invqEnvsWf9jbmpLf4U97GnPD2Bqe7jTrZ7Q1OdRt1ohvzNDf0   JLfTMWzmVsH0dxwDGiQeL7vRE+NOH8YsZUYlSCy1D7kaQK/Va9ibbF/lJS/VIBEYk7mubOgkPP4peKET   8NrP+mlhTmvi8lCEtzznjnPGnaCvyxXQulzBW0EpsBWU8efEjTkjTn/nKdsYfVL6A1dUAsXilX+85L/N   a9eUE+be6HS50SfLRZ0qN3CiXHsOHGMkjYyg406mG3Mq3duc5Tb2HDfjYKsn9TCYuoIV4tEIMSspxdiV   lCJ6JaUYsZIy8kyxwfPEeGeJYeeIRZ4hNnh+GPfsMPzcMOaZYeh5YbFnhQ2fE8Y6Iww5H4x3Nhh2Ltjb  
   nAk29jywmLPAwueACfqqVQGtWmW10XD7TG5ZgFZF/Ymxh5zJ4UbypqEebLubqtGH6HDXW0G8HYF/Nlvo   XLbIM9kGz2OLPItt8By2qDPYBs5fiz97bcy5a/Fnro05by3irLXgOWuxZ6wNn68We8rZ8Aln0aebjTjZ   TK1VSZ6yoqi6HeC6VVHEMKDDjsSYVwZnkl9SWiKo7zsGtYyOpFCA5Xi+eH8cwpOnnjzWM7OUiKub/2Mp   LbY3L28WvB/vgbaTLoMsrB/sgbZTnbOWrA7brSyQDDOAW/7n8+ScnaI+7Lt5UszGTWEfdt0XMalwEU6F   C6YUs0WkwkU4FSLSIJgCHCFsivjtyC/fXOSJcSrGWKeDoT7KehoA7b35xYZznQ6G+ijXCaC9V7b6V/Nv   98u75OPDp0/TuR4Et4dGbg/lemyMAc1QPLUn8RvEO2kC8TZZttcXxg51MgSiqFchykNRsIMcBaEYhx1f   f9gFzPuDeGKrFRxwi/FvmEBswEzaTBOmLftivryX379bTq+W6r6R//lpdjPl5O2QalxcUn4HLKOiEctA   SGPHU2svZ/dfTnXEbk+98zEFFketN24yXoCWRc2HPVN72GNO+acNT6pIzMoptD6N2mlF0wIxJ7UA2iRm   pVYSLmp59RaUt5OvU3ZRRgzBKIy2GVOE4nDaZEyBxOG0xQCN2Ik3kg1iTsJhCx6IOAkvyrocbqTe7D6M   uPfVnp8KRxhz0255G0SceoVzzI1pCrAYhO3LPNB3xt1+Q3cet3Dg5YJW+x8R38MtWnipEk/5lpwzGvJd   1Jajh3rX5OpKDsKS6+niaj67Xx4Psx9rRfCgf/wmECAcdBNqLpg27NNFcvV1cjXa133fNqxX6yQr1/Xr   +EMxHczxbVfnF5cspUU61qbmWi3Stm4ysq5DbE+2XnEuzcAcH8MFeSp2XlSBvBB683b9AeVNJQD1vV1A   jtdAbe+hfKnTPVXZU5gt2aebzfilSCBsuznXCV9lxDXiV7i4PU8mt98o9WOPOJ6Ps2WyWKrvt8dGkowu   jLtJTQXA4uZH/Vpgw5V3OO7nq0NWSvPjowHvYUc7bhoV4DEI02AAGvTG5KSAc/LrPbsIWijqpV6xAaJO   cvEwSdd6d3czndySr/OEOb7p7cPX6XyynF7Tk9RhcfMjsYzZKO7N2dpQOlCzy0Zxr+CnggilQlMlH2+5   Zg077k/MQvYJLWWfp7cy3s3sf6fXy5kcbqabf5HMAD8Qgd78gYaBKORbBhIMxCBmgo8P+KnFHeAHIuxr   wjIg3DAQhXp7AfxwBOIyygENHI/bwvl40M8rV1hrZ3/MLFNoqzebfOCmio2iXmJqmCDqpKaCRbrW2+X0   s3rOtNvTnD2HGAmPjlwOMdLzyAARJ7ULYXCIMecJc8xHzu2eQ4yC+ZsF+ptV1XOQVemvv3DFHY746V0R   i3Sstw83N/TCdKIgGzHTOwYyUbP7CDmuu4//Pb1aqv2nCIuJfRK2ktPO4GAjMf1OFGyjpmGPub6r5bSf   vCBWkS4cclMrSxcOuem55dIhOzXnbDZkJueiA4fc1CrQhR33vfz7cvLxZspNckgwEIOY8D4+4KcmP8Bj   ESLSJ5gy7DQJpAY/HYIpQHm1E0Ad72L6z4fp7dWUM+HrsJiZawWMS95lLpErbItbmzbpZkOzOnDIvS6y   tCTW05AAjkFtXdB25fgBYdWJy8FGynZfLocYeam5wdKQXK3gtW0/8f+O/cNPMOo+Hau8S8V3ZgjLAUcq   svJx/PusPglbqRUj2i50H9Cnc0ww4EzGn40MsWFzst3HyCUO+6k9FLRv0n/wjil8hxqT1WtyO7tmejsa   t8feHWLU3eF+K0nF+i2iKQ8cUQ5KH5afLjlBOhTxUjsVBocbuTf6kXXMy1/PudW1jaJeYs/CBFEnNQ0s   0rUyn4Ms0ecgrIcfyBMP5mMO9NmG/mCTb7d0naIgG73gIM9EOA9C4KcfrEceyHMO5sMN9IkG6zEG8uwi   5oFF+CmF/lRWb49ZmdX6gIKN2uuJHsF3uJG+3U/J/e0jBLno5fFIQTbqlPQRglzkEtlBkEtwrkvA16X2   P2fJzh3bw+3sz+l8wX+6BQkGYhArDB8f8FMzDeDdCMsrVhNhcIiR3lBYJGbd7fVGb0nDU59wxE8vJQaI   OHPetebYNZJLQc8hRnqTYpGIlVotGBxu5DQvPu75P12yqwmbxc3kYmCQuJVeGEzU8f45W8wi5qp9POgn   JogLB93UZPFox0479ttAHE/b/2iy5Pk9SWZwnrFJqhXlxC0Hc3x5k+2SzUVOsh0hxEV5Z98DMSdxesXg   QCM9gw0ONB44F3gAr04djsDJkpZDjOT72wQRZ36xYSklhxipd7LBQUbej8Z+MevnIr9VbVbBuk86EHNy   7pOWg4ys7EDyYp8Se4gnCrKpjXnpNkVhtmTd/OQZFQlZDyXvN7ccZKTtqelyjnG36nZJJD8jskjMWvK1   JeBtmy+Z3n/T7miDc4yyN7vLm/w5o1cTNup6D02SVbS5444BTIzWvsccX5M+XlBfmugYwCTGHy1tMq4p   2+0Lvd8fNRMs0rA+LL9IYPktmd1+uku6FzJJdtQwFIWQtgg/FIFSI2MCKMYf02+za2Yq9Sxu5qTMkcSt   rNQ4ob3342Qxu0qu7m7lkGAyu13SygtMh+zjUwNiQ2ZCioCw4Z7dJel+r49JyouMsrE6gNre04lA66Yu   KFYLdJxFltbJtkjHH03pYJCv3cCTaTVgx602JtHHE+uvkMw26nipyemnovyLHi7qY0eIm5+iAiRGe373   4yGt07LJMlYYxwFEIh637XK2cVMdzyik+HrKtmXVlqKRX7d5tYML6XGvBTmugrAryQlwHDUtF516svtL   khYF1aIY26TXxBCW7JiMbxq/bXtPAJY92bL3LXmZN1SPYnzTTk1CMNLoyMHG/fiOoYP5PrUbiyyv45fu   eKDvZNbpDop51aGc47d1hljfTN3x3+U8I/WHO7/2Kfu5OexIhblDbI/KoJJUllvCtTTklu/I2CZVDPUx   TCUthUzONTZP5GrxBAEuSgfPYACT3vCJ9GIIgGJeYnZYIOLcyI5EXb2ytB2LmKk3hAUiTjkI5zkViDhr   wvFxHog4SZu/+6Rvreg9EgOzfcTC7pVz1Qis8irZp3lNFJ0438joABqY76P1LVoCsBDOWzAZwLQne/a+   RdWJq8OWquow3yeq9feMnOgt5dp+Ej0/XcNht8pq8v1oYKBP3VGyDWEoO9K2MgY+4JhnX5EKhPy6w6tl   A6SC0BKOpanJzcqRcUzEgc7eG+dQK3e/TqcWHb/MtOeCivKcqtEQ4OLM8lig6xS021UDjuOFd1UvyDUJ   Tt0t4JpbEOtt4dXaglxnC6DGVido7GgSCbgOeu0qwLpV9+EKwvnJFgS4ZNLrkxmpZcCDEbcaCOwJ+5qC   MOJme2EndaQuwNkMQZ7NEMBshv4bdQR9ggDXniza+xbqzIgAZ0ZENyFB7L0YGOzLqq0a5x/qkqPtad9e   EpYSmIxvOs1DkEtITwasxJkREZwZ6T8V+2ydpwVP3cGYmzxAclDfy5nNEehszmko1p2oRHpEjgqcGE/V   odgkckTESWkXBt3kItdjiI/4YMXkQCO9IBica2xzUn5GE54wx1fS+9hHxjY1mWBU7D1l2w7qgGPSVbWE   bXmmzp89+3Nnz5wkeobT6IUxsHoBR1bkIgWUpfbWJT4yOUGQi9PltknDejP5Y3rx8eLDr6NtJwKyJJ/y   klD9OBxonFE6DTYG+h72G8qcqgsaztvk483s9rp9H798zgi9SR+FvaRby+FgY14+p0VOSgKQRu3MZMgD   qUCZZ7Qxy3e1/CvJxh/G0ROehZgtR8TzEF4i6wnPQkuejvAsoklr6tVoxjJ9nt5efdTrQAiqHgJcgpRG   J8Yyfb27XeoLpix6dDnYSCwKFgcbadlpYqhPVTKiobyoiQrwGNuqTnbV5lAcBDeKoYDj0AqDiaG+pFDz   JBumtqMte7oSSS6Sl6qmWA3Ktm1Ilo1Hky+kQ2yPWF+sSopFA5ZjlZc0RwvYDvmXnOTQAOAgbuPvcoBx   n9Jt+9QzrVcr1rX1nGvcZGuaSgKu44mwxuMIuI4iY/2wE+b6dvucZpKA5dDrAAkK/X3fQNnq3mQAE7E5   6SHbRVj8cWu/L9/+m1pnHBHbQ2tsvTZ2XR1KVcG+JH9ndaUSTJB0Hm3ZZRmn1UYtYDvyZ4ogf3Zpajof   EdtzoOS29Vab/HdWPqXlOtsku7wo1OPPVFdydb6TPf3mVU8eEPRjdHb8H4e0YHVQHNK2/qSkify2RRPv   Qu/+29bVTnZkyuax2mX1K0llkZb1cU0pKvLbNn18a1XlRZaQqnOPdcxNUm/X7z9c/Np94fzD+19Jekjg   xTiM37i4JzwL8Y47IpZHtm20uqMFLAfpYcit+xzkVvUVZZ1G7BH3kOsqs8dUvTJFkx0p11aROq0t4DlK   4sVIwHXsq5cLmkQRnoV+xxgUbNumstZS87I8rYG7fmIBh8Yc8m+q0aRZFGFZiox2k+jv2wbSyYknAHCc   kyXnlmWX1uJJtjakFR025vjEd2qP5sTYpmpDHCN2BGRJfhzy8e/EupxnpLXCHQFZLnSbSHe1HGRkCsM+   VjcGFuAxiPe3x3pmPfUqqJfcUZgtWRVqMfiGZz3SqL3acM0VUPLJ9UwPIa5zluwcs7HuS4tFzBFixLs7   FESdJCALrwPtw56b2Ck4Ip5H/KiJGklAloau8cudOKyomsMKsrCKxInzjIzqyq+l9jmtK9ECtoNWLt0y   KYsU9Zd0iOWhTe67c/plKZOHwqvv+wbqHdBDtkudL0nrwhwR0ENNYIvzjZSjM03GMtEGIe4IZJ+qFkd1   /pJDqfYiIbWHAG3buXM0gdkY0u5zx+/7BsqCwR6xPSI7bKqkTklPbA0Ks6n/85jxnC1rmYkX6F0Z65IC   19L+mTastDjbSO0Z1X6vqCb3iGqgN0Q8UrYnPAtjqsPEPB9tXkoA81KCPi8loHkpWo/E7Y0QeyJeL4TW   A3F7H6oHQU2DDrE8TZU4x5wSjD4MurtzyxjijnStrK6uxVnGA21C4ODOBhxoD5AO7hOkA60oHNyy8JwW   h4zY9p4Yy0ScxnLmsE5f2R7KdZNXZfJEqIFAGrKLrNjS2nAfNbwPn5Kv06/dFi+jlRbl20iPRAzGNz3W   1QvVpBjY1J7Xw/G1pG+ldNF7xPeoF6bqZ3KidZjt22U7ylO+E2FbRFMTLS3hWYp12hA1CgE8hCfEPeJ5   SvrPKqHfVRZZSfUU5nudVx8/6ulQyjSxycCmZFVVBUenQcRJOgjUJxFrtW7I+0KjAixGvmmfkzaEN4Vx   AxLlwE+gA5JCpCGpBfkusU/XGdWlId91OP+VapII6OnOopJDOvnRz/HD3YACjFNkDHMB/fYLch5LBPRE   /3ZfAcR5f0H2vr8APYw0VBDgot8nB+j+kH9kXJOCANclWXQJWaIz9XI4T1Wvk1wvaMh2Ec8+NBDbQ3mT   9fh9x5ATX8iyINcl1mm9SdZPebGh+QzQdsr/yMfvMtATkIWy8bRNOTbKDm8nAHC0jZCaIBi/fx0I227K   gpXj931DQr6Lesq2Efpq3ddtntg/NxDbQxliHr9vGhZdVy2r1Yh+k9XjZR4KefOm27f5KRWUGTTcAERR   PSp5CbQemc/aZrVnV5qXolvB+UqpTiDate9fqV0yk7JttDpz4dWZC73SLC1fiWMHm8ONSVZkO8JubhgP   R1AlMDaK6wAicVIGThX6qMoBESf39w/+7iTf7Yt8ndMHV7gDi0Qb+LgkYj3wtQfES755T5DvKlLRkDqN   Fub7qr2a8SOuGAPhATerGPuGoSi8gf2QaSgqr9BADj8SadR7QkAPf5CAKsA4RcYwFxnguiAnqjPqPf0x   +reHR73dlyij3hMCehhp6I56F9Tl6AYCehjX5I56uz+TKzCo7ooZ9WIGIErZ5IXs2NeC3FwaqO2ljVEW   3hhloRYyHxdbnNq07JHWKcccXiT9Mr3TySYGghShOLyf4wvsGKSx2MIdiy3aHZTU6zwUywmyXfss+95e   apOSUtMCbaf4nu8pKvV9x9CMf+p1/L5roDy96QnDMp0vZ59mV5Pl9P7uZnY1m9JO0sD4cATCHQnSYTvh   aR2CG/6vkyvyNgEWBLhICWxCgIvyYw3GMZH2aOkJx0LZl+UEOI45ZRPKnnAstB1dDMTw3N1+Sv6c3DyQ   TnS1Kcem9zHIBC3/XRBxFlW3rydLfKIde7vesMgJ7bGNGb75TXI9WyyT+zvyeT0Qi5sJhdAjcSulEPio   6f12v7xLPj58+jSdy2/c3RCTAsSDftKlQzRmT4ti/LFpAIp5STNnHolZ+ckcSmE9Fy2bVp75SGN2Si/K   BTEnuzgESoLeqkU9PmenhGkYjCKatMnXOrdVvzrdZpFBfSF2DbQd8iDWM399WE7/Ij+qA1jETBoCuSDi   VJvckLaAhOmQnfa0EMYR/6GMu36DD0fg/wZT4MWQndVvspdBfWgJwaibUWpMFPUedEcrWamfJ5gBLIcX   abGcLGdXkQUVloyIxclyxBKOxi/EmGZUvOjfFyzZyy/z6eR6dp2sD3VNeWwC47hfb93dHU7IDWI6wpHK   wy6r83VMoE4RjrOv1GRMHROnU3hx1qv1+cWl2vOmft1T88WGMXdWRrg72HdvV+rjc67dwTH/ZZx/8Pqj   7Kj7KZX/Sy7eUbVHzje2PRHVv9fH29N78oDBj9LUEWliwQNu9U/CkwZc4cXZVvV3eUM06rDr/LGs6izZ   pZvn5CXfZ1WpP1WbH6qV/JQ5YI7cvzb6UAkcI+mDHnnFwEQ97+N6pxI4Jbd8PYg5efWbDQ+4WWUKUmBx   ePeFDQ+4Y35D+L7ovsTq2losZtZj7u/ZK899pDG7bELHbwEHoJiX8uTCBX2nOmjkte2HtccCcvtCAVMw   ane+31uEdVXBuO2Fxge1PGBEXrVnkJiVfMIqgoN+3TR0m7vlVckI4RjAKDr1KDvWQyxqVusSI7LYVYBx   mid9kpb8LuHBCYz7/qdUrQamj7970HOqdZqp2BGFHeXb2g4gud944jyjrlbFq6C8Ow+gvlcfBrbN1SG0   eVokqwNlyXjA4UUq8lWd1q+cfDNRz7vjzLLv4Pn19s+cSzRI35rtCG8HW5DnUrUTr+Y0SN962CWc+aYT   5xmrmFFZFR6VVeWaWjEqxPPsq+L1/P27D7y+lEPjdkZpsljcfKA9xgVp3y7HQkJWFavqJ+vSHdzz1xtG   HdZCiEvtG9Tk+yK7pJxwFlD4cTJOJdNRgG3bbrUsByuJCq63pSS9FDEkwmPm5ZobRaKeV82IqXerYvqN   oAOM9DZ9ckHok4u365MLSp9cvFGfXIzukwt2n1wE+uT6QMJNzNUbNGiP7NGKMT1aEdejFUM9Wl7HDuvT   dX/XM1giy5jaE476822SPqd5ka6KjBnDVHhxmkKcy/aEWqMfMcO3nCfX84+faacX2BRgO+7xTRYeQcBJ   anFNCHCpd+8IuW9jhu8pvVJjEuKUlkX1tuvp4jhJ936sy2RsU7Zevad2Ml3OMzKFiG+TXahHMCypw3rm   9xHm9wFzSc+fI2ObSub1lei1qbqUMDlpIKAnOZTrp4xynBEI++5Kdmj2aZ035EvtScP6JdGRRru67/uG   ZH9YkRLQ4WxjtdsfZPeJ6OspzKZmVp4IeQLBqJt2og4IW27K06Du6xZ/OiuClowmBvtkKUp3WZPVgrC5   ISpwYjTvkkeSUwG+g/qbW8T37KmWPeD4Qf5FEgE8df7M+WFHDjCSb1oT830/qKYfrkMdP/Lb7+e/Jxfv   frmk2SzU8h43/+/LHcHsw5absKyz/bZNE3fuNRDL0y79Zv0+F7W8gn4vCeheEvT7QED3gR5W6ffZaKYO   sl2E87+7r1s8bUnqCTAdOtUF5dwokzFMs/n0ank3/7ZYzqmn1UIsbh4/jPBJ3Eq5iXzU9C7ubybfltO/   lsQ0sDnYSPntJgXbSL/Zwixf97pDcjv5OqX+Zo/FzaTf7pC4lZYGLgp6mUmA/nrWD0d+M+/nYr9Uz8Ht   KY9zQdhwLybJYkasPQzGN6k2nmpSjG/qWmGqrMN8HyUresT36NaTatKQ7xKM1BJearXDKvXSc9ocatK1   Oajt3VQxap/27OoTolIhnuc5q/PtK9HUQo5LNtjXX0giTdgW6t3k30msgZzDIUbeUA41uFFIg7kTAVjI   v9zrgx7/uid79pDlB/132X3Z01+pgzoXhJzEYZ3DAcYfZNcPz0J9DORgoI+8KAtibXPEYBGkEbvMPcYt   DeCI/7Aq8jVbf6JtO7HV9FpM9jAVYEEzL1U9GHSzUtRlbbNg1G0CrNsEo1YSYK0keHeqwO5UarPut+mk   gXr3fdtAHKqfCNtC71gAvQrGkN+Eetf0ijdT7nK4Mdnme8HVathyM0YXNgXbKuIJUxALmSljF5vCbEnN   8yU1ahRMI/iLiWMsD4SdPylv03sg5CS0QhYEuUjjNweDfIJVagRSapqKW7aPpGsljrMsCHDRqkQHc330   C4OuSv0tecmbp6RUyzP1ArYiS7+b7TvnFS+e3b+6vzNqxL+9ksZJdj/Nk8+futNoZY/qafx5hj7pWctc   NPuLi194ZodG7B9+jbGfaND+d5T9b8w+v3u4TwiLtk0GMBE6ESYDmGiNsgEBrnYQ384PVDXZauOYv6oJ   +3MDKOxtN53bFukjR93TiH1dbdM1M01OMOY+1M+ZKoE8+ZEO2ilzzQiO+DfZI6cE9ijiZRcTtJS0tzVh   Q3+fBKxqLmL1GpPMngGJwi8nFg3YdYqRnmYDKOAVUfelGLgv1ef8ysqiEbve2UG9yqSOPVeHz8nuwY4V   CTRZUf+Yfuvm2WljNwdEnKRRps15RpnhuSxK7TZQ2boev/0gKvBjkNrHjvAsxLbxiHgezjQ+gAa9nGz3   eCCCapLripycPQg7GfN1CI74yXN2MA3Z9X1IvZc9FjRn5VpXV4JhPrGwmTax55OYlTwRj+CePxdJtU9/   HKi34InzjDI/LwgvdNmUZztOmbOabliAxuDfLsHnBt13SNMqRwKysHsyIA9GIA/NbNBzttP07It2ccRP   f/CB4JifXT4CT0C6b3B7YR4Lmrl1qQjWpSKiLhXBulSw61IRqEt1b5LRzJ440MgvFQ4N27lNrA0PuJN0   qz6UeS2HCnmZkuZEx/m8K6A9NLIgy/V1uvxyd91u0pFnxSZpXveUCgbkrQjtki7CUeMmA5j0m2nUfq+L   Ql7SzNeJgUyEfeEtCHBtVgVZJRnIdKD/PnfEQV/FaEGAS89Mxdw+Ic3oeMQphyEVEDdXw+KGHKPFIJ9I   UvV2utqIoaGXNhuH/XIIrzsNHPmRBcy7A71ESwYw0fqEwHrV01+rdXOh5y/IvhMJWPXfL9arFdl6IlGr   jMu0ShKwire5D8XY+1C83X0oKPdh2yfb7etMiGzzJrFxHRK/qfg3rsNbEboufr65KAmnM3gg6BSN/GzD   cLag5dTn6x3yosm7WoJSznzYcF9ffPhw/rvqQ+3TfPyEqY2hvuN03vj3KFGBH4P0fNlgfBPx+atFmbbZ  
   /WS+/EZ+dcMDEef4dxccDPFRWgOHM4y3n2e3xN/bI55HFdb2ATdxTgDGQf88xj7H3fr8l+OdlpWP8iNB   jAApvDiUfDsRnqXOHmVVo86GLQpdIxdZQ81C0OFFEnF5KobyVMTkqcDydD5PFpM/p3rXdWL59lHbq7Yx   yuq6qmkzDh4Zsm752q3tbceA+mOK08Agn3iVBWfH1Zq0bW9/Bu3IP5fDjUnJdSalbdU7M7cfCYrT5Bzj   oVyzf74H2249r0/NqhOEuJJC/Ykj1GTISr6xANz3l9nP/lt6s0lqCN9gR5F/ZGehyzpm1bJ8nN1xypzL   Amb1H1yzwQLm+eT2mq02YcCtd46p2HYbt/360EvyLdNTmI180zho0Eu+bSAeiKBP8+YlRo8Gvbxkcfjh   CLwEgiROrGqvBqm7tP5OsveY46vV0hIdklSsTQ43JusVVyrRgHe7Z3u3e8d74JS4A1jW6iwVVcmumAHc   9e+q50wfn5bRxD0HGrvtBLliE3f9olHHYTDMBmg7RcpJg55ybLK1pd5OR8Yw/XmfTKaTa33ia0o4I8oD   ESfxvDqIRcykEYsLIk7VhRl/LgOAIl7KfoYeGHC2S/s3eZ2tKfvwD3mQiJRxucMhxmqf8S5agQFn8pg2   T4SVtAiPRBAZ4a0jFww4E7FOm4Z52aYAidGkj6SXmwAWMVN2bfZAwKkeedP2TQJQwKve0pIVf/3EqelM   GHFzU9hgAXP76g4zPUzYdn9UL1wtqz8ISyEsyrZdze6/TOc6U/WBi7RXhzABGmOd74k3uAfjbnqb5dO4   nbIWwEdxb1MXXK9EUW+3/yilT4gJ0Bi0FU8Ai5uJvQQHRb36Uf9+Txsv4Qo0DrXn4KC495lRoUA8GoFX   h4MCNMau2nBzV6Gol9jTsUncmm+41nyDWtVG1dwiolnULOLLuBhTxtWXYmqAEx+MEF0ebUkwltoel19h   GgYwSlT7OtC2cvMBT/+YmiZcy0Tl6EBOMmsWtFbh3fv+fU/v9kB9Hf23T3lJG8cYGOoj7Mvlk5B1Rm0A   TxRmY11iB0LOB9L5Qy5nG6+ztSxBH1OR/foLxWhyoFHd9QyhwiAfuewYGOSj5nJPQTZ6jpgcZNzckOsZ   C/ScqkfMScQThxuJ5dtBQS8je44Y6uNdJngfdp+xsr0HHWf+mAnaj9YEZKFndI+hvr/uPjGVkkSt1Fyx   SMhKLjonCrOxLhEuN/qjBWWdnUVhNmZ+n1DMy0vLI4lZGbeNw0JmrhU3/klbxehwuJGZWwaMu3k51rO4   mZu+Jm3bp7dXd9dT1qyJg6Je4rjaJh1ryerXGBjkI5cFA4N81PzvKchGz3OTg4yMfo0Fek5Wv8bkcCOx   3ndQ0MvIHrhfY3zAu0ywfeo+Y2U71q/5cv/HtH0yQH3ca5OYNWc6c8jIeSptgYiTMcPvsog5+7mv6oYl   blHES62RLRBxft9sWUrJIUbu8zVQgMQgtiEmhxipT6EtEHFSnxFbIOps9Pu663yfZ2XD1FuOYCSRlRva   ZBMoGBGjXX+gXoNhbXVI0yLXQ32GbYGA84/rT5zKsMUg3/Qry6cx0PeNXQ8aLGYmPuW0QMTJqgOB/Y3M   j6inl4Iw4qY+u7NAxPk927GUkkOMnPrU303F/ISzgwPCYxHouzjAOOJn1QVH0HZ+vY5YE+HBoJtxF38N   rLA7fka8gw0M9RH7xjYJW/XJ5RypBkFndyw5Q9qRoJVae33FVit+5a0p/IqtKOw+2G0Ytt0GdlXPnN+q   MNBHrKO+IusOu7+Tn5ibHGhkPcF2WdjMqzHQuoK0mYuNeT52nRaozzipCKeeeuGx3YWGobRhz018mtsS   noWRcmCaMfLUz8/7j9NEkE6otinH9sfV4vJCtorfSLYT5dqm3y70hzTbkfJtrBVzFog4N7R22OQQI7Xd   sEDE2e4XSew++XTIXos0qdJsnxTpKiv4cWwPHlF/cfe4PSc2ZJhjIJK+pMhInWMgEmMtEeYYiiREItKi   Ia5gDnkCEU8n68UkoylBYhH7DiaHG4kjcQdFvOKN7hsx+r7Ru/ut250a1TpdbjhLMiKWHDj3W8xEB7Vs   gegqSWStpb5O2vZ7wDMuohxzZj/3bxGzNQ1EjakJxaiaULxBTShG1YTiDWpCMaomFEYN1qV25C+zTISo   b5B9vm58/JhmANeNiP9WgYcjRrc/Yrj9SYUgLi4xMNSXXC8mTKdCcW+7KShX3dK4fc6/6jl41atUZJyG   uOMgI6dZQNoAyu6hBgObOHsxwzjkV/NrMQFsHoiwyegjS4PDjeRZMA8G3eqoBoZVYaiPe6knFjfrFwYy   2qM6iAcidC9vkc0dhxt5yWHCgJs1VkbGyaQDFU0IcRHO5nY51MioUY8g5mS2AQaLmefcq51jV3vOTNNz   NE3PuWl6jqfpeUSangfT9JybpuehNG0Koe4ztciLtgNu0AJHS+r0hfu8EHOEIrGeGyIKIA6jMwL2Q+in   iHgkYG0742Rli6E+XkVusIB5l8t+X/kY0ynxFUAcztwQPC+kJnZiyzLgCEXil2VfAcQ5Tq2Q7Ucw4OSV   GYuG7Hq/pPbwabrcgHF3mzNceUvjdp0dXLmGAbfgtmoCb9VERKsmgq2a4LZqAm/VxJu0amJkq6b34yY+   kbNAyMmZRUDmEPSAmnX/nUjQ+jfjF3tPM/WfWamHpBzxVBQbA3zP5JdQDAz18fLDYHFzna3VglquvMMH   /VG/wHTYkVhvUyHvUXHeoILfnTr+lbicycB8H32RP/b+FfOtJvR9Jt6bTNg7TP3fialngZCTnoL4u1Bq   w+h2l6AkLfKU1J1wWd+8Ib9b2lOOTe1fmGYiOb+4TNardSKeUt1KkeSYZGSsJN/tZd8jp+6dN0oYuob1   LlkVh6ypKtorTLhlbLTk8m3iJZehiE2dPO1SnS4XH37lR7Q9gYiP6x07imTDZjnkKDd6O7KYGL1lIJqI   KIwdPxBBltTzi6gY2jAiyvvoKO+xKL9f8HO9ZRGzLGnxNZIrGRkrukYKCUPX8AZ3LOAJROTmXceGzZF3   rGcZiCYiMit8xx6/wb9jLcOIKO+jo0B37Poplf+7eJfsq+L1/P27D+QongGIspFXkm2y93G3L2gZGy3q   Bh40AldRHoqC/1stGrD/jM+4n4M5d+pH0dwnDPE1NcvX1LAvI+ytbmOwj1wBor2V9oNqy7o+iQE+2UBy   8qPFEB8jP1oM9nHyo8VgHyc/4H5E+wEnP1rM93WtOtXXYYiPnh8dBvsY+dFhsI+RH0jfoP2AkR8dZvtW   Rfo9u1gRe0k9ZdsYr8CB776ppoNYQjrE9xBzskMAD20nwg4BPe8ZovewiZNMRw4xchKs40Aj8xL9K1QH   q6smniI7MrZJPUVu54ZWr2W6I2WsywbMtOfQDup725kn3hWbbMBMv2IDxb3V6l9cr0Rt71MqdHX2lNab   l7QmpYTLOub994zboXFZxMxoClwWMEd1a2EDEOXp+2bLGFG7LGD+2Z50GhPAV9hxdmkt/1x0xSpJi8eq   zpsnUk5gDjgScwkCgCN+1sIDn3bsG9KGp/LrLv+Bxn/weD2CI0o0Y5v28pdmUfkNG6AozLz2YNDNymeX   tc31+iL55R21Ye4p38ZQAZ5faA6n7FHLjV9m9NzBVm9V1u1Zs67V6wWH7Tb/SVWjIi/mxcUvRLkkfAut   2oRqSfm395fUa5GEZ/lAm99rCciS0H9VR9k2NfWk5qH0IvldSiqsLgubu3pCPUSvNxy9JYBjtJ8dvykO   e7VVWcaKhqiwuPqgNsabX7DBiPLXcnp7Pb3W27Y8LCafiWcgw3jQT3iADsFBN2UlI0j39k+z+wVp//sT   ADgSwlYbFuS49EF96+pQEs7H8sDe+Xl6O51PbhJ13vuClPE+iVnHZ7fLYUZCJnsg7KS8peRyiJGwA4LL   IUZu9gRyp32xoFKHvN0SBrUBRSjOc1ocImJoHPHzChlaxrhFLFDC9PJUllOTiFWcEr/k5p+tCMXh558I   5N/i4eNyPuUVb5PFzfTC0ZO4lVFEDLT3fvnjevQO9uq7Nqm2S03LDUXQIZ6nqdN1QxRpxjB9nVyNNsjv   2iRnFzeXg4yEHdwsCHERFuy5HGCkFHsLAlyUxacWBLgIxdtkABNpnzGbcmykxZw94Vhm1FSa+SlEXLhp   Mo6JtlzTQBwPZeX5CTAc88VCvRCcjr/zToRjyUqqRROO5bipKGXixQMdJ3/qDsEdP3fCCIRdd1W8vpc3   63M2fl9tDwSdu0PBEEqqt80Wiwf51eR6tlgm93ez2yWpXkPwoH/8PQzCQTeh7oPp3v71evR0jvyqxdGq   uxNgOyiV3fH7tmFZp6XYVvWOojlBtotW2fWEafkwHv9gcdT0/OCn5wdien7w0vMDJz0/wOn5gZyeH/z0   nC6/3F1TXg7qCc9yKOkezfQmPVy4urtdLOcTeTMtkvVTNv5oE5gO2Cm1FAgH3OMLCoAGvITaCWINs/zk   Ey0JToRr0bvQZesmr0qazABBZ1MTZjxdzjUW1fgDGXoCsiSrvKKbFOXaKNl5BAzHdLm4mtxPk8X9H7JT   R8pMH0W9hLLsgqiT8sM9ErbOktWvv6hOKWHaFuNDEdp3X/kRWh6LwM3EWSAPZ/qukL1LQrcU47EIvEIy   Q8vIjFtEZqESIiLTQQymA+U1ZZ/ErLRXbiHWMN8tZ1dT+VVaWbMoyEYoAQYDmSg5b0K96+7jfyfrlbgg   rKkyEMdDm5QyEMezozl2Lk/a5r8nbMuG9ks27q+Q/7FRRTXfqFUZguJyUNS7eo1Rd7Rt188QKGe4W5Dt   oh233ROOpaQWzpawLfIPF+vViqLpEN9TlFRNUfoWwmpDA/E9gnw1wrkaqaUmcYf4nuZnQ/VIxPYIco4L   IMellqrpEN9DzKsOMTz301v1JfVmdloU/TItkayrcvRgcEDjx1sd8kLtf9fueCyocRzc9+vqW2RUb4ch   PkK9a2Owrya13j4JWGVa549ko6YA2/4gK2N9EhlZ2aO+l/Or4d/7uGvyHdnVUphNluF/8YyKRK2bfLtl   ahXqe59S8fT+gqpsKd+Wp+8v1uk+uacKTyDgVA9M9EaXFdnao763eJJDvCJryBl/AmFnpWuu+pGjPbKg   mVPgOwz05bKKGv8UwQNBJ6HDblOw7bCTA4NsJzjOIwua66yp8+yZk55HNOilPPdBcMCv545UmyWbrF21   ORT0Jg9y+JF2shxWa6q7pTAb6bk0gALebLehNyot5dvKitnwnUDfKYddnITsMN8nmnqdiowygPRI0MpI   x5YCbap5YOgUBvqKddowfApDfPtXlm//CvpKfqaUoVwpedlSYvlSEg4TcDDf11RF9TJ+/amDGb7ll+mc   uvzSgiAXqbG0KMhGqLgMBjJRGkgTMlz7rIQHSaPFqAGP0r4SyQ7R4bi/XQHP9ne473+WUQlPoxwM9anu   BdOp0N57P/2aTBa353pp9lijBSEuyqMpDwScL7KEZGShpjAb6xJPpG3968O735PZ7ac7ckLaZMhKvV6f   xuys5ABw2796bTLBunKbtK3yP5O1vOdW6fgn8i7nGr/LHt62otlaxjFVyZO86PGtkgXZLvWkS707czW7   l/WwTmiKFcBt/76WHVvK7q4WZLuoZd4v6Tqvr7/Q9ov2QMi5mNy3r1b+MX5IBNOwPbl/+EjYehlAYS83   KY4kYJ1eRSSFCYNubkKcSMCqTgz9jWzUFGK7ZNkuMZv8+uxP/fIW9QbFHFAkXsLiqcovBcEyMI+61+YD   95r6XK9L5cqPMOzmpvI8dB+rNpJsVBDiSiYPf7F8CsScV/MbnlOCmHM+/SfPKUHASew/wD2H41/57YwJ   Y+6oe8Az4FG45dXGcX9MEgXaIPV5VDvkCtAYMQkUapPU57x26UQGrJds62XIGtlOIR4sIj/hw6keV2oG   y8w8+t6dj7h3o9oxV4DHiMmF+VD9wGrXjmDAyWrfTDjk5rRzJhxyc9o7E7bd5MkOYJ6jHZRzmjqbBK3c   GwXAET+j+LosYmYnCNyqtR9ymzSfhu3s5EBasvZDcjNmYJjvkue7RH0xCesIRsSgHIIelKCx+E0xKgFj   MQtMoLTEZEQwD+Zx9cl8qD7hNrk+jdjZqT0P1lbUZranMBu1gbVJ1EpsWm0StRIbVZsMWZPb6f/wzYqG   7MRBKjJrfvpzRNuNj1ONz+PuuYGRqvUl9t0RGqta34hKqFC7HjNchQ14lKhkCrbzrCGrg4a8l3zvZdAb   m/Aj2n/ga7w+ACIKxoztC4walxtfjShgA6UrNqMG82geX1/Nx9RXcX2F8Pjc+k5UbswHa0Ve3wEeo9uf   8foQ+Cjd+ZzVl8DH6c7nrD7FwEjd+pzXt3ANRhR5e59fJPcfp2q1yWizRXk22itcFuS5KEudDMTzqCfW   32WdmZabZJ3V4xfjYLwXQW9uQrRqxjN1Z2USthD1QNv5QWbVH9efLhLK5lUeGHAmiy+Tc7ZY0659v8ou   1GvKaoE7aXUtgoP+rIzym7jt/y1ZHcpNkakag1TULBBxqvKXb/O1vF94blOAxFCHhkfHcSVuLOrN/Rtw   b/+mb016Mh8pyKZqTp7xSGJWfpJCBihKXIQhe1yxgAxuFMqb5T3hWtQqoiQXpJdhfRK1kk51hVjM3NUo   2YYnP+G4/zkrqj3f3+GYX+UFV96yYfOk3EzjfoLvsSM6gx1yHQXx4Qi0psenw3bCmmwEd/1dq0qzdpDr   6goszdVBruu4d93pJuCcmTBC5cZtd7V7g6gBkRdT9UXVm/vECEcM9AmeT9i+u5vZ1Tf6rWNjoI9wo5gQ   6KLcFhbl2v75MLlh/loLRb3UX22AqJP8603StbJ3G0PwoJ+aGuieY8DH5FTB9x3rPv86ub9XJP2yDRKz   ctLaRFEv92JD10pPW4M0rPO7v2SyT+fLtnnSJxwsZne3tMQIWsZEIyRRwDEmEiXhQhI3VpfK9GQzQMRJ   TZwThvjISdBzvXE+ub1OureVxtpMxjHJv2TpK0nUIo6HMOt2/L5j0K+zkByagCztQULq/BS1V6E6howw   fBrQOPGIm4WYjGPKHmkpKL/vGsp0VWTJtqq/J4dSpNssWR2224yyLeOgyIm5zeUXKQca2JRjawfW5SbZ   Zc1TRUsPh3XM+pV6FZbkPFGObV+NP1rzBLgOkR02FaPYm6DjFFlGSzQFeA5+HohgHogmbQ6039oihudq   9B7N8qsWpy+OMJYxEMNjPhyj7M7mgbbz+CSMqjQ5y/i/yfm7i1/U5hHqDIkkff55QfACtGVP7heL5H4y   n3yl9ZQBFPWOb309EHUSWmCftK3qpeb997U4l8PbjHDkHcTa5lU+/qnO8fuOochLdXZYMv6dagezfXpr   ZlkP7knX1VOQjXInmpDtIs7hGIjr2aaHoqHWeR5pW4mzQgZie7ZF+khKeg04DuJt6t+b5mkNhAM1ADTg   pRYyD3bdzbtkXTcJbe0TgALeDVm3gSy7/TldJCHQ9YPj+gG5MrIoAyzbdN1UNT3hOw4w5j92e7JOQYCL   WAkdGcBUkj0lYKH/MOhX7YXglvceBbw/yLofnkXe/bTRmI2BPtk2J7LlolZJNmubc5FU+/THgXQTnCDb   FXHKNYIjfvJhNjBt24ldJq+fpBKY3qr2lG3rDkXVPSi9WCS5m0zvk93jllTvBTRD8VSfMD7c0TIUTT/t   i4zVOkZFuniDSBd4pLIqM24ExcLmtmv4BqUBFA3H5OeRbxkZ7eJNonk5xTyfHYRBN6uGwk/b0p9SDus8   AZ5DXzZjNOGgsJcxDnBQ2Kv7vHW1I04ioQY8SlPFxWiqUISGes4SCDvutrxwstQiQSsnQy0StEZkJyRA   Y7Ay08dtv+CPtERopCWYowiBjiIEo+cvwJ6/4PVnBdafpawZO37fN+hOPLUNtEDAWacvZJ1kXNPfGc3y   t9PmH/aU8896wrbQzmfpCcgS0S0EBWAMTo46KOgl5mpP9TbKiml7fbT6F+2gv55wLJSj/k6A4yAf9mdT   jo123J+BWJ6Li18ICvltlyan74nxTMQ0PiKeh5wyPWS7PvxKkXz41aXpaXNkPBM1bTrE83DKoMXhxo9F   tf4uuN6W9uz0vDxBluv9JaWcy2+7NDkvT4xnIublEfE85LTpIcv14fyCIJHfdumEdqd0BGQhp7LFgUZi   apsY6COnug16Ts4vhn8t45eCv5JTR1icZ2SlmZdes/svk8WXhNBinQjDcj/5Y3qhT5WnPLByMNBHmMi0   Kc92eua0E49EpYl6XrVvbKa6a2StQRpW0tIud1VX+2/q1tw21duW84fFMlne/TG9Ta5uZtPbpZ7UI4zC   cEMwyip7zMskF+KQlussIpgtGhGzzjbZbk85ZXeEKhhX/j0XT2/xYx3TmKhv8nM9VzgyoYZA8KCfUGPA   dNCuZgFEXUfeA4YFjqZOvZ/OY+422xCMws0RAw/6VYGMCaD5YARmnvd00K4KdraLCNAKRsSgDO2DkmAs   Vfp2WZOqqazI4uWqBuNG3Du+BY4m2fY/uOXaEsAx2hOsT7PZxyTgRENUcNzs5z6r811WNsnzOSeaJRiO   ITspu1VsHC0ZE+u52tfb+GhaA8fjFgm8JJhLmThmk4cjMCs3q1Z7WEzn7THOpCRwMNA3fnxkQaCL8FNt   yrAtP12qZSKjd684AY5jfyA6FNA7/rr48OF89C417bddWpWJfZrXNMuR8mzd0yD9rKmrbohmwGBE+fDu   9z/fq/d+1CYE7eN/yhG1GA9GUHvJxESweDAC4d0Ym8JsSVrkqeA5WxY1F/n4DQEAFPVyU3cwZdtPE/E9   Ri5x0E98u8cnQevmImcYJQXaKLWwg4E+WYExdJLCbJSN4nwStOYXHKOkQBu3bOLlsi1UvN99YkEzabmL   y+HGZLvnSiUKep/1msWSoe1Iz9qd/idbDJGtKTMNGO9FkBXCOaNwHTHIp15hKjdprd6kabJSTYsJuh6y   gNFk2h0yhl9zuDFZVVXB1Wp4wJ2Q70CPD0Sg3zMWGzAf1k9pzXZr2rPrCoBRrZ84z9gXGlYF4uKeX9XV   9Fato0Ab7w43SNjaUN6F9UDQyb4/bDjgpmeYxXrmdkElo6fXg56zS3VOsTVRwNsk6+YnWakp0MZp7U+c   b9QFg/Wze9K2JpObz3dzyguQNgXZKMf22hRo2xw4ts0BtlETz8BAH2U/IQcDfZyMwPKBMC9hU6BN8H6p   wH6pnoTd8IwSdJ3L5Xz28WE5lS3ToSQmos3iZtIerSA84E5Wr8nt7DoqROcYEenu439HR5KOEZGan010   JOlAI5HrCJNErfS6wkJRb/smJGHiHePDEarVv2RrFxOjNYSjUA6sxXg0Qs69/By/anKtaJKoVVZK5zF5   euLDEaLy1DA4UfT+R5OHv+hF3iIxKzEbDQ4zUjPRBDEnebTioK53dvuJkZ5HCrJR07FlIBM5/TrIdc1v   6Dt++iRmpf7ensOM5N9tgIDz63T55e6a9+sNFjdzrrdHAW+62bxL6uy5+p5tyGYTht3navxOndXyYNit   PuVoFQcY21cUxSFvshVZa8KQmzgC6hjAtMmKTL2ax/jpPQp58+2WbpQQ6KJs7exgkO9ATz2/H6f+yrox  
   kTtS91ZkP1RtxE12mnDALbI6Twu2vcUxP29OGOKxCEUqGtoCX4zHIpTyImIi9DwWQb1NljaHmhnghMP+   ZD798+6P6TVHfmQRM6eK6DjcyBmQ+njYTx2G+njYv67zJl/zbivXEYhEn3fw6ICdOOPtsohZr1GsWeIW   RbxxFcFgPaC366CPtjwascdVMoN1TF9HUJ/awgYkCnE1PcQCZkaXHOyN79Jm/URWaQqwcbrJcP+YMQg8   UpiN+LzbAgGnHsVH3GAOj0WIuAkcHovQF+K0eKx4UWzHcCTyI2tUAsdibu4XUCBx2uqXtBsuxiMR+HWs   GKhjRUTtJIK1E2VTAwtCXNTHgRYIOSvG2EFBgIu2PYGDAT7aRgUO5vhOu6iTnyxaJGaNeFqCOEZEonZT   EQcaiTrqtUjUSh4BY/v6Ox/qg684HWtYEYxDroR8POhnTKpDAjQG9xYI3QHUHg9yroHzmYjPVTEmV0Vc   roqhXBWxuSqwXOXNdmMz3aw5aWQ++ubu7o+He1XLkFdsuyxqln97zGp6Hxk0oFG6vgljMgxxoJHEgV5I   PBq2r5uade2Kg42UEwVcDjFSy7HBwcanVMhuX15zrEcWNlOOG3U52Ei973oM9omnQ7OpXkqO9Mg6Zr2K   eHq7nM+m5J6Uw2LmbxGdKUwyJha1O4VJxsSiLj/BJHgsaufNRnEv+Q51WNzM6lgBfDgCoxEGDXiUnG0P   3RPUusFGca/I2JcrsibojcpNMZibIjo3RTA3Z7fL6fx2csPKUAOG3PohcNnUr3TzCQ162ZWnaxiMwqo2   XcNgFFaF6RqgKNQH40cIch2fb/My1qRBO/2htsGBRk4bgbQObTrTHzm5MOTmtTlYa9MuViQ+ZLJIxMrN   +BOKefUW/ew72jUMRmHd0a4Bi9Iwn+FCgqEY7B/SoE9y9VfUuIAuVhRmS6piwzMqErJyGi24rWL1PJA+   R1VmRV4ybuYOhJz0wX+PoT7CET8+GbJSn725MORm9eH83pss7dOr9t1o9TZdI+sk2qQNJIBj6JpU/YHj   P8Gom74G3GFhc775yZ2jAQ1wlDpr6jx7ziJDAZqBePQn4KABjtI+5WF0EADeiXCvzrkn9xFOFGSj1nlH   yHW1R9je3l1zqimPdu0PH3m/vOdgI3ETBANDfe/a7e2Z2o4O2cmHawQUcJyclSg5kibkEnbCYJ/g5ZnA   8kxE5ZnA82x+f7eYUneFMTnEyNitxGURM/mNShMMOOlrJTw6ZBdxehH260caG66+pcP2qOs/CQIx6G2R   RwfsEYkTTJmmPgj+VWsasdOrkBPnGNWuULznkhaJWYk1scFhRmptbIKAU786kjZNTZaeyJCVM36GBEMx   qONnSDAUgzqxBwngGNzXC3x80E9eNgsrgDjtaz2MY8lwAxClm3pklViDhcz0Scseg3zEFr5jANMp6VmZ   Z9GAnVXxIXVexFsgPg77z5Nsl+YFx92hsJdXpI5gwMmtAh1+IAKnAnT4UAR6B8THEX9E3WfjiF8OljiV   UY8iXv6bCKABi9LOh9A74JAAicFZT+ywgJnR9QF7PZwOD9zXoc9rnCjMRp18NUHUud0znVuo9RD8e0CE   7gERWzrFcOkUEaVTBEsnebX7EUJc5NXuJgg4GSvKe8zz6Xcf+e+YQwI8BvltSodFzMy3uX0c85P7aycO   MTJ6Vj2IOGPeRkYcoUhqw4J1qrZ9u6a+zRTwhCK2q05vD7tVVvPjmRY8Grswwe/+Op/yOn6QYjgOvfsH   KYbjsBa4BzwDETndTsAwEIX6fjDAIxFy3sXn2BXT+0InDjGqVvINbnJfE4gXfYu7EifWYvaZXvceIcBF   nlU/QrBrx3HtABexdLUI4KGWqo5xTcu7+VSfxcZ5vuHRqJ2esxaKenW7Qd6gBOAHIjyleRkVQgkGYhzq   Wp2Msia+RoFrxsVjbIkQNIWj0h/5QYLBGDoFiJ171DIQrSry9WvS8Eu4qwnHE01VR0XSgnAM2fyqBznE   HbMwSSjWeey9dT58b51Hl/HzEWU79ocM/47+3o6q8CxNMF5W11VEqrX8cAQ5zNs3T7FxWks42k/6OwOg   YSiKbGjb1apxoU6agXh7WXXkTVeFRIW0TGhU8qtpNop6yX0ak0St+0O9r4Tarf1Jdj+5F+5Y0Gh6aYps   fAUzzokPR4hpR8VwO6pfaubXMkc87I+oL8VgfWlsLBIRozMMROHXXic+GCGmHhaD9bCIrhnFiJpRfWdb   pI8R90XLByN0d2lEjM4QjNLku5gQCg/7yWtwAD4YoZ1yTtariCgnBxqp6/+p83XW35mRLAca6e+srpgB   FAp61cw2sw48oriXNcjrSNRaVNV31hC+h0E3c/SOjtyNvdY51YGJ435uCzkwymyHHDJvmVfewQE3r+9w   YjEzd70/JEBjqN/GLNwmjvv1aqOIAEd+IIIe7m2igrSKgTj99GtUrF6Dx2PP7xk0am+3NuLmSkcH7ewh   vC1AY7TVX8ydbSkG47DvctOARmE8iXbhATev7/A42G8oqlS1RW1p5iSRLQBj8MaZ2BhTb5bIbW16GHPH   1KliqE4VkXWqGKxTRXydKsbUqeJt6lQxtk4VUXWqGKhTzW0x92nzJJgxLEcgEm8EGx69xoz4wqM9EdXi   iIEWR8S2OGK4xRHxLY4Y0+KI6BZHjGhx4kbeQ6PumBFxeDQsYlpKEW4pY0fZwyNsxn6oJug4l/OHBfk0   9Z4CbZz60SJBK/nJfo+hPvpiSIfFzIz32BwWNdPX2TgsaqbX2g6Lmun3scOCZuqbZScKs7Fmjj3asf85   YZzPcoQAF/FRxp/QblHqj9TecMe4pul89ulbcj+ZT7625yYxHkdhksFYTboi7hWJOAYinSdPFbEAw4pQ   HFX51YybEJOEYtELpEuH7OSq2qOH7PSKG1YMxtlnWf0GsY6agXiMyh1WDMWhd/1hxVCcyNKMtSzWlzgP   eCFBKAZjih3gQxHI1bEDh9xqtoEvV/SQnfGiH+IYjBRXE58Ug3HyfWSUfD8iRpKKdXQcJRmMFVeLnRSD   cXTTnWciMtZRMxAvtiYTY2oyEV+TiTE1mfqSKptvEOukGYrHGcBjkqFY5AfooGEwCnmwAStCcXSnkTXQ   xTVOPPYbYIE3v/RHdaZf42NscuvjkF8nHltv0r6d/BYQ/J6a3v2f3k3tMdBHbmZ7zPHpNU78k1t9HPQz   ZpJM0HOqcOl34rRHj4G+dcqwrVPQRe+jGBxoJPdFegz0EfscRwhxkfsWJgg76c9yAk9w4nYhGdqBpPuc   0bxZJGilNzEG5xqJW0X7u0TLv5wWd5ObWBcG3Cwn4GK+FYy+DczYBQbcAYb6NrH/FrGuIeiTKj3m+OR/   bYzTXVL5L8YpMagFicZZJuSwrpmaIkBa6PmT9NA8VXKM/sp5PAcawlFkdUKdvwcN4SiMPAUNUBTme+fh   983bebOqmWwbTh4cScT6MdtS33GyUcjb7omRrPJGNIxLtnDIz35Bdujd94j9mYJ7M7Ufdnt5cMu5zUMR   mpVQl5AWj3R7z0LmQ75hlGlF+TbOxBW6O5X+oFqLPV2nKN+WGJufUp0mC5iPK0T0MqG0zlKy3zMMRaEe   lwUJRsRIsvI5Oo6SDMUin1MGGsZEif9JR0sg2rEnHZNNhgOIxHnbBH/7Luqdu4E37Tj7jcD7jETsLxLc   VyRiP5HgPiKx+4cM7xvC3y8ktE8Id38QfF+Q04Z1m2yj27mDSB8zjtxRYHH0vo/0qV+AByJwz9F+DJ6h   rT7lJ00oRbidzEAfk9/FDPUw9RrLIivJzo6DjPQd4NAdEB9j9nB5DO/dErez4tCuilE7Kg7spsjdSRHf   RVFt+8IutLtAqd3xi+0OL7c7NT2TpJt/0ZwnzPF5MwzkWS3QAEdR+cn1H9mAmXwMkwsPuMmHMkECNwat   IfXWOsh6I9/Qn4f0GOgjPw/pMcenX+44vtFA73j7OOqPcKNe/iXDV0tdKuKvDlHDTZnS9E1WTdBx7tNa   ZMm2rnbJ6rDdEmtBj3bt7T45ehqdJjZA2Flkz1lxnEnaZBy7owjFUZ8z+r6IA46kPzd2M+JEch2DkejL   PhHHUKQfh7TIt7lshuOi9R44otqTiT6D7cIBt74KnaPsCL1iKA5rWQ5qGYp2kI34G4W0VIG47a3BvrNc   hxuJXFWCdSRnH2pkD2ru0X/4qX+sHa2R3ay7eXPGIzqLdKzd2hO9yJkkNUHH2a5s4/TcLRKxMnruNgp5   +2FTWjxWdLnNhyM8p8UhiwmhBX4M1mwgvuOMiJjjEME5DsGdjRD4bIRgz0aIwGwEc/d4dOf4qP1fB/Z9   jdqRfmA3eu5O9Pgu9OQd6IHd51k7zyO7zvd31+ZAHAjbKOqlt3cO65qN7CIP3l045CYP3z16yE4ewIMG   L8p+X9Vqx6PTXC4xhsc7EVgzPsh8z/HP1K6MwbnGKjkejEAz9pxr1AtJ6V0Fg3OMjPWS4EpJxrvH4BvH   x/eEqZtVGRxu7HbXFI28mR+5ektix0ob3nl2JocbGc/bADzsJz53A/Cwn3iGHYB7fuaJbDbpWTknchkY   6uNlYvAsLudzehYGz+EyPycPRD3Ydj+/56x/7ynPxluNaYGek/HcvKcwG6MYeHDITSwEHhxyc56hwwY0   CrmguWxvTi/y5PP0djqf3CS3k6/TsVaXs42zewnPp4sFRXeCEFdye8XSSc4wrvKkyWRrv0o3yaF8UWtZ   m2wnO1JpPbp9DkrCsV7qqnyUHYTHXBAGl8MmIOq6qFZyFJbU5+/IcQw2aD6PMJ8HzRcR5oug+X2E+X3Q   /EuE+Zeg+UOE+UPIfMkXX4a8v/O9v4e86U++OP0ZMq/2fPNqHzRHXPMqeM3rCPM6aN7kfPMmD5ojrnkT   vGYRcc0idM0/dzt+FargsPs8xn0+4I668POhK4+79KFrv4iyXwzY30fZ3w/Yf4my/zJg/xBl/xC2RyX7   QKpHJfpAmkcl+UCKRyX4QHr/GuP+Nez+Lcb9W9h9GeO+DLt/j3FDPQg90Jbd5na3pE1eZ+vmuHqWHCsk   A2LrHSfiIvoKIE5Tpzv1bLvMyP4eBbzdiKPOmkNdktUWjdtFk46f1AThkLva89WV2bvLxPnF5eN6J/Ln   RP4j+T56rQOABr1JVq6Tn+cR+s6ARNlka5ZbcogxW690yFVRjV+yhRuwKPLznXhMfv7CC3HCh/yXcf5L   xP99s2WJJWcZLz78yi2HLhr00sshYkCi0MqhxSFGbjlEDFgUTjmE8CH/ZZz/EvHTyqHFWcZk3dS6fSKs   QnAw2/f0kqxXa/UD6td9Q1HapG9t6vcXx0/bvBVUPaDw4siSybjyjvJsXVlkGA3St/KMiK3dU6tNFGIx   8GnQfkxynt2gbXtZ8Uuby0LmyBKHSoBYjFJncoCRmyZ4ekSUE4hHIjDLCsRbEboK8Env4fUr6XBEmMbt   UfIht+zovz6Pf0KF8VCE7qPkqapLwvMNhLcilHkiv8Qo5jYIOekF3QYNpyjP1dYR3QKIpMjKx/GbFcK0   Y99USbpZkZQt4nhUB4Gy1t2CABepxJoQ4Koz0uHHLgcYRfpM1ynIcT1mslymRf53ttFLm5oqGX9kPG7w   oqjDSap8nckKqZCj/vGnQmI8EGGbZ8Um2Td094kErF3ZbauKbVXr0TRhRdGgyImZi3b5IWVjcA90nU22   S9bVbiX/Qr9JPNqx19lWP4ZXVZKeR9LzDZSTDQc0WDzVuFVlxovSwY5bRJZUMVhSm9d9t6Q8SWWOVTLH   MloM0OBEOTRr5v1skb11lWWHZFdtZBWnVhirC6gp26phvBEhr7oZSCG7hNTTY2Hatm83iXiqDoWevRu/   PgJAba/ab1CWV7V8VSVbdwHqT+lmQ/oFYZMdVX1IT6Oe8m1qZb78b6quwwxfmaRqA6TDSlYbpWhI5QRg   bfNmk7xU9fgdlEzGMq2r/StZ1UOWayM7e5zfanGWMfu5l/lOULWA5djmjZA3HPlHWpxtVO+37qqyeax2   GeEW8siQNRG7tCj47pa3IjymzVNWfyA4O8KyyCSp0/IxIyeoDdpO0XaR5V1Etjqo662zIm3y56x4VT0D   UrkEaMv+r3RdrXKCsAUsR7Hese4Zi7ONmRBJ85SWZmGYU9SgAIlBzS6HtKy7vCj0oh7ZySINPSA2YJY9   BdIJg6jAiVHm8pZLXvLN+NGhy9nGatOeGs0oHx4Lmqm5Z3GeUVa+ySqV3ZoL9iVDCjCOKprkKtKHPXfX   M3vX3u78MKgHi8hOMo9HI1DrP49FzSJb11kTFcBUeHEK8ZRv1RHZzDTyeCRCZICAf3coYhp3TOHF4fY3   PRY0c+qLE+cZD+e/sq/VYh2zvNXKdySfJmyLTGxWDWlynlFNIKS/EHUtBLsuOa5LwMXIBZPzjCpNiTKF   gB5Gx9VFPS/5BjwynolTQvzSUckyU+pXrFW3s1o959VByF6nzLB9JWSPgxBh0GVHLvU8B2s847GWeV+9   0HKtBSxHrcb9vPGGi/rers3R36GKTdY2Z5vDOpNJsyY5ewqzqQHUvki52hPu+EX+NyNtDcz2dS0tWWhy   gPGY3vofZK9FQ3be5QJXK9Zp09BK/RGxPXrilHxdJub4GvYIxWM9s2jkeGjNuFob9bwcIWD6UV/+TPQM   cZlSKn0bdJ301ryHYNclx3UJuOitucV5RmpreWI8EzlHj4xr+snO0p9onjJ6uHDv1moTyakH0Jb9wJ0U   OOAzAgfuwOGAjxpeyNO3L978baWeFwqhdlDcq0O2iq1+JDbaifB9hPVFnkwWt+fJx9kyWSyVYKwcQAHv   7HY5/Tydk6UdBxjvPv739GpJFraY4Vut9FBFzXCWo9eC2pRvO6zFRbLKqLoOA3zN9j1L2HGg8ZJhu7RN   6mm2+mtC2DXa5UyjPpGOnBcm5dvIeWFhgI+cFzYHGi8ZNjMvnlL5vwu9qeHr+ft3H5JqT8gRkA7ZRTa+   vYFpw64WGlV61dG6UOPCrFQLF0bXmBjfR9iom//qSr0yfz1dXM1n98vZ3e1YP0w7dl7duQnVnf2HX++5   2iMJWe/ubqaTW7qz5QDj9Pbh63Q+WU6vydIeBbzddgyz/51eL2fjd3LAeDwCM5UtGrDPJh+Y5hMJWWkt   6gZtUU+f3D7c3JB1CgJctNZ5g7XO/QdXyyn77jJhwH0v/76cfLyhl6wTGbIyL9rhgQiL6T8fprdX02Ry   +42sN2HQvWRql4hx+es5MyVOJGTlVAhILbD8ds9wSQhwPdzO/pzOF+w6xeGhCMsr1o/vOND46ZJ7uScU   8P45W8z494FFO/aH5RcJLr/JSu3TXddIkwJAAizGH9Nvs2ueXaOO99BU9+0RU3+MX83vk7b142Qxu0qu   7m5lck1k/UFKDQ+23VfT+XL2aXYlW+n7u5vZ1WxKsgO445/fJNezxTK5v6NeuYPa3usv+7ROd4IiPDKw   KSEsjXM5xziby/bubv6NfnM4qOtd3N9Mvi2nfy1pzhPm+brEJeo6CrORtuYCUMe7mPBuKQsMOMkZ78Ih   9/jNyiHWNx9WRb5mJMSR84zE0xttCrMxktQgUSs5MXvQdy5mn6k2iXgeRjV0hGzX9IpxVSfIdd2rCFlD   OIPC5Twj6yY0OdxILS8uGzDTyoyDul7GzXKCEBf9p6N3Sv8R9Udj98n0enY/mS+/USt0k3OMfy2nt9fT   a9V7Sh4Wk880r0fbds7ekBt0b0j3kwVX6fRdZovFgySY7a9P2/bb6XJxNbmfJov7PyZXFLNN4tYZVzpz   nHfLmexATj+RfEfIdt0tv0zn1Gw/Qbbr/o+rxfjdvHoCslBv754CbbQb+wT5rt+ont8AB+fH/Qb/tkt+   YwDgYT89ES8DrYL+XE3s/KlrJTXmJOttfNDPSiFfMRyHkVKeAYrCun7kijnX6F2VGrt+I2fdiYJs/3yY   3PCMR9Kxzu/++qYH3G3K6rZwQXzkgUqgWO3V0PUt5xjJHSeo18TrMmH9JVZnCekp8XrHWN84ojIM1YPs   KjBQ+3EGpMhodM4d6c/xkf48ZqQ/D4/05xEj/XlwpD9njvTn6Ejf/ISTDCYbMNMTwUA9b3K/WCRyIDH5   uiBqDRKwkuuiOTLjMWfPeMwDMx5z7ozHHJ/xeFjInq7uOlOEPWXb1C79FI/6vm9IJjef7+ZUT0thtgVP   t4B8y+V89vFhOaUrjyRkffiL7nv4CzDpVpyjO4KQU/YK6D4JQa75DV01v4FN5H61BSJO4j1rcoiRdr8a   GOBjdfBsMmRd8LXQ3UIde58gxJVMb5fzbyxjiwJeesVvYICPcBaYycAmXgk/goiTU8I7DjEySniLgb4/   7/6gLSwyOcBInD4/MoDpzwm99pIMYOLkAZz+jLS30l2kid4DZpeNf0nCgmyXPrI82dOfNABsb87WyedP   3YvM6Wb0gkEHg32bVcHxSQz2bbMi23WHwr824w+SDjlCkXaHgh9CwiG3+FHz3RIOuZsqNn2OBjjKY10d   9on8cz7+bE2MD0Wg7NwA0yG73lzqUI/f+S2ggOOoK0j2daZel+QEMXk4ArOEomVTLf1VuyYwpZoNmZv1   E18tYdwdkcwGHvDrkXPcTzAdXiR5MzTqdNB1tcnUm3xFWqv9aKg3Mabx4ol8ty/08bnJz2RdVfUmL9OG   mvOIBYsWWYMjlnA0Zm0IOrBIETUiYAhHeWTWW7AkHItRA3t8OIJ4i18jhn6N3huE+UtaFjWLJFU1tcq5   5pUZwXIEIlVlTFoZAiyG3v5Q78rGC9Hz4Qj8ctXz4QiqSMi7Ni5jQFUwrkiyH4e0iAjXGawo6Vb9V7fr   V1qSY4A8FKF965tubjnIKBPuGJauNWDbTR1WmYxlWuWP5UHX77qiJ/gcErG2LTBL26KWN6KxDrbQqutz   aLLk5XbyieI0MMvXNpq04eSJAUzU8m5QgI3V/Qj2OdoPy+yRLJQMZJL1tNqqN9ml4jvdadKAnXyTmxjk   O6zossMKMKluli7/ZN+JRKys3AZ7farnZN5Iatdgqh51DEYi1ye4xI6l+1Fl9kJRHxnL9JSKJ5Vyup+R   7N9f/pL83Kn9ftMP5xeJEC+HZFOn2+bdb4RQ46XgtXTjIJfjX0dYaF0DcxIAHfufGnF5GW0zSbD68ICb   PODFFFac/ffsldp+nxjbpHtoulo+lCqt6kyIjNLuIAYgit65i3r/uWjQS517AfmhCLT8hAXhGPTSjikG   4uj5lKgw2jAmSnzCobM/x1EGsVU2MdDXHG/AvvYXDD+kAeIxWlkbtJ1t/jNSxQItp9ptrdLdI907It/K   IG9F6HKa1vHtIcilO7HU4wEQHPKzOsMei5rpmwGiAihGXj6/i4rhCMAYgnT6hgdCTnsHVrra5qEItMFI   D0Gudu8/uq7lICP5trY40EgahPQQ5GJUZQ6JWGOyHNkdE/mCKtj8WgNV2XHbeTGRbrupK0ogl7XN7XxY   /E0e8gQivklSjjOaV6Ge1As5ik1e8uZJtTPr9mij72X1Uv7/1s6guVFcC6P7+SdvNyGTyZvtq9l0VVdN   ldM1W4qAElOxgUbY7fSvfxLYwJXuxXyX3qUC58jICAsJPqVZZX+YFgotA5TzzzHMIv1Mnv5Ms/MlGbMg  
   gTslUSGUgyb9srDghi6FlBOMrh+07RPPBQtl+MzCTWXcBEIZQwcM6q5w9D07fJ+6IFksq6hPwDpfokAo   43YOP6kKGOk79udNdql9bTqTmLOoSJ6eHv5SDMSHYOzEBwdCcHL6QLP3ftDGXYXW+gjEufqINNzWY5zP   ry2K6zzF2ay15hHX9Vjgc5+3g2vuBnEuvOYmjPPBNTdSnA2vuQmjvn70Dqy4G8OY4GqbKMaGVtoIMS64   yiZqspVJtiFbkKcDuy5bj0EZL5giF3KMEUt+CzDGhyXjBNjcl2tTGhmU8cI1mYs1WWw6o4o7Z1Shr4di   qR4KZVplTHJWLK0y5BijpkUVSy2q2JRWKfFyCcpaFtIqx+1wWmVMcla0dRRLrQNNqyQQ40KvWYV0zSr0   aZUszLjhtMqYXLIqP7SYVjnuoUmrZGHW/U2p/SYY4bTKmOSsmguCcBVA0ioJxLiUaZUSz5WApVWGHGtE   0yoZlPGq0ip5OrBvSasUBVIZUFolg1KvOleShal7Q66kgAd+Xa4kg1Ivmis5Z3gT8v5XyAVGXa4kg4Ze   OFcywCIfmGtFKckGvWPKoIFXkzYRgQtO+IuX0ybizetfBeTY2IymTYRcZARftqWUZFNUKZuyEGyDK5NL   WbhtAl5BnSGRR3EZinMl/b/hXEkChS48VzLkIqOqEfK5kuEW9HyRcyWjrdg5I+ZKDhsVjYXJlST/xg9d   bCmaXMmQC4yKXMmQC4zqXEmepnZNrmTIycYXrTLou+hzJXma2nW5kjEpW79opV8CJ5orSSDqgnMlCURd   WK7kRHAWtHlzuZKz/2MNm8mVvP37GfU8Mw7NwT3zxzZLbvxSvdUaM6O4Xw5eobFhsZSNR3L3KLYdwd1P   X5XF1iO4Ku6Xs+1IBgNTii7zU8Dv+lW1tZT5Ke2kqK2FzM9pH9XnFz6x5jNGnwrO/KQUZ0MzP2MysG7N   /FyUcGVhmZ8hFxjhTi3Xo9V1Z6W+rKojK/RidXcu0n3Lhkv70lVdfUFfuJZrBguEkYKddhRmJ4/C7LaM   wuyWR2F2G0ZhdoujMDvlKMxOHIXRZn5y7IIZrwQ28/O6UZH5GZOMFb4W7YTRqJ16NGq3MBq1045G7eTR   KDzzk1LUhmR+3vaPDVjmJ6Uk24tO98L50MzPmOSs60M65wxjQjM/I5BzApmfBOJcu6+4aveVN8H9aiHz   k2wC2yyf+Um2YO2VzfwkG7pXqxI6jjGquoxSimi87UWv5dofOtLCpIiSf2MpogzKePGfEjZFdNwApIjO   Gd6kazNxiijZpGkzUYoo2aJoM2GK6GwDlCIacowRnCyJU0TH/wIponOGMWm+A77+FXXP1rvmOhVdo1qj   vvAFKO/1Z43Se0V5r9IZ+Go/MYR3+gk291n9U5B26SnIaGMKPqwmCJgy4GcKrfhMod3y3J5dfm6v0z1j   2EnPGJ71z++el57fPSvnrs7i3NVZO3d1luauPv5Xt2X17vZ2NzMv39vu24/V1zqOXTZ/NdUWucNn/n8a   U/nNJrN19dL5vf/Oumx1AQIvlfBvdjitfwuYY5fNSN3w+OQ/mLM59O/JVXWx+hU4SoU296dGN2KT71j8   kb4e6vwjLVx9+1cTzerkBY6dm5+uWzN7VNl5fiqhHhaqRH83AmzyNR+5fUjSsjNt1pV1ZdMsz03TZcCr   i0uOqCT/Wtz7+lONUpGteTWpqfL2s8FiHAWc+p/7c9G/sGyK/stA7BEcupustSbdmww4P2KSWv/bH1Fh   +iNCpAScOY+vXf1hqtRcmgd3Zrq2tNoao5I3P5Sm6vrvGA8AWaGSynUnlD9jjd9dV9zcIJfSpfv+NXf/   Zru7yGuLCjRSeaW1J9P+ktpkVVK5rTsfdcV4UrL6BqSzelKynqoN5/IV5t2JvpUk6aL3l7WSBGklyeZW   kqxoJcmvaSXJ2laS/LpWkiCtJFG3kmShlSTqVpIstJJkSytJmFZSu77HZ5pn+d4MvTLoJ5WlJXtrjE7s   QMFpTadSOk42psesaZCTXeCjEvquo6IaRo43ApGcARb5fJe8zwHGnXOU9yqOfOR44xEJ3ItA4vxMd9+R   tTJmyOTx8W/+OvfhGlqfW/R6ensz/h7SdWh9x3t1s71vmpWqWUWo5VcRaqeVgIYsQuD3hWOp2f2Z+TgE   sC/MoLy3GSbz085Vn3W1d9SUEEn4svrIpDb7oSnixkrmn0Zn/WmoEc5JIRBx/Uwffk/+SN+zbm/apz6x   CZAyNGf3eUc6843krJX7DpPW3fDp1ATn/G5b4ndS+gnO+W2edZ2+0gnO+r+3WvWVnKw2KVWjxiHHGDWj   xiw8c++zB/WgEwsTtw9G2mDncOL3edIb/Bw+87t/G9NAK33MmcB0MOvXIhgBxpE2XQt7PERdpwaRnBpC   vwH97+vulAc6QtfdCV9WFliqZgSow6a2bjuDHMjIEBPQVRz2Dum0Oh0OmKJHqGf9igDD3oRuauR8cHuH   NPqd3hDW4+7VFCpHUdtp/UJT190JD9xbDXuHdH838HaqckwzYtS3L9+gz+P3p4YaajN+d8Kf/YwKIOj3   JwYkI/i6+8R3/ivu77HXr/cxZybT+fajiM9tMij1auY2Q042vmiVL7ITaGwMOvM+ppnvOZerr6gTQS2H   DjEcOkK/5nVlAb7fnxhyd2uLGPr9qaE9+PzaAlh+iFKRDbi6T0RkafuZUVA0QKGrwCz0G3adEtffcv8G   JCNDTObSpR8nQDMAxOF+O+ze2A78QHOM+MqiATRub0pXbzWCu90Dfl+++pTE6hP6GDOM+HwDPdnsHTmT   R4aYquzoF0iobNdmfhE3QBii1GvTMntKD6VFrhszKrDlQN9yBIijzm3jZ5vdGYJ8B3Ms9lV1P7aE+q4Y   8TV5CWjc3pS+DveqvskY5tzXAWSF+EYSqwUblY1alYV/2Wz0y1Y37ZtiMi7kWOOmabh7HrZEzQScgLP+   TVNh9zxsicgkWICxPmT6K8BYHzjxFZMza5MZm+av+e05k9XSEIycXfuYjE+v9KMrFpQzhrAUcPycQKFL   VQPC0fu7t2sxULvgYM59qxWVewZP7osypPwiZpRft7wbJDSfQJzLt92+6aLLTCwouHKah+bBr0TRJHgB   E7toftxgfmTNj/26f376VVHhc5qzD6tz+BRv3D2xy2ZoUTdRcKcMe8wOB3ThtfsmttT1K+0QiHN1NfTT   F4GRE54Uu4hrB1y32Bxc/yjkZsan3//697F/SrEfPxquMLZ/Dnm1fcFBS0qL8t3fwvXzkdnhvW7Lbn9E   yuENfCln05Zvn9AToQIe+JvWL8zRz11am2I5baIgKKOf3O4u/VXIYnaKMl5fqL8GdRfYO6HU60eGkjIt   G+RHKOAi4/Dr4YrbmwsonaORd3hyxlw6U9kSGL4S8MjvyoQX7GLQyHuo6w/rbqE/TFq4+2l/lw7qGUNU   ynDzD1yyKfaf3/4P5m1j6i2mBAA= EOF  # We are renaming openssl to openssl_grpc so that there is no conflict with openssl if it exists find . -type f \( -path '*.h' -or -path '*.cc' -or -path '*.c' \) -print0 | xargs -0 -L1 sed -E -i'.grpc_back' 's;#include <openssl/;#include <openssl_grpc/;g'  # Include of boringssl_prefix_symbols.h does not follow Xcode import style. We add the package # name here so that Xcode knows where to find it. find . -type f \( -path '*.h' -or -path '*.cc' -or -path '*.c' \) -print0 | xargs -0 -L1 sed -E -i'.grpc_back' 's;#include <boringssl_prefix_symbols.h>;#include <openssl_grpc/boringssl_prefix_symbols.h>;g'
  > Copying BoringSSL-GRPC from `/Users/gr0nk/Library/Caches/CocoaPods/Pods/Release/BoringSSL-GRPC/0.0.24-3175b` to `Pods/BoringSSL-GRPC`

-> Installing DoubleConversion (1.1.6)
 > Git download
 > Git download
     $ /usr/bin/git clone https://github.com/google/double-conversion.git /var/folders/3n/wjddhk5s4b9_8vrk72p0c4gc0000gn/T/d20250110-35065-ji1ki6 --template= --single-branch --depth 1 --branch v1.1.6
     Cloning into '/var/folders/3n/wjddhk5s4b9_8vrk72p0c4gc0000gn/T/d20250110-35065-ji1ki6'...
     Note: switching to '361924fb61c043627d4179e941a102d543f6efa0'.
     
     You are in 'detached HEAD' state. You can look around, make experimental
     changes and commit them, and you can discard any commits you make in this
     state without impacting any branches by switching back to a branch.
     
     If you want to create a new branch to retain commits you create, you may
     do so (now or later) by using -c with the switch command. Example:
     
       git switch -c <new-branch-name>
     
     Or undo this operation with:
     
       git switch -
     
     Turn off this advice by setting config variable advice.detachedHead to false
     
  $ /usr/bin/rsync -a --exclude=.git --delete /var/folders/3n/wjddhk5s4b9_8vrk72p0c4gc0000gn/T/d20250110-35065-ji1ki6/ /Users/gr0nk/Library/Caches/CocoaPods/Pods/External/DoubleConversion/77f51e588bfe0e5c4fa6e9c580da62c6-5189b
 > Running prepare command
   $ /bin/bash -c  set -e mv src double-conversion
  > Copying DoubleConversion from `/Users/gr0nk/Library/Caches/CocoaPods/Pods/External/DoubleConversion/77f51e588bfe0e5c4fa6e9c580da62c6-5189b` to `Pods/DoubleConversion`

-> Installing EASClient (0.6.0)

-> Installing EXApplication (5.3.1)

-> Installing EXConstants (14.4.2)

-> Installing EXFileSystem (15.4.4)

-> Installing EXFont (11.4.0)

-> Installing EXJSONUtils (0.7.1)

-> Installing EXManifests (0.7.2)

-> Installing EXNotifications (0.20.1)

-> Installing EXSplashScreen (0.20.5)

-> Installing EXStructuredHeaders (3.3.0)

-> Installing EXUpdates (0.18.13)

-> Installing EXUpdatesInterface (0.10.1)

-> Installing Expo (49.0.11)

-> Installing ExpoKeepAwake (12.3.0)

-> Installing ExpoModulesCore (1.5.11)

-> Installing ExpoSQLite (11.3.3)

-> Installing FBLazyVector (0.72.3)

-> Installing FBReactNativeSpec (0.72.3)
 > Running prepare command
   $ /bin/bash -c  set -e mkdir -p ../../../../ios/build/generated/ios/./FBReactNativeSpec && touch -a ../../../../ios/build/generated/ios/./FBReactNativeSpec/FBReactNativeSpec.h ../../../../ios/build/generated/ios/./FBReactNativeSpec/FBReactNativeSpec-generated.mm

-> Installing Firebase (10.15.0)
 > Git download
 > Git download
     $ /usr/bin/git clone https://github.com/firebase/firebase-ios-sdk.git /var/folders/3n/wjddhk5s4b9_8vrk72p0c4gc0000gn/T/d20250110-35065-hpp9t8 --template= --single-branch --depth 1 --branch CocoaPods-10.15.0
     Cloning into '/var/folders/3n/wjddhk5s4b9_8vrk72p0c4gc0000gn/T/d20250110-35065-hpp9t8'...
     Note: switching to '8a8ec57a272e0d31480fb0893dda0cf4f769b57e'.
     
     You are in 'detached HEAD' state. You can look around, make experimental
     changes and commit them, and you can discard any commits you make in this
     state without impacting any branches by switching back to a branch.
     
     If you want to create a new branch to retain commits you create, you may
     do so (now or later) by using -c with the switch command. Example:
     
       git switch -c <new-branch-name>
     
     Or undo this operation with:
     
       git switch -
     
     Turn off this advice by setting config variable advice.detachedHead to false
     
  $ /usr/bin/rsync -a --exclude=.git --delete /var/folders/3n/wjddhk5s4b9_8vrk72p0c4gc0000gn/T/d20250110-35065-hpp9t8/ /Users/gr0nk/Library/Caches/CocoaPods/Pods/Release/Firebase/10.15.0-66043
  > Copying Firebase from `/Users/gr0nk/Library/Caches/CocoaPods/Pods/Release/Firebase/10.15.0-66043` to `Pods/Firebase`

-> Installing FirebaseAnalytics (10.15.0)
 > Http download
   $ /usr/bin/curl -f -L -o /var/folders/3n/wjddhk5s4b9_8vrk72p0c4gc0000gn/T/d20250110-35065-s0rr7y/file.tgz https://dl.google.com/firebase/ios/analytics/21728684ab4e9139/FirebaseAnalytics-10.13.0.tar.gz --create-dirs --netrc-optional --retry 2 -A 'CocoaPods/1.16.2 cocoapods-downloader/2.1'
     % Total    % Received % Xferd  Average Speed   Time    Time     Time  Current
                                    Dload  Upload   Total   Spent    Left  Speed
        0     0    0     0    0     0      0      0 --:--:-- --:--:-- --:--:--     0     0     0    0     0    0     0      0      0 --:--:-- --:--:-- --:--:--     0   100  382k  100  382k    0     0   652k      0 --:--:-- --:--:-- --:--:--  652k
   $ /usr/bin/tar xf /var/folders/3n/wjddhk5s4b9_8vrk72p0c4gc0000gn/T/d20250110-35065-s0rr7y/file.tgz -C /var/folders/3n/wjddhk5s4b9_8vrk72p0c4gc0000gn/T/d20250110-35065-s0rr7y
  $ /usr/bin/rsync -a --exclude=.git --delete /var/folders/3n/wjddhk5s4b9_8vrk72p0c4gc0000gn/T/d20250110-35065-s0rr7y/ /Users/gr0nk/Library/Caches/CocoaPods/Pods/Release/FirebaseAnalytics/10.15.0-47cef
  > Copying FirebaseAnalytics from `/Users/gr0nk/Library/Caches/CocoaPods/Pods/Release/FirebaseAnalytics/10.15.0-47cef` to `Pods/FirebaseAnalytics`

-> Installing FirebaseCore (10.15.0)
 > Git download
 > Git download
     $ /usr/bin/git clone https://github.com/firebase/firebase-ios-sdk.git /var/folders/3n/wjddhk5s4b9_8vrk72p0c4gc0000gn/T/d20250110-35065-guza7e --template= --single-branch --depth 1 --branch CocoaPods-10.15.0
     Cloning into '/var/folders/3n/wjddhk5s4b9_8vrk72p0c4gc0000gn/T/d20250110-35065-guza7e'...
     Note: switching to '8a8ec57a272e0d31480fb0893dda0cf4f769b57e'.
     
     You are in 'detached HEAD' state. You can look around, make experimental
     changes and commit them, and you can discard any commits you make in this
     state without impacting any branches by switching back to a branch.
     
     If you want to create a new branch to retain commits you create, you may
     do so (now or later) by using -c with the switch command. Example:
     
       git switch -c <new-branch-name>
     
     Or undo this operation with:
     
       git switch -
     
     Turn off this advice by setting config variable advice.detachedHead to false
     
  $ /usr/bin/rsync -a --exclude=.git --delete /var/folders/3n/wjddhk5s4b9_8vrk72p0c4gc0000gn/T/d20250110-35065-guza7e/ /Users/gr0nk/Library/Caches/CocoaPods/Pods/Release/FirebaseCore/10.15.0-2cec5
  > Copying FirebaseCore from `/Users/gr0nk/Library/Caches/CocoaPods/Pods/Release/FirebaseCore/10.15.0-2cec5` to `Pods/FirebaseCore`

-> Installing FirebaseCoreInternal (10.29.0)
 > Git download
 > Git download
     $ /usr/bin/git clone https://github.com/firebase/firebase-ios-sdk.git /var/folders/3n/wjddhk5s4b9_8vrk72p0c4gc0000gn/T/d20250110-35065-apws5m --template= --single-branch --depth 1 --branch CocoaPods-10.29.0
     Cloning into '/var/folders/3n/wjddhk5s4b9_8vrk72p0c4gc0000gn/T/d20250110-35065-apws5m'...
     Note: switching to 'eca84fd638116dd6adb633b5a3f31cc7befcbb7d'.
     
     You are in 'detached HEAD' state. You can look around, make experimental
     changes and commit them, and you can discard any commits you make in this
     state without impacting any branches by switching back to a branch.
     
     If you want to create a new branch to retain commits you create, you may
     do so (now or later) by using -c with the switch command. Example:
     
       git switch -c <new-branch-name>
     
     Or undo this operation with:
     
       git switch -
     
     Turn off this advice by setting config variable advice.detachedHead to false
     
  $ /usr/bin/rsync -a --exclude=.git --delete /var/folders/3n/wjddhk5s4b9_8vrk72p0c4gc0000gn/T/d20250110-35065-apws5m/ /Users/gr0nk/Library/Caches/CocoaPods/Pods/Release/FirebaseCoreInternal/10.29.0-df84d
  > Copying FirebaseCoreInternal from `/Users/gr0nk/Library/Caches/CocoaPods/Pods/Release/FirebaseCoreInternal/10.29.0-df84d` to `Pods/FirebaseCoreInternal`

-> Installing FirebaseFirestore (10.15.0)
 > Git download
 > Git download
     $ /usr/bin/git clone https://github.com/firebase/firebase-ios-sdk.git /var/folders/3n/wjddhk5s4b9_8vrk72p0c4gc0000gn/T/d20250110-35065-3l9yq5 --template= --single-branch --depth 1 --branch CocoaPods-10.15.0
     Cloning into '/var/folders/3n/wjddhk5s4b9_8vrk72p0c4gc0000gn/T/d20250110-35065-3l9yq5'...
     Note: switching to '8a8ec57a272e0d31480fb0893dda0cf4f769b57e'.
     
     You are in 'detached HEAD' state. You can look around, make experimental
     changes and commit them, and you can discard any commits you make in this
     state without impacting any branches by switching back to a branch.
     
     If you want to create a new branch to retain commits you create, you may
     do so (now or later) by using -c with the switch command. Example:
     
       git switch -c <new-branch-name>
     
     Or undo this operation with:
     
       git switch -
     
     Turn off this advice by setting config variable advice.detachedHead to false
     
  $ /usr/bin/rsync -a --exclude=.git --delete /var/folders/3n/wjddhk5s4b9_8vrk72p0c4gc0000gn/T/d20250110-35065-3l9yq5/ /Users/gr0nk/Library/Caches/CocoaPods/Pods/Release/FirebaseFirestore/10.15.0-b4c0e
  > Copying FirebaseFirestore from `/Users/gr0nk/Library/Caches/CocoaPods/Pods/Release/FirebaseFirestore/10.15.0-b4c0e` to `Pods/FirebaseFirestore`

-> Installing FirebaseInstallations (10.29.0)
 > Git download
 > Git download
     $ /usr/bin/git clone https://github.com/firebase/firebase-ios-sdk.git /var/folders/3n/wjddhk5s4b9_8vrk72p0c4gc0000gn/T/d20250110-35065-kn0e0 --template= --single-branch --depth 1 --branch CocoaPods-10.29.0
     Cloning into '/var/folders/3n/wjddhk5s4b9_8vrk72p0c4gc0000gn/T/d20250110-35065-kn0e0'...
     Note: switching to 'eca84fd638116dd6adb633b5a3f31cc7befcbb7d'.
     
     You are in 'detached HEAD' state. You can look around, make experimental
     changes and commit them, and you can discard any commits you make in this
     state without impacting any branches by switching back to a branch.
     
     If you want to create a new branch to retain commits you create, you may
     do so (now or later) by using -c with the switch command. Example:
     
       git switch -c <new-branch-name>
     
     Or undo this operation with:
     
       git switch -
     
     Turn off this advice by setting config variable advice.detachedHead to false
     
  $ /usr/bin/rsync -a --exclude=.git --delete /var/folders/3n/wjddhk5s4b9_8vrk72p0c4gc0000gn/T/d20250110-35065-kn0e0/ /Users/gr0nk/Library/Caches/CocoaPods/Pods/Release/FirebaseInstallations/10.29.0-913cf
  > Copying FirebaseInstallations from `/Users/gr0nk/Library/Caches/CocoaPods/Pods/Release/FirebaseInstallations/10.29.0-913cf` to `Pods/FirebaseInstallations`

-> Installing GoogleAppMeasurement (10.15.0)
 > Http download
   $ /usr/bin/curl -f -L -o /var/folders/3n/wjddhk5s4b9_8vrk72p0c4gc0000gn/T/d20250110-35065-wx6u2p/file.tgz https://dl.google.com/firebase/ios/analytics/6575dde9ed8f9ac8/GoogleAppMeasurement-10.13.0.tar.gz --create-dirs --netrc-optional --retry 2 -A 'CocoaPods/1.16.2 cocoapods-downloader/2.1'
     % Total    % Received % Xferd  Average Speed   Time    Time     Time  Current
                                    Dload  Upload   Total   Spent    Left  Speed
        0     0    0     0    0     0      0      0 --:--:-- --:--:-- --:--:--     0     0 9209k    0 55706    0     0   137k      0  0:01:07 --:--:--  0:01:07  137k    67 9209k   67 6191k    0     0  4434k      0  0:00:02  0:00:01  0:00:01 4432k   100 9209k  100 9209k    0     0  5250k      0  0:00:01  0:00:01 --:--:-- 5250k
   $ /usr/bin/tar xf /var/folders/3n/wjddhk5s4b9_8vrk72p0c4gc0000gn/T/d20250110-35065-wx6u2p/file.tgz -C /var/folders/3n/wjddhk5s4b9_8vrk72p0c4gc0000gn/T/d20250110-35065-wx6u2p
  $ /usr/bin/rsync -a --exclude=.git --delete /var/folders/3n/wjddhk5s4b9_8vrk72p0c4gc0000gn/T/d20250110-35065-wx6u2p/ /Users/gr0nk/Library/Caches/CocoaPods/Pods/Release/GoogleAppMeasurement/10.15.0-722db
  > Copying GoogleAppMeasurement from `/Users/gr0nk/Library/Caches/CocoaPods/Pods/Release/GoogleAppMeasurement/10.15.0-722db` to `Pods/GoogleAppMeasurement`

-> Installing GoogleUtilities (7.13.3)
 > Git download
 > Git download
     $ /usr/bin/git clone https://github.com/google/GoogleUtilities.git /var/folders/3n/wjddhk5s4b9_8vrk72p0c4gc0000gn/T/d20250110-35065-onfziu --template= --single-branch --depth 1 --branch CocoaPods-7.13.3
     Cloning into '/var/folders/3n/wjddhk5s4b9_8vrk72p0c4gc0000gn/T/d20250110-35065-onfziu'...
     Note: switching to '57a1d307f42df690fdef2637f3e5b776da02aad6'.
     
     You are in 'detached HEAD' state. You can look around, make experimental
     changes and commit them, and you can discard any commits you make in this
     state without impacting any branches by switching back to a branch.
     
     If you want to create a new branch to retain commits you create, you may
     do so (now or later) by using -c with the switch command. Example:
     
       git switch -c <new-branch-name>
     
     Or undo this operation with:
     
       git switch -
     
     Turn off this advice by setting config variable advice.detachedHead to false
     
  $ /usr/bin/rsync -a --exclude=.git --delete /var/folders/3n/wjddhk5s4b9_8vrk72p0c4gc0000gn/T/d20250110-35065-onfziu/ /Users/gr0nk/Library/Caches/CocoaPods/Pods/Release/GoogleUtilities/7.13.3-ea963
  > Copying GoogleUtilities from `/Users/gr0nk/Library/Caches/CocoaPods/Pods/Release/GoogleUtilities/7.13.3-ea963` to `Pods/GoogleUtilities`

-> Installing PromisesObjC (2.4.0)
 > Git download
 > Git download
     $ /usr/bin/git clone https://github.com/google/promises.git /var/folders/3n/wjddhk5s4b9_8vrk72p0c4gc0000gn/T/d20250110-35065-kxk4sd --template= --single-branch --depth 1 --branch 2.4.0
     Cloning into '/var/folders/3n/wjddhk5s4b9_8vrk72p0c4gc0000gn/T/d20250110-35065-kxk4sd'...
     Note: switching to '540318ecedd63d883069ae7f1ed811a2df00b6ac'.
     
     You are in 'detached HEAD' state. You can look around, make experimental
     changes and commit them, and you can discard any commits you make in this
     state without impacting any branches by switching back to a branch.
     
     If you want to create a new branch to retain commits you create, you may
     do so (now or later) by using -c with the switch command. Example:
     
       git switch -c <new-branch-name>
     
     Or undo this operation with:
     
       git switch -
     
     Turn off this advice by setting config variable advice.detachedHead to false
     
  $ /usr/bin/rsync -a --exclude=.git --delete /var/folders/3n/wjddhk5s4b9_8vrk72p0c4gc0000gn/T/d20250110-35065-kxk4sd/ /Users/gr0nk/Library/Caches/CocoaPods/Pods/Release/PromisesObjC/2.4.0-f5707
  > Copying PromisesObjC from `/Users/gr0nk/Library/Caches/CocoaPods/Pods/Release/PromisesObjC/2.4.0-f5707` to `Pods/PromisesObjC`

-> Installing RCT-Folly (2021.07.22.00)
 > Git download
 > Git download
     $ /usr/bin/git clone https://github.com/facebook/folly.git /var/folders/3n/wjddhk5s4b9_8vrk72p0c4gc0000gn/T/d20250110-35065-9r3940 --template= --single-branch --depth 1 --branch v2021.07.22.00
     Cloning into '/var/folders/3n/wjddhk5s4b9_8vrk72p0c4gc0000gn/T/d20250110-35065-9r3940'...
     Note: switching to '4baba28200d7446c870e96f3cdbeb492f54625d0'.
     
     You are in 'detached HEAD' state. You can look around, make experimental
     changes and commit them, and you can discard any commits you make in this
     state without impacting any branches by switching back to a branch.
     
     If you want to create a new branch to retain commits you create, you may
     do so (now or later) by using -c with the switch command. Example:
     
       git switch -c <new-branch-name>
     
     Or undo this operation with:
     
       git switch -
     
     Turn off this advice by setting config variable advice.detachedHead to false
     
  $ /usr/bin/rsync -a --exclude=.git --delete /var/folders/3n/wjddhk5s4b9_8vrk72p0c4gc0000gn/T/d20250110-35065-9r3940/ /Users/gr0nk/Library/Caches/CocoaPods/Pods/External/RCT-Folly/b957572a7e21d425b31cc1761b00a672-8dc08
  > Copying RCT-Folly from `/Users/gr0nk/Library/Caches/CocoaPods/Pods/External/RCT-Folly/b957572a7e21d425b31cc1761b00a672-8dc08` to `Pods/RCT-Folly`

-> Installing RCTRequired (0.72.3)

-> Installing RCTTypeSafety (0.72.3)

-> Installing RCTYouTube (2.0.2)

-> Installing RNCAsyncStorage (1.19.3)

-> Installing RNCPicker (2.4.10)

-> Installing RNDateTimePicker (7.2.0)

-> Installing RNFBAnalytics (18.5.0)

-> Installing RNFBApp (18.5.0)

-> Installing RNFBFirestore (18.6.0)

-> Installing RNGestureHandler (2.12.1)

-> Installing RNInAppBrowser (3.7.0)

-> Installing RNRate (1.2.12)

-> Installing RNReactNativeHapticFeedback (2.2.0)

-> Installing RNReanimated (3.3.0)

-> Installing RNScreens (3.22.1)

-> Installing ReachabilitySwift (5.2.4)
 > Git download
 > Git download
     $ /usr/bin/git clone https://github.com/ashleymills/Reachability.swift.git /var/folders/3n/wjddhk5s4b9_8vrk72p0c4gc0000gn/T/d20250110-35065-yxjcdz --template= --single-branch --depth 1 --branch v5.2.4
     Cloning into '/var/folders/3n/wjddhk5s4b9_8vrk72p0c4gc0000gn/T/d20250110-35065-yxjcdz'...
     Note: switching to '21d1dc412cfecbe6e34f1f4c4eb88d3f912654a6'.
     
     You are in 'detached HEAD' state. You can look around, make experimental
     changes and commit them, and you can discard any commits you make in this
     state without impacting any branches by switching back to a branch.
     
     If you want to create a new branch to retain commits you create, you may
     do so (now or later) by using -c with the switch command. Example:
     
       git switch -c <new-branch-name>
     
     Or undo this operation with:
     
       git switch -
     
     Turn off this advice by setting config variable advice.detachedHead to false
     
  $ /usr/bin/rsync -a --exclude=.git --delete /var/folders/3n/wjddhk5s4b9_8vrk72p0c4gc0000gn/T/d20250110-35065-yxjcdz/ /Users/gr0nk/Library/Caches/CocoaPods/Pods/Release/ReachabilitySwift/5.2.4-32793
  > Copying ReachabilitySwift from `/Users/gr0nk/Library/Caches/CocoaPods/Pods/Release/ReachabilitySwift/5.2.4-32793` to `Pods/ReachabilitySwift`

-> Installing React (0.72.3)

-> Installing React-Codegen (0.72.3)

-> Installing React-Core (0.72.3)

-> Installing React-CoreModules (0.72.3)

-> Installing React-NativeModulesApple (0.72.3)

-> Installing React-RCTActionSheet (0.72.3)

-> Installing React-RCTAnimation (0.72.3)

-> Installing React-RCTAppDelegate (0.72.3)

-> Installing React-RCTBlob (0.72.3)

-> Installing React-RCTImage (0.72.3)

-> Installing React-RCTLinking (0.72.3)

-> Installing React-RCTNetwork (0.72.3)

-> Installing React-RCTSettings (0.72.3)

-> Installing React-RCTText (0.72.3)

-> Installing React-RCTVibration (0.72.3)

-> Installing React-callinvoker (0.72.3)

-> Installing React-cxxreact (0.72.3)

-> Installing React-debug (0.72.3)

-> Installing React-jsc (0.72.3)

-> Installing React-jsi (0.72.3)

-> Installing React-jsiexecutor (0.72.3)

-> Installing React-jsinspector (0.72.3)

-> Installing React-logger (0.72.3)

-> Installing React-perflogger (0.72.3)

-> Installing React-rncore (0.72.3)
 > Running prepare command
   $ /bin/bash -c  set -e mkdir -p ../../../ios/../node_modules/react-native/ReactCommon/react/renderer/components/rncore && touch -a ../../../ios/../node_modules/react-native/ReactCommon/react/renderer/components/rncore/ComponentDescriptors.h ../../../ios/../node_modules/react-native/ReactCommon/react/renderer/components/rncore/EventEmitters.cpp ../../../ios/../node_modules/react-native/ReactCommon/react/renderer/components/rncore/EventEmitters.h ../../../ios/../node_modules/react-native/ReactCommon/react/renderer/components/rncore/Props.cpp ../../../ios/../node_modules/react-native/ReactCommon/react/renderer/components/rncore/Props.h ../../../ios/../node_modules/react-native/ReactCommon/react/renderer/components/rncore/States.cpp ../../../ios/../node_modules/react-native/ReactCommon/react/renderer/components/rncore/States.h ../../../ios/../node_modules/react-native/ReactCommon/react/renderer/components/rncore/RCTComponentViewHelpers.h ../../../ios/../node_modules/react-native/ReactCommon/react/renderer/components/rncore/ShadowNodes.cpp ../../../ios/../node_modules/react-native/ReactCommon/react/renderer/components/rncore/ShadowNodes.h

-> Installing React-runtimeexecutor (0.72.3)

-> Installing React-runtimescheduler (0.72.3)

-> Installing React-utils (0.72.3)

-> Installing ReactCommon (0.72.3)

-> Installing SocketRocket (0.6.1)
 > Git download
 > Git download
     $ /usr/bin/git clone https://github.com/facebook/SocketRocket.git /var/folders/3n/wjddhk5s4b9_8vrk72p0c4gc0000gn/T/d20250110-35065-6nro7 --template= --single-branch --depth 1 --branch 0.6.1
     Cloning into '/var/folders/3n/wjddhk5s4b9_8vrk72p0c4gc0000gn/T/d20250110-35065-6nro7'...
     Note: switching to '6fdc5fd0db5c49b1ed050d4033ee6a6ee2ec4d39'.
     
     You are in 'detached HEAD' state. You can look around, make experimental
     changes and commit them, and you can discard any commits you make in this
     state without impacting any branches by switching back to a branch.
     
     If you want to create a new branch to retain commits you create, you may
     do so (now or later) by using -c with the switch command. Example:
     
       git switch -c <new-branch-name>
     
     Or undo this operation with:
     
       git switch -
     
     Turn off this advice by setting config variable advice.detachedHead to false
     
  $ /usr/bin/rsync -a --exclude=.git --delete /var/folders/3n/wjddhk5s4b9_8vrk72p0c4gc0000gn/T/d20250110-35065-6nro7/ /Users/gr0nk/Library/Caches/CocoaPods/Pods/Release/SocketRocket/0.6.1-f32cd
  > Copying SocketRocket from `/Users/gr0nk/Library/Caches/CocoaPods/Pods/Release/SocketRocket/0.6.1-f32cd` to `Pods/SocketRocket`

-> Installing Yoga (1.14.0)

-> Installing YoutubePlayer-in-WKWebView (0.3.11)
 > Git download
 > Git download
     $ /usr/bin/git clone https://github.com/hmhv/YoutubePlayer-in-WKWebView.git /var/folders/3n/wjddhk5s4b9_8vrk72p0c4gc0000gn/T/d20250110-35065-3q4qca --template= --single-branch --depth 1 --branch 0.3.11
     Cloning into '/var/folders/3n/wjddhk5s4b9_8vrk72p0c4gc0000gn/T/d20250110-35065-3q4qca'...
     Note: switching to '3d24743643fd4460e40ca8f4cd844563d32bb05f'.
     
     You are in 'detached HEAD' state. You can look around, make experimental
     changes and commit them, and you can discard any commits you make in this
     state without impacting any branches by switching back to a branch.
     
     If you want to create a new branch to retain commits you create, you may
     do so (now or later) by using -c with the switch command. Example:
     
       git switch -c <new-branch-name>
     
     Or undo this operation with:
     
       git switch -
     
     Turn off this advice by setting config variable advice.detachedHead to false
     
  $ /usr/bin/rsync -a --exclude=.git --delete /var/folders/3n/wjddhk5s4b9_8vrk72p0c4gc0000gn/T/d20250110-35065-3q4qca/ /Users/gr0nk/Library/Caches/CocoaPods/Pods/Release/YoutubePlayer-in-WKWebView/0.3.11-2c3aa
  > Copying YoutubePlayer-in-WKWebView from `/Users/gr0nk/Library/Caches/CocoaPods/Pods/Release/YoutubePlayer-in-WKWebView/0.3.11-2c3aa` to `Pods/YoutubePlayer-in-WKWebView`

-> Installing abseil (1.20220623.0)
 > Git download
 > Git download
     $ /usr/bin/git clone https://github.com/abseil/abseil-cpp.git /var/folders/3n/wjddhk5s4b9_8vrk72p0c4gc0000gn/T/d20250110-35065-62vtju --template= --single-branch --depth 1 --branch 20220623.0
     Cloning into '/var/folders/3n/wjddhk5s4b9_8vrk72p0c4gc0000gn/T/d20250110-35065-62vtju'...
     Note: switching to '273292d1cfc0a94a65082ee350509af1d113344d'.
     
     You are in 'detached HEAD' state. You can look around, make experimental
     changes and commit them, and you can discard any commits you make in this
     state without impacting any branches by switching back to a branch.
     
     If you want to create a new branch to retain commits you create, you may
     do so (now or later) by using -c with the switch command. Example:
     
       git switch -c <new-branch-name>
     
     Or undo this operation with:
     
       git switch -
     
     Turn off this advice by setting config variable advice.detachedHead to false
     
  $ /usr/bin/rsync -a --exclude=.git --delete /var/folders/3n/wjddhk5s4b9_8vrk72p0c4gc0000gn/T/d20250110-35065-62vtju/ /Users/gr0nk/Library/Caches/CocoaPods/Pods/Release/abseil/1.20220623.0-926fb
  > Copying abseil from `/Users/gr0nk/Library/Caches/CocoaPods/Pods/Release/abseil/1.20220623.0-926fb` to `Pods/abseil`

-> Installing boost (1.76.0)
 > Http download
   $ /usr/bin/curl -f -L -o /var/folders/3n/wjddhk5s4b9_8vrk72p0c4gc0000gn/T/d20250110-35065-xtluq9/file.tbz https://boostorg.jfrog.io/artifactory/main/release/1.76.0/source/boost_1_76_0.tar.bz2 --create-dirs --netrc-optional --retry 2 -A 'CocoaPods/1.16.2 cocoapods-downloader/2.1'
     % Total    % Received % Xferd  Average Speed   Time    Time     Time  Current
                                    Dload  Upload   Total   Spent    Left  Speed
        0     0    0     0    0     0      0      0 --:--:-- --:--:-- --:--:--     0     0     0    0     0    0     0      0      0 --:--:-- --:--:-- --:--:--     0   100   138  100   138    0     0    240      0 --:--:-- --:--:-- --:--:--   240
      100 11534  100 11534    0     0   9521      0  0:00:01  0:00:01 --:--:--  9521

[!] Error installing boost
Verification checksum was incorrect, expected f0397ba6e982c4450f27bf32a2a83292aba035b827a5623a14636ea583318c41, got 79e6d3f986444e5a80afbeccdaf2d1c1cf964baa8d766d20859d653a16c39848

/opt/homebrew/Cellar/cocoapods/1.16.2_1/libexec/gems/cocoapods-downloader-2.1/lib/cocoapods-downloader/remote_file.rb:146:in 'Pod::Downloader::RemoteFile#compare_hash'
/opt/homebrew/Cellar/cocoapods/1.16.2_1/libexec/gems/cocoapods-downloader-2.1/lib/cocoapods-downloader/remote_file.rb:162:in 'Pod::Downloader::RemoteFile#verify_sha256_hash'
/opt/homebrew/Cellar/cocoapods/1.16.2_1/libexec/gems/cocoapods-downloader-2.1/lib/cocoapods-downloader/remote_file.rb:169:in 'Pod::Downloader::RemoteFile#verify_checksum'
/opt/homebrew/Cellar/cocoapods/1.16.2_1/libexec/gems/cocoapods-downloader-2.1/lib/cocoapods-downloader/remote_file.rb:26:in 'Pod::Downloader::RemoteFile#download!'
/opt/homebrew/Cellar/cocoapods/1.16.2_1/libexec/gems/cocoapods-downloader-2.1/lib/cocoapods-downloader/base.rb:83:in 'block in Pod::Downloader::Base#download'
/opt/homebrew/Cellar/cocoapods/1.16.2_1/libexec/gems/cocoapods-1.16.2/lib/cocoapods/downloader.rb:159:in 'block in ui_action'
/opt/homebrew/Cellar/cocoapods/1.16.2_1/libexec/gems/cocoapods-1.16.2/lib/cocoapods/user_interface.rb:64:in 'Pod::UserInterface.section'
/opt/homebrew/Cellar/cocoapods/1.16.2_1/libexec/gems/cocoapods-1.16.2/lib/cocoapods/downloader.rb:158:in 'ui_action'
/opt/homebrew/Cellar/cocoapods/1.16.2_1/libexec/gems/cocoapods-downloader-2.1/lib/cocoapods-downloader/base.rb:81:in 'Pod::Downloader::Base#download'
/opt/homebrew/Cellar/cocoapods/1.16.2_1/libexec/gems/cocoapods-1.16.2/lib/cocoapods/downloader.rb:110:in 'Pod::Downloader.download_source'
/opt/homebrew/Cellar/cocoapods/1.16.2_1/libexec/gems/cocoapods-1.16.2/lib/cocoapods/downloader.rb:77:in 'Pod::Downloader.download_request'
/opt/homebrew/Cellar/cocoapods/1.16.2_1/libexec/gems/cocoapods-1.16.2/lib/cocoapods/downloader/cache.rb:256:in 'Pod::Downloader::Cache#download'
/opt/homebrew/Cellar/cocoapods/1.16.2_1/libexec/gems/cocoapods-1.16.2/lib/cocoapods/downloader/cache.rb:239:in 'block in Pod::Downloader::Cache#uncached_pod'
/opt/homebrew/Cellar/cocoapods/1.16.2_1/libexec/gems/cocoapods-1.16.2/lib/cocoapods/downloader/cache.rb:266:in 'Pod::Downloader::Cache#in_tmpdir'
/opt/homebrew/Cellar/cocoapods/1.16.2_1/libexec/gems/cocoapods-1.16.2/lib/cocoapods/downloader/cache.rb:238:in 'Pod::Downloader::Cache#uncached_pod'
/opt/homebrew/Cellar/cocoapods/1.16.2_1/libexec/gems/cocoapods-1.16.2/lib/cocoapods/downloader/cache.rb:33:in 'Pod::Downloader::Cache#download_pod'
/opt/homebrew/Cellar/cocoapods/1.16.2_1/libexec/gems/cocoapods-1.16.2/lib/cocoapods/downloader.rb:42:in 'Pod::Downloader.download'
/opt/homebrew/Cellar/cocoapods/1.16.2_1/libexec/gems/cocoapods-1.16.2/lib/cocoapods/installer/pod_source_downloader.rb:69:in 'Pod::Installer::PodSourceDownloader#download!'
/opt/homebrew/Cellar/cocoapods/1.16.2_1/libexec/gems/cocoapods-1.16.2/lib/cocoapods/installer/pod_source_installer.rb:117:in 'Pod::Installer::PodSourceInstaller#download_source'
/opt/homebrew/Cellar/cocoapods/1.16.2_1/libexec/gems/cocoapods-1.16.2/lib/cocoapods/installer/pod_source_installer.rb:67:in 'Pod::Installer::PodSourceInstaller#install!'
/opt/homebrew/Cellar/cocoapods/1.16.2_1/libexec/gems/cocoapods-1.16.2/lib/cocoapods/installer.rb:621:in 'Pod::Installer#install_source_of_pod'
/opt/homebrew/Cellar/cocoapods/1.16.2_1/libexec/gems/cocoapods-1.16.2/lib/cocoapods/installer.rb:539:in 'block (2 levels) in Pod::Installer#install_pod_sources'
/opt/homebrew/Cellar/cocoapods/1.16.2_1/libexec/gems/cocoapods-1.16.2/lib/cocoapods/user_interface.rb:86:in 'Pod::UserInterface.titled_section'
/opt/homebrew/Cellar/cocoapods/1.16.2_1/libexec/gems/cocoapods-1.16.2/lib/cocoapods/installer.rb:538:in 'block in Pod::Installer#install_pod_sources'
/opt/homebrew/Cellar/cocoapods/1.16.2_1/libexec/gems/cocoapods-1.16.2/lib/cocoapods/installer.rb:535:in 'Array#each'
/opt/homebrew/Cellar/cocoapods/1.16.2_1/libexec/gems/cocoapods-1.16.2/lib/cocoapods/installer.rb:535:in 'Pod::Installer#install_pod_sources'
/opt/homebrew/Cellar/cocoapods/1.16.2_1/libexec/gems/cocoapods-1.16.2/lib/cocoapods/installer.rb:258:in 'block in Pod::Installer#download_dependencies'
/opt/homebrew/Cellar/cocoapods/1.16.2_1/libexec/gems/cocoapods-1.16.2/lib/cocoapods/user_interface.rb:64:in 'Pod::UserInterface.section'
/opt/homebrew/Cellar/cocoapods/1.16.2_1/libexec/gems/cocoapods-1.16.2/lib/cocoapods/installer.rb:257:in 'Pod::Installer#download_dependencies'
/opt/homebrew/Cellar/cocoapods/1.16.2_1/libexec/gems/cocoapods-1.16.2/lib/cocoapods/installer.rb:163:in 'Pod::Installer#install!'
/opt/homebrew/Cellar/cocoapods/1.16.2_1/libexec/gems/cocoapods-1.16.2/lib/cocoapods/command/install.rb:52:in 'Pod::Command::Install#run'
/opt/homebrew/Cellar/cocoapods/1.16.2_1/libexec/gems/claide-1.1.0/lib/claide/command.rb:334:in 'CLAide::Command.run'
/opt/homebrew/Cellar/cocoapods/1.16.2_1/libexec/gems/cocoapods-1.16.2/lib/cocoapods/command.rb:52:in 'Pod::Command.run'
/opt/homebrew/Cellar/cocoapods/1.16.2_1/libexec/gems/cocoapods-1.16.2/bin/pod:55:in '<top (required)>'
/opt/homebrew/Cellar/cocoapods/1.16.2_1/libexec/bin/pod:25:in 'Kernel#load'
/opt/homebrew/Cellar/cocoapods/1.16.2_1/libexec/bin/pod:25:in '<main>'

[!] NPM package '@react-native-firebase/firestore' depends on '@react-native-firebase/app' v18.6.0 but found v18.5.0, this might cause build issues or runtime crashes.

[!] NPM package '@react-native-firebase/firestore' depends on '@react-native-firebase/app' v18.6.0 but found v18.5.0, this might cause build issues or runtime crashes.
Error: Command 'pod install --verbose' failed.
Step 9: Aligning React Native Firebase versions...
Step 6: Removing existing Pods and Podfile.lock...
Step 7: Fixing Boost checksum mismatch...
Downloading Boost manually...
  % Total    % Received % Xferd  Average Speed   Time    Time     Time  Current
                                 Dload  Upload   Total   Spent    Left  Speed
  0     0    0     0    0     0      0      0 --:--:-- --:--:-- --:--:--     0100   138  100   138    0     0    283      0 --:--:-- --:--:-- --:--:--   283
Calculating checksum...
Checksum mismatch detected. Replacing the cached Boost file.
Step 8: Reinstalling pods...
  $ /opt/homebrew/bin/node -p require.resolve(     "@react-native-community/cli-platform-ios/native_modules.rb",     {paths: [process.argv[1]]},   ) /Users/gr0nk/Documents/GitHub/ToBeWisePro/node_modules/react-native/scripts
  /Users/gr0nk/Documents/GitHub/ToBeWisePro/node_modules/@react-native-community/cli-platform-ios/native_modules.rb

Using Expo modules
  — expo (49.0.11)
  — expo-application (5.3.1)
  [Expo] Enabling modular headers for pod ExpoModulesCore
  — expo-constants (14.4.2)
  — expo-eas-client (0.6.0)
  — expo-file-system (15.4.4)
  — expo-font (11.4.0)
  — expo-json-utils (0.7.1)
  — expo-keep-awake (12.3.0)
  — expo-manifests (0.7.2)
  — expo-modules-core (1.5.11)
  — expo-notifications (0.20.1)
  — expo-splash-screen (0.20.5)
  — expo-sqlite (11.3.3)
  — expo-structured-headers (3.3.0)
  [Expo] Enabling modular headers for pod React-Core
  [Expo] Enabling modular headers for pod EXStructuredHeaders
  [Expo] Enabling modular headers for pod EXUpdatesInterface
  [Expo] Enabling modular headers for pod EXManifests
  [Expo] Enabling modular headers for pod EASClient
  [Expo] Enabling modular headers for pod ReachabilitySwift
  [Expo] Enabling modular headers for pod ASN1Decoder
  [Expo] Enabling modular headers for pod RCT-Folly
  — expo-updates (0.18.13)
  $ /opt/homebrew/bin/node -e try {console.log(require('@react-native-community/cli').bin);} catch (e) {console.log(require('react-native/cli').bin);}
  /Users/gr0nk/Documents/GitHub/ToBeWisePro/node_modules/@react-native-community/cli/build/bin.js
RNFBAnalytics: Using default Firebase/Analytics with Ad Ids. May require App Tracking Transparency. Not allowed for Kids apps.
RNFBAnalytics: You may set variable `$RNFirebaseAnalyticsWithoutAdIdSupport=true` in Podfile to use analytics without ad ids.
Adding a custom script phase for Pod RNFBApp: [RNFB] Core Configuration
Auto-linking React Native modules for target `ToBeWisePro`: BVLinearGradient, RCTYouTube, RNCAsyncStorage, RNCPicker, RNDateTimePicker, RNFBAnalytics, RNFBApp, RNFBFirestore, RNGestureHandler, RNInAppBrowser, RNRate, RNReactNativeHapticFeedback, RNReanimated, RNScreens, react-native-config, react-native-safe-area-context, react-native-slider, and react-native-webview
Framework build type is static framework
  $ /bin/mkdir -p ./build/generated/ios
[Codegen] Generating ./build/generated/ios/React-Codegen.podspec.json
  Preparing

Analyzing dependencies

Inspecting targets to integrate
  Using `ARCHS` setting to build architectures of target `Pods-ToBeWisePro`: (``)

Fetching external sources
-> Fetching podspec for `BVLinearGradient` from `../node_modules/react-native-linear-gradient`
-> Fetching podspec for `DoubleConversion` from `../node_modules/react-native/third-party-podspecs/DoubleConversion.podspec`
-> Fetching podspec for `EASClient` from `../node_modules/expo-eas-client/ios`
-> Fetching podspec for `EXApplication` from `../node_modules/expo-application/ios`
-> Fetching podspec for `EXConstants` from `../node_modules/expo-constants/ios`
-> Fetching podspec for `EXFileSystem` from `../node_modules/expo-file-system/ios`
-> Fetching podspec for `EXFont` from `../node_modules/expo-font/ios`
-> Fetching podspec for `EXJSONUtils` from `../node_modules/expo-json-utils/ios`
-> Fetching podspec for `EXManifests` from `../node_modules/expo-manifests/ios`
-> Fetching podspec for `EXNotifications` from `../node_modules/expo-notifications/ios`
-> Fetching podspec for `EXSplashScreen` from `../node_modules/expo-splash-screen/ios`
-> Fetching podspec for `EXStructuredHeaders` from `../node_modules/expo-structured-headers/ios`
-> Fetching podspec for `EXUpdates` from `../node_modules/expo-updates/ios`
-> Fetching podspec for `EXUpdatesInterface` from `../node_modules/expo-updates-interface/ios`
-> Fetching podspec for `Expo` from `../node_modules/expo`
-> Fetching podspec for `ExpoKeepAwake` from `../node_modules/expo-keep-awake/ios`
-> Fetching podspec for `ExpoModulesCore` from `../node_modules/expo-modules-core`
-> Fetching podspec for `ExpoSQLite` from `../node_modules/expo-sqlite/ios`
-> Fetching podspec for `FBLazyVector` from `../node_modules/react-native/Libraries/FBLazyVector`
-> Fetching podspec for `FBReactNativeSpec` from `../node_modules/react-native/React/FBReactNativeSpec`
[Codegen] Found FBReactNativeSpec
-> Fetching podspec for `RCT-Folly` from `../node_modules/react-native/third-party-podspecs/RCT-Folly.podspec`
-> Fetching podspec for `RCTRequired` from `../node_modules/react-native/Libraries/RCTRequired`
-> Fetching podspec for `RCTTypeSafety` from `../node_modules/react-native/Libraries/TypeSafety`
-> Fetching podspec for `RCTYouTube` from `../node_modules/react-native-youtube`
-> Fetching podspec for `RNCAsyncStorage` from `../node_modules/@react-native-async-storage/async-storage`
-> Fetching podspec for `RNCPicker` from `../node_modules/@react-native-picker/picker`
-> Fetching podspec for `RNDateTimePicker` from `../node_modules/@react-native-community/datetimepicker`
-> Fetching podspec for `RNFBAnalytics` from `../node_modules/@react-native-firebase/analytics`
RNFBAnalytics: Using default Firebase/Analytics with Ad Ids. May require App Tracking Transparency. Not allowed for Kids apps.
RNFBAnalytics: You may set variable `$RNFirebaseAnalyticsWithoutAdIdSupport=true` in Podfile to use analytics without ad ids.
-> Fetching podspec for `RNFBApp` from `../node_modules/@react-native-firebase/app`
-> Fetching podspec for `RNFBFirestore` from `../node_modules/@react-native-firebase/firestore`
-> Fetching podspec for `RNGestureHandler` from `../node_modules/react-native-gesture-handler`
-> Fetching podspec for `RNInAppBrowser` from `../node_modules/react-native-inappbrowser-reborn`
-> Fetching podspec for `RNRate` from `../node_modules/react-native-rate`
-> Fetching podspec for `RNReactNativeHapticFeedback` from `../node_modules/react-native-haptic-feedback`
-> Fetching podspec for `RNReanimated` from `../node_modules/react-native-reanimated`
-> Fetching podspec for `RNScreens` from `../node_modules/react-native-screens`
-> Fetching podspec for `React` from `../node_modules/react-native/`
-> Fetching podspec for `React-Codegen` from `build/generated/ios`
-> Fetching podspec for `React-Core` from `../node_modules/react-native/`
-> Fetching podspec for `React-CoreModules` from `../node_modules/react-native/React/CoreModules`
-> Fetching podspec for `React-NativeModulesApple` from `../node_modules/react-native/ReactCommon/react/nativemodule/core/platform/ios`
-> Fetching podspec for `React-RCTActionSheet` from `../node_modules/react-native/Libraries/ActionSheetIOS`
-> Fetching podspec for `React-RCTAnimation` from `../node_modules/react-native/Libraries/NativeAnimation`
-> Fetching podspec for `React-RCTAppDelegate` from `../node_modules/react-native/Libraries/AppDelegate`
-> Fetching podspec for `React-RCTBlob` from `../node_modules/react-native/Libraries/Blob`
-> Fetching podspec for `React-RCTImage` from `../node_modules/react-native/Libraries/Image`
-> Fetching podspec for `React-RCTLinking` from `../node_modules/react-native/Libraries/LinkingIOS`
-> Fetching podspec for `React-RCTNetwork` from `../node_modules/react-native/Libraries/Network`
-> Fetching podspec for `React-RCTSettings` from `../node_modules/react-native/Libraries/Settings`
-> Fetching podspec for `React-RCTText` from `../node_modules/react-native/Libraries/Text`
-> Fetching podspec for `React-RCTVibration` from `../node_modules/react-native/Libraries/Vibration`
-> Fetching podspec for `React-callinvoker` from `../node_modules/react-native/ReactCommon/callinvoker`
-> Fetching podspec for `React-cxxreact` from `../node_modules/react-native/ReactCommon/cxxreact`
-> Fetching podspec for `React-debug` from `../node_modules/react-native/ReactCommon/react/debug`
-> Fetching podspec for `React-jsc` from `../node_modules/react-native/ReactCommon/jsc`
-> Fetching podspec for `React-jsi` from `../node_modules/react-native/ReactCommon/jsi`
-> Fetching podspec for `React-jsiexecutor` from `../node_modules/react-native/ReactCommon/jsiexecutor`
-> Fetching podspec for `React-jsinspector` from `../node_modules/react-native/ReactCommon/jsinspector`
-> Fetching podspec for `React-logger` from `../node_modules/react-native/ReactCommon/logger`
-> Fetching podspec for `React-perflogger` from `../node_modules/react-native/ReactCommon/reactperflogger`
-> Fetching podspec for `React-rncore` from `../node_modules/react-native/ReactCommon`
[Codegen] Found rncore
-> Fetching podspec for `React-runtimeexecutor` from `../node_modules/react-native/ReactCommon/runtimeexecutor`
-> Fetching podspec for `React-runtimescheduler` from `../node_modules/react-native/ReactCommon/react/renderer/runtimescheduler`
-> Fetching podspec for `React-utils` from `../node_modules/react-native/ReactCommon/react/utils`
-> Fetching podspec for `ReactCommon` from `../node_modules/react-native/ReactCommon`
-> Fetching podspec for `Yoga` from `../node_modules/react-native/ReactCommon/yoga`
-> Fetching podspec for `boost` from `../node_modules/react-native/third-party-podspecs/boost.podspec`
-> Fetching podspec for `glog` from `../node_modules/react-native/third-party-podspecs/glog.podspec`
-> Fetching podspec for `react-native-config` from `../node_modules/react-native-config`
-> Fetching podspec for `react-native-safe-area-context` from `../node_modules/react-native-safe-area-context`
-> Fetching podspec for `react-native-slider` from `../node_modules/@react-native-community/slider`
-> Fetching podspec for `react-native-webview` from `../node_modules/react-native-webview`

Resolving dependencies of `Podfile`
  CDN: trunk Relative path: CocoaPods-version.yml exists! Returning local because checking is only performed in repo update
  CDN: trunk Relative path: all_pods_versions_0_3_5.txt exists! Returning local because checking is only performed in repo update
  CDN: trunk Relative path: Specs/0/3/5/Firebase/11.6.0/Firebase.podspec.json exists! Returning local because checking is only performed in repo update
  CDN: trunk Relative path: Specs/0/3/5/Firebase/10.15.0/Firebase.podspec.json exists! Returning local because checking is only performed in repo update
  CDN: trunk Relative path: all_pods_versions_6_1_e.txt exists! Returning local because checking is only performed in repo update
  CDN: trunk Relative path: Specs/6/1/e/nanopb/3.30910.0/nanopb.podspec.json exists! Returning local because checking is only performed in repo update
  CDN: trunk Relative path: all_pods_versions_d_d_6.txt exists! Returning local because checking is only performed in repo update
  CDN: trunk Relative path: Specs/d/d/6/ReachabilitySwift/5.2.4/ReachabilitySwift.podspec.json exists! Returning local because checking is only performed in repo update
  CDN: trunk Relative path: all_pods_versions_f_1_2.txt exists! Returning local because checking is only performed in repo update
  CDN: trunk Relative path: Specs/f/1/2/ASN1Decoder/1.10.0/ASN1Decoder.podspec.json exists! Returning local because checking is only performed in repo update
  CDN: trunk Relative path: Specs/0/3/5/Firebase/10.15.0/Firebase.podspec.json exists! Returning local because checking is only performed in repo update
  CDN: trunk Relative path: Specs/0/3/5/Firebase/10.15.0/Firebase.podspec.json exists! Returning local because checking is only performed in repo update
  CDN: trunk Relative path: all_pods_versions_7_6_3.txt exists! Returning local because checking is only performed in repo update
  CDN: trunk Relative path: Specs/7/6/3/fmt/7.1.3/fmt.podspec.json exists! Returning local because checking is only performed in repo update
  CDN: trunk Relative path: all_pods_versions_a_9_3.txt exists! Returning local because checking is only performed in repo update
  CDN: trunk Relative path: Specs/a/9/3/SocketRocket/0.7.1/SocketRocket.podspec.json exists! Returning local because checking is only performed in repo update
  CDN: trunk Relative path: all_pods_versions_b_b_a.txt exists! Returning local because checking is only performed in repo update
  CDN: trunk Relative path: Specs/b/b/a/YoutubePlayer-in-WKWebView/0.3.11/YoutubePlayer-in-WKWebView.podspec.json exists! Returning local because checking is only performed in repo update
  CDN: trunk Relative path: all_pods_versions_0_9_f.txt exists! Returning local because checking is only performed in repo update
  CDN: trunk Relative path: Specs/0/9/f/FirebaseFirestore/11.6.0/FirebaseFirestore.podspec.json exists! Returning local because checking is only performed in repo update
  CDN: trunk Relative path: Specs/0/9/f/FirebaseFirestore/10.15.0/FirebaseFirestore.podspec.json exists! Returning local because checking is only performed in repo update
  CDN: trunk Relative path: all_pods_versions_8_b_d.txt exists! Returning local because checking is only performed in repo update
  CDN: trunk Relative path: Specs/8/b/d/FirebaseCore/11.6.0/FirebaseCore.podspec.json exists! Returning local because checking is only performed in repo update
  CDN: trunk Relative path: all_pods_versions_3_8_6.txt exists! Returning local because checking is only performed in repo update
  CDN: trunk Relative path: Specs/3/8/6/abseil/1.20240722.0/abseil.podspec.json exists! Returning local because checking is only performed in repo update
  CDN: trunk Relative path: Specs/3/8/6/abseil/1.20220623.0/abseil.podspec.json exists! Returning local because checking is only performed in repo update
  CDN: trunk Relative path: Specs/3/8/6/abseil/1.20220623.2/abseil.podspec.json exists! Returning local because checking is only performed in repo update
  CDN: trunk Relative path: Specs/3/8/6/abseil/1.20220623.0/abseil.podspec.json exists! Returning local because checking is only performed in repo update
  CDN: trunk Relative path: Specs/3/8/6/abseil/1.20220623.2/abseil.podspec.json exists! Returning local because checking is only performed in repo update
  CDN: trunk Relative path: Specs/3/8/6/abseil/1.20220623.0/abseil.podspec.json exists! Returning local because checking is only performed in repo update
  CDN: trunk Relative path: Specs/3/8/6/abseil/1.20220623.2/abseil.podspec.json exists! Returning local because checking is only performed in repo update
  CDN: trunk Relative path: Specs/3/8/6/abseil/1.20220623.0/abseil.podspec.json exists! Returning local because checking is only performed in repo update
  CDN: trunk Relative path: Specs/3/8/6/abseil/1.20220623.2/abseil.podspec.json exists! Returning local because checking is only performed in repo update
  CDN: trunk Relative path: Specs/3/8/6/abseil/1.20220623.0/abseil.podspec.json exists! Returning local because checking is only performed in repo update
  CDN: trunk Relative path: Specs/3/8/6/abseil/1.20220623.2/abseil.podspec.json exists! Returning local because checking is only performed in repo update
  CDN: trunk Relative path: Specs/3/8/6/abseil/1.20220623.0/abseil.podspec.json exists! Returning local because checking is only performed in repo update
  CDN: trunk Relative path: Specs/3/8/6/abseil/1.20220623.2/abseil.podspec.json exists! Returning local because checking is only performed in repo update
  CDN: trunk Relative path: Specs/3/8/6/abseil/1.20220623.0/abseil.podspec.json exists! Returning local because checking is only performed in repo update
  CDN: trunk Relative path: Specs/3/8/6/abseil/1.20220623.2/abseil.podspec.json exists! Returning local because checking is only performed in repo update
  CDN: trunk Relative path: Specs/3/8/6/abseil/1.20220623.0/abseil.podspec.json exists! Returning local because checking is only performed in repo update
  CDN: trunk Relative path: Specs/3/8/6/abseil/1.20220623.2/abseil.podspec.json exists! Returning local because checking is only performed in repo update
  CDN: trunk Relative path: all_pods_versions_c_8_7.txt exists! Returning local because checking is only performed in repo update
  CDN: trunk Relative path: Specs/c/8/7/gRPC-C++/1.69.0/gRPC-C++.podspec.json exists! Returning local because checking is only performed in repo update
  CDN: trunk Relative path: all_pods_versions_a_d_a.txt exists! Returning local because checking is only performed in repo update
  CDN: trunk Relative path: Specs/a/d/a/leveldb-library/1.22.6/leveldb-library.podspec.json exists! Returning local because checking is only performed in repo update
  CDN: trunk Relative path: Specs/7/6/3/fmt/6.2.1/fmt.podspec.json exists! Returning local because checking is only performed in repo update
  CDN: trunk Relative path: Specs/0/3/5/Firebase/10.15.0/Firebase.podspec.json exists! Returning local because checking is only performed in repo update
  CDN: trunk Relative path: Specs/c/8/7/gRPC-C++/1.50.1/gRPC-C++.podspec.json exists! Returning local because checking is only performed in repo update
  CDN: trunk Relative path: Specs/c/8/7/gRPC-C++/1.50.1/gRPC-C++.podspec.json exists! Returning local because checking is only performed in repo update
  CDN: trunk Relative path: Specs/c/8/7/gRPC-C++/1.50.1/gRPC-C++.podspec.json exists! Returning local because checking is only performed in repo update
  CDN: trunk Relative path: all_pods_versions_e_2_1.txt exists! Returning local because checking is only performed in repo update
  CDN: trunk Relative path: Specs/e/2/1/FirebaseAnalytics/11.6.0/FirebaseAnalytics.podspec.json exists! Returning local because checking is only performed in repo update
  CDN: trunk Relative path: all_pods_versions_9_1_0.txt exists! Returning local because checking is only performed in repo update
  CDN: trunk Relative path: Specs/9/1/0/gRPC-Core/1.69.0/gRPC-Core.podspec.json exists! Returning local because checking is only performed in repo update
  CDN: trunk Relative path: Specs/3/8/6/abseil/1.20220623.0/abseil.podspec.json exists! Returning local because checking is only performed in repo update
  CDN: trunk Relative path: Specs/3/8/6/abseil/1.20220623.0/abseil.podspec.json exists! Returning local because checking is only performed in repo update
  CDN: trunk Relative path: Specs/3/8/6/abseil/1.20220623.0/abseil.podspec.json exists! Returning local because checking is only performed in repo update
  CDN: trunk Relative path: Specs/3/8/6/abseil/1.20220623.0/abseil.podspec.json exists! Returning local because checking is only performed in repo update
  CDN: trunk Relative path: Specs/3/8/6/abseil/1.20220623.0/abseil.podspec.json exists! Returning local because checking is only performed in repo update
  CDN: trunk Relative path: Specs/3/8/6/abseil/1.20220623.0/abseil.podspec.json exists! Returning local because checking is only performed in repo update
  CDN: trunk Relative path: Specs/3/8/6/abseil/1.20220623.0/abseil.podspec.json exists! Returning local because checking is only performed in repo update
  CDN: trunk Relative path: Specs/3/8/6/abseil/1.20220623.0/abseil.podspec.json exists! Returning local because checking is only performed in repo update
  CDN: trunk Relative path: Specs/3/8/6/abseil/1.20220623.0/abseil.podspec.json exists! Returning local because checking is only performed in repo update
  CDN: trunk Relative path: Specs/3/8/6/abseil/1.20220623.0/abseil.podspec.json exists! Returning local because checking is only performed in repo update
  CDN: trunk Relative path: Specs/3/8/6/abseil/1.20220623.0/abseil.podspec.json exists! Returning local because checking is only performed in repo update
  CDN: trunk Relative path: Specs/3/8/6/abseil/1.20220623.0/abseil.podspec.json exists! Returning local because checking is only performed in repo update
  CDN: trunk Relative path: Specs/3/8/6/abseil/1.20220623.0/abseil.podspec.json exists! Returning local because checking is only performed in repo update
  CDN: trunk Relative path: Specs/3/8/6/abseil/1.20220623.0/abseil.podspec.json exists! Returning local because checking is only performed in repo update
  CDN: trunk Relative path: Specs/3/8/6/abseil/1.20220623.0/abseil.podspec.json exists! Returning local because checking is only performed in repo update
  CDN: trunk Relative path: Specs/3/8/6/abseil/1.20220623.0/abseil.podspec.json exists! Returning local because checking is only performed in repo update
  CDN: trunk Relative path: Specs/3/8/6/abseil/1.20220623.0/abseil.podspec.json exists! Returning local because checking is only performed in repo update
  CDN: trunk Relative path: Specs/3/8/6/abseil/1.20220623.0/abseil.podspec.json exists! Returning local because checking is only performed in repo update
  CDN: trunk Relative path: Specs/3/8/6/abseil/1.20220623.0/abseil.podspec.json exists! Returning local because checking is only performed in repo update
  CDN: trunk Relative path: Specs/3/8/6/abseil/1.20220623.0/abseil.podspec.json exists! Returning local because checking is only performed in repo update
  CDN: trunk Relative path: Specs/3/8/6/abseil/1.20220623.0/abseil.podspec.json exists! Returning local because checking is only performed in repo update
  CDN: trunk Relative path: Specs/3/8/6/abseil/1.20220623.0/abseil.podspec.json exists! Returning local because checking is only performed in repo update
  CDN: trunk Relative path: Specs/3/8/6/abseil/1.20220623.0/abseil.podspec.json exists! Returning local because checking is only performed in repo update
  CDN: trunk Relative path: Specs/3/8/6/abseil/1.20220623.0/abseil.podspec.json exists! Returning local because checking is only performed in repo update
  CDN: trunk Relative path: Specs/e/2/1/FirebaseAnalytics/10.15.0/FirebaseAnalytics.podspec.json exists! Returning local because checking is only performed in repo update
  CDN: trunk Relative path: all_pods_versions_2_f_7.txt exists! Returning local because checking is only performed in repo update
  CDN: trunk Relative path: Specs/2/f/7/FirebaseInstallations/11.6.0/FirebaseInstallations.podspec.json exists! Returning local because checking is only performed in repo update
  CDN: trunk Relative path: all_pods_versions_0_8_4.txt exists! Returning local because checking is only performed in repo update
  CDN: trunk Relative path: Specs/0/8/4/GoogleUtilities/8.0.2/GoogleUtilities.podspec.json exists! Returning local because checking is only performed in repo update
  CDN: trunk Relative path: Specs/0/8/4/GoogleUtilities/7.11.0/GoogleUtilities.podspec.json exists! Returning local because checking is only performed in repo update
  CDN: trunk Relative path: Specs/0/8/4/GoogleUtilities/7.11.1/GoogleUtilities.podspec.json exists! Returning local because checking is only performed in repo update
  CDN: trunk Relative path: Specs/0/8/4/GoogleUtilities/7.11.4/GoogleUtilities.podspec.json exists! Returning local because checking is only performed in repo update
  CDN: trunk Relative path: Specs/0/8/4/GoogleUtilities/7.11.5/GoogleUtilities.podspec.json exists! Returning local because checking is only performed in repo update
  CDN: trunk Relative path: Specs/0/8/4/GoogleUtilities/7.11.6/GoogleUtilities.podspec.json exists! Returning local because checking is only performed in repo update
  CDN: trunk Relative path: Specs/0/8/4/GoogleUtilities/7.12.0/GoogleUtilities.podspec.json exists! Returning local because checking is only performed in repo update
  CDN: trunk Relative path: Specs/0/8/4/GoogleUtilities/7.13.0/GoogleUtilities.podspec.json exists! Returning local because checking is only performed in repo update
  CDN: trunk Relative path: Specs/0/8/4/GoogleUtilities/7.13.2/GoogleUtilities.podspec.json exists! Returning local because checking is only performed in repo update
  CDN: trunk Relative path: Specs/0/8/4/GoogleUtilities/7.13.3/GoogleUtilities.podspec.json exists! Returning local because checking is only performed in repo update
  CDN: trunk Relative path: Specs/0/8/4/GoogleUtilities/7.11.0/GoogleUtilities.podspec.json exists! Returning local because checking is only performed in repo update
  CDN: trunk Relative path: Specs/0/8/4/GoogleUtilities/7.11.1/GoogleUtilities.podspec.json exists! Returning local because checking is only performed in repo update
  CDN: trunk Relative path: Specs/0/8/4/GoogleUtilities/7.11.4/GoogleUtilities.podspec.json exists! Returning local because checking is only performed in repo update
  CDN: trunk Relative path: Specs/0/8/4/GoogleUtilities/7.11.5/GoogleUtilities.podspec.json exists! Returning local because checking is only performed in repo update
  CDN: trunk Relative path: Specs/0/8/4/GoogleUtilities/7.11.6/GoogleUtilities.podspec.json exists! Returning local because checking is only performed in repo update
  CDN: trunk Relative path: Specs/0/8/4/GoogleUtilities/7.12.0/GoogleUtilities.podspec.json exists! Returning local because checking is only performed in repo update
  CDN: trunk Relative path: Specs/0/8/4/GoogleUtilities/7.13.0/GoogleUtilities.podspec.json exists! Returning local because checking is only performed in repo update
  CDN: trunk Relative path: Specs/0/8/4/GoogleUtilities/7.13.2/GoogleUtilities.podspec.json exists! Returning local because checking is only performed in repo update
  CDN: trunk Relative path: Specs/0/8/4/GoogleUtilities/7.13.3/GoogleUtilities.podspec.json exists! Returning local because checking is only performed in repo update
  CDN: trunk Relative path: Specs/0/8/4/GoogleUtilities/7.11.0/GoogleUtilities.podspec.json exists! Returning local because checking is only performed in repo update
  CDN: trunk Relative path: Specs/0/8/4/GoogleUtilities/7.11.1/GoogleUtilities.podspec.json exists! Returning local because checking is only performed in repo update
  CDN: trunk Relative path: Specs/0/8/4/GoogleUtilities/7.11.4/GoogleUtilities.podspec.json exists! Returning local because checking is only performed in repo update
  CDN: trunk Relative path: Specs/0/8/4/GoogleUtilities/7.11.5/GoogleUtilities.podspec.json exists! Returning local because checking is only performed in repo update
  CDN: trunk Relative path: Specs/0/8/4/GoogleUtilities/7.11.6/GoogleUtilities.podspec.json exists! Returning local because checking is only performed in repo update
  CDN: trunk Relative path: Specs/0/8/4/GoogleUtilities/7.12.0/GoogleUtilities.podspec.json exists! Returning local because checking is only performed in repo update
  CDN: trunk Relative path: Specs/0/8/4/GoogleUtilities/7.13.0/GoogleUtilities.podspec.json exists! Returning local because checking is only performed in repo update
  CDN: trunk Relative path: Specs/0/8/4/GoogleUtilities/7.13.2/GoogleUtilities.podspec.json exists! Returning local because checking is only performed in repo update
  CDN: trunk Relative path: Specs/0/8/4/GoogleUtilities/7.13.3/GoogleUtilities.podspec.json exists! Returning local because checking is only performed in repo update
  CDN: trunk Relative path: Specs/0/8/4/GoogleUtilities/7.11.0/GoogleUtilities.podspec.json exists! Returning local because checking is only performed in repo update
  CDN: trunk Relative path: Specs/0/8/4/GoogleUtilities/7.11.1/GoogleUtilities.podspec.json exists! Returning local because checking is only performed in repo update
  CDN: trunk Relative path: Specs/0/8/4/GoogleUtilities/7.11.4/GoogleUtilities.podspec.json exists! Returning local because checking is only performed in repo update
  CDN: trunk Relative path: Specs/0/8/4/GoogleUtilities/7.11.5/GoogleUtilities.podspec.json exists! Returning local because checking is only performed in repo update
  CDN: trunk Relative path: Specs/0/8/4/GoogleUtilities/7.11.6/GoogleUtilities.podspec.json exists! Returning local because checking is only performed in repo update
  CDN: trunk Relative path: Specs/0/8/4/GoogleUtilities/7.12.0/GoogleUtilities.podspec.json exists! Returning local because checking is only performed in repo update
  CDN: trunk Relative path: Specs/0/8/4/GoogleUtilities/7.13.0/GoogleUtilities.podspec.json exists! Returning local because checking is only performed in repo update
  CDN: trunk Relative path: Specs/0/8/4/GoogleUtilities/7.13.2/GoogleUtilities.podspec.json exists! Returning local because checking is only performed in repo update
  CDN: trunk Relative path: Specs/0/8/4/GoogleUtilities/7.13.3/GoogleUtilities.podspec.json exists! Returning local because checking is only performed in repo update
  CDN: trunk Relative path: Specs/e/2/1/FirebaseAnalytics/10.15.0/FirebaseAnalytics.podspec.json exists! Returning local because checking is only performed in repo update
  CDN: trunk Relative path: Specs/3/8/6/abseil/1.20220623.0/abseil.podspec.json exists! Returning local because checking is only performed in repo update
  CDN: trunk Relative path: Specs/3/8/6/abseil/1.20220623.0/abseil.podspec.json exists! Returning local because checking is only performed in repo update
  CDN: trunk Relative path: Specs/3/8/6/abseil/1.20220623.0/abseil.podspec.json exists! Returning local because checking is only performed in repo update
  CDN: trunk Relative path: Specs/3/8/6/abseil/1.20220623.0/abseil.podspec.json exists! Returning local because checking is only performed in repo update
  CDN: trunk Relative path: Specs/3/8/6/abseil/1.20220623.0/abseil.podspec.json exists! Returning local because checking is only performed in repo update
  CDN: trunk Relative path: Specs/3/8/6/abseil/1.20220623.0/abseil.podspec.json exists! Returning local because checking is only performed in repo update
  CDN: trunk Relative path: Specs/3/8/6/abseil/1.20220623.0/abseil.podspec.json exists! Returning local because checking is only performed in repo update
  CDN: trunk Relative path: Specs/3/8/6/abseil/1.20220623.0/abseil.podspec.json exists! Returning local because checking is only performed in repo update
  CDN: trunk Relative path: Specs/3/8/6/abseil/1.20220623.0/abseil.podspec.json exists! Returning local because checking is only performed in repo update
  CDN: trunk Relative path: Specs/3/8/6/abseil/1.20220623.0/abseil.podspec.json exists! Returning local because checking is only performed in repo update
  CDN: trunk Relative path: Specs/3/8/6/abseil/1.20220623.0/abseil.podspec.json exists! Returning local because checking is only performed in repo update
  CDN: trunk Relative path: Specs/3/8/6/abseil/1.20220623.0/abseil.podspec.json exists! Returning local because checking is only performed in repo update
  CDN: trunk Relative path: Specs/3/8/6/abseil/1.20220623.0/abseil.podspec.json exists! Returning local because checking is only performed in repo update
  CDN: trunk Relative path: Specs/3/8/6/abseil/1.20220623.0/abseil.podspec.json exists! Returning local because checking is only performed in repo update
  CDN: trunk Relative path: Specs/3/8/6/abseil/1.20220623.0/abseil.podspec.json exists! Returning local because checking is only performed in repo update
  CDN: trunk Relative path: Specs/3/8/6/abseil/1.20220623.0/abseil.podspec.json exists! Returning local because checking is only performed in repo update
  CDN: trunk Relative path: Specs/3/8/6/abseil/1.20220623.0/abseil.podspec.json exists! Returning local because checking is only performed in repo update
  CDN: trunk Relative path: Specs/3/8/6/abseil/1.20220623.0/abseil.podspec.json exists! Returning local because checking is only performed in repo update
  CDN: trunk Relative path: Specs/3/8/6/abseil/1.20220623.0/abseil.podspec.json exists! Returning local because checking is only performed in repo update
  CDN: trunk Relative path: Specs/3/8/6/abseil/1.20220623.0/abseil.podspec.json exists! Returning local because checking is only performed in repo update
  CDN: trunk Relative path: Specs/3/8/6/abseil/1.20220623.0/abseil.podspec.json exists! Returning local because checking is only performed in repo update
  CDN: trunk Relative path: Specs/3/8/6/abseil/1.20220623.0/abseil.podspec.json exists! Returning local because checking is only performed in repo update
  CDN: trunk Relative path: Specs/3/8/6/abseil/1.20220623.0/abseil.podspec.json exists! Returning local because checking is only performed in repo update
  CDN: trunk Relative path: Specs/3/8/6/abseil/1.20220623.0/abseil.podspec.json exists! Returning local because checking is only performed in repo update
  CDN: trunk Relative path: Specs/3/8/6/abseil/1.20220623.0/abseil.podspec.json exists! Returning local because checking is only performed in repo update
  CDN: trunk Relative path: Specs/3/8/6/abseil/1.20220623.0/abseil.podspec.json exists! Returning local because checking is only performed in repo update
  CDN: trunk Relative path: Specs/3/8/6/abseil/1.20220623.0/abseil.podspec.json exists! Returning local because checking is only performed in repo update
  CDN: trunk Relative path: Specs/3/8/6/abseil/1.20220623.0/abseil.podspec.json exists! Returning local because checking is only performed in repo update
  CDN: trunk Relative path: Specs/3/8/6/abseil/1.20220623.0/abseil.podspec.json exists! Returning local because checking is only performed in repo update
  CDN: trunk Relative path: all_pods_versions_e_3_b.txt exists! Returning local because checking is only performed in repo update
  CDN: trunk Relative path: Specs/e/3/b/GoogleAppMeasurement/11.6.0/GoogleAppMeasurement.podspec.json exists! Returning local because checking is only performed in repo update
  CDN: trunk Relative path: Specs/3/8/6/abseil/1.20220623.0/abseil.podspec.json exists! Returning local because checking is only performed in repo update
  CDN: trunk Relative path: Specs/3/8/6/abseil/1.20220623.0/abseil.podspec.json exists! Returning local because checking is only performed in repo update
  CDN: trunk Relative path: Specs/3/8/6/abseil/1.20220623.0/abseil.podspec.json exists! Returning local because checking is only performed in repo update
  CDN: trunk Relative path: Specs/3/8/6/abseil/1.20220623.0/abseil.podspec.json exists! Returning local because checking is only performed in repo update
  CDN: trunk Relative path: Specs/3/8/6/abseil/1.20220623.0/abseil.podspec.json exists! Returning local because checking is only performed in repo update
  CDN: trunk Relative path: Specs/3/8/6/abseil/1.20220623.0/abseil.podspec.json exists! Returning local because checking is only performed in repo update
  CDN: trunk Relative path: Specs/9/1/0/gRPC-Core/1.50.1/gRPC-Core.podspec.json exists! Returning local because checking is only performed in repo update
  CDN: trunk Relative path: Specs/9/1/0/gRPC-Core/1.50.1/gRPC-Core.podspec.json exists! Returning local because checking is only performed in repo update
  CDN: trunk Relative path: Specs/9/1/0/gRPC-Core/1.50.1/gRPC-Core.podspec.json exists! Returning local because checking is only performed in repo update
  CDN: trunk Relative path: Specs/3/8/6/abseil/1.20220623.0/abseil.podspec.json exists! Returning local because checking is only performed in repo update
  CDN: trunk Relative path: Specs/3/8/6/abseil/1.20220623.0/abseil.podspec.json exists! Returning local because checking is only performed in repo update
  CDN: trunk Relative path: Specs/3/8/6/abseil/1.20220623.0/abseil.podspec.json exists! Returning local because checking is only performed in repo update
  CDN: trunk Relative path: Specs/3/8/6/abseil/1.20220623.0/abseil.podspec.json exists! Returning local because checking is only performed in repo update
  CDN: trunk Relative path: Specs/3/8/6/abseil/1.20220623.0/abseil.podspec.json exists! Returning local because checking is only performed in repo update
  CDN: trunk Relative path: Specs/3/8/6/abseil/1.20220623.0/abseil.podspec.json exists! Returning local because checking is only performed in repo update
  CDN: trunk Relative path: Specs/3/8/6/abseil/1.20220623.0/abseil.podspec.json exists! Returning local because checking is only performed in repo update
  CDN: trunk Relative path: Specs/3/8/6/abseil/1.20220623.0/abseil.podspec.json exists! Returning local because checking is only performed in repo update
  CDN: trunk Relative path: Specs/3/8/6/abseil/1.20220623.0/abseil.podspec.json exists! Returning local because checking is only performed in repo update
  CDN: trunk Relative path: Specs/3/8/6/abseil/1.20220623.0/abseil.podspec.json exists! Returning local because checking is only performed in repo update
  CDN: trunk Relative path: Specs/3/8/6/abseil/1.20220623.0/abseil.podspec.json exists! Returning local because checking is only performed in repo update
  CDN: trunk Relative path: Specs/3/8/6/abseil/1.20220623.0/abseil.podspec.json exists! Returning local because checking is only performed in repo update
  CDN: trunk Relative path: Specs/3/8/6/abseil/1.20220623.0/abseil.podspec.json exists! Returning local because checking is only performed in repo update
  CDN: trunk Relative path: Specs/3/8/6/abseil/1.20220623.0/abseil.podspec.json exists! Returning local because checking is only performed in repo update
  CDN: trunk Relative path: Specs/3/8/6/abseil/1.20220623.0/abseil.podspec.json exists! Returning local because checking is only performed in repo update
  CDN: trunk Relative path: Specs/3/8/6/abseil/1.20220623.0/abseil.podspec.json exists! Returning local because checking is only performed in repo update
  CDN: trunk Relative path: Specs/3/8/6/abseil/1.20220623.0/abseil.podspec.json exists! Returning local because checking is only performed in repo update
  CDN: trunk Relative path: Specs/3/8/6/abseil/1.20220623.0/abseil.podspec.json exists! Returning local because checking is only performed in repo update
  CDN: trunk Relative path: Specs/3/8/6/abseil/1.20220623.0/abseil.podspec.json exists! Returning local because checking is only performed in repo update
  CDN: trunk Relative path: Specs/3/8/6/abseil/1.20220623.0/abseil.podspec.json exists! Returning local because checking is only performed in repo update
  CDN: trunk Relative path: Specs/3/8/6/abseil/1.20220623.0/abseil.podspec.json exists! Returning local because checking is only performed in repo update
  CDN: trunk Relative path: Specs/3/8/6/abseil/1.20220623.0/abseil.podspec.json exists! Returning local because checking is only performed in repo update
  CDN: trunk Relative path: Specs/3/8/6/abseil/1.20220623.0/abseil.podspec.json exists! Returning local because checking is only performed in repo update
  CDN: trunk Relative path: Specs/3/8/6/abseil/1.20220623.0/abseil.podspec.json exists! Returning local because checking is only performed in repo update
  CDN: trunk Relative path: Specs/3/8/6/abseil/1.20220623.0/abseil.podspec.json exists! Returning local because checking is only performed in repo update
  CDN: trunk Relative path: Specs/3/8/6/abseil/1.20220623.0/abseil.podspec.json exists! Returning local because checking is only performed in repo update
  CDN: trunk Relative path: Specs/3/8/6/abseil/1.20220623.0/abseil.podspec.json exists! Returning local because checking is only performed in repo update
  CDN: trunk Relative path: Specs/3/8/6/abseil/1.20220623.0/abseil.podspec.json exists! Returning local because checking is only performed in repo update
  CDN: trunk Relative path: Specs/3/8/6/abseil/1.20220623.0/abseil.podspec.json exists! Returning local because checking is only performed in repo update
  CDN: trunk Relative path: Specs/3/8/6/abseil/1.20220623.0/abseil.podspec.json exists! Returning local because checking is only performed in repo update
  CDN: trunk Relative path: Specs/3/8/6/abseil/1.20220623.0/abseil.podspec.json exists! Returning local because checking is only performed in repo update
  CDN: trunk Relative path: Specs/a/9/3/SocketRocket/0.6.1/SocketRocket.podspec.json exists! Returning local because checking is only performed in repo update
  CDN: trunk Relative path: Specs/8/b/d/FirebaseCore/10.15.0/FirebaseCore.podspec.json exists! Returning local because checking is only performed in repo update
  CDN: trunk Relative path: Specs/0/8/4/GoogleUtilities/7.8.0/GoogleUtilities.podspec.json exists! Returning local because checking is only performed in repo update
  CDN: trunk Relative path: Specs/0/8/4/GoogleUtilities/7.10.0/GoogleUtilities.podspec.json exists! Returning local because checking is only performed in repo update
  CDN: trunk Relative path: Specs/0/8/4/GoogleUtilities/7.11.0/GoogleUtilities.podspec.json exists! Returning local because checking is only performed in repo update
  CDN: trunk Relative path: Specs/0/8/4/GoogleUtilities/7.11.1/GoogleUtilities.podspec.json exists! Returning local because checking is only performed in repo update
  CDN: trunk Relative path: Specs/0/8/4/GoogleUtilities/7.11.4/GoogleUtilities.podspec.json exists! Returning local because checking is only performed in repo update
  CDN: trunk Relative path: Specs/0/8/4/GoogleUtilities/7.11.5/GoogleUtilities.podspec.json exists! Returning local because checking is only performed in repo update
  CDN: trunk Relative path: Specs/0/8/4/GoogleUtilities/7.11.6/GoogleUtilities.podspec.json exists! Returning local because checking is only performed in repo update
  CDN: trunk Relative path: Specs/0/8/4/GoogleUtilities/7.12.0/GoogleUtilities.podspec.json exists! Returning local because checking is only performed in repo update
  CDN: trunk Relative path: Specs/0/8/4/GoogleUtilities/7.13.0/GoogleUtilities.podspec.json exists! Returning local because checking is only performed in repo update
  CDN: trunk Relative path: Specs/0/8/4/GoogleUtilities/7.13.2/GoogleUtilities.podspec.json exists! Returning local because checking is only performed in repo update
  CDN: trunk Relative path: Specs/0/8/4/GoogleUtilities/7.13.3/GoogleUtilities.podspec.json exists! Returning local because checking is only performed in repo update
  CDN: trunk Relative path: Specs/0/8/4/GoogleUtilities/7.8.0/GoogleUtilities.podspec.json exists! Returning local because checking is only performed in repo update
  CDN: trunk Relative path: Specs/0/8/4/GoogleUtilities/7.10.0/GoogleUtilities.podspec.json exists! Returning local because checking is only performed in repo update
  CDN: trunk Relative path: Specs/0/8/4/GoogleUtilities/7.11.0/GoogleUtilities.podspec.json exists! Returning local because checking is only performed in repo update
  CDN: trunk Relative path: Specs/0/8/4/GoogleUtilities/7.11.1/GoogleUtilities.podspec.json exists! Returning local because checking is only performed in repo update
  CDN: trunk Relative path: Specs/0/8/4/GoogleUtilities/7.11.4/GoogleUtilities.podspec.json exists! Returning local because checking is only performed in repo update
  CDN: trunk Relative path: Specs/0/8/4/GoogleUtilities/7.11.5/GoogleUtilities.podspec.json exists! Returning local because checking is only performed in repo update
  CDN: trunk Relative path: Specs/0/8/4/GoogleUtilities/7.11.6/GoogleUtilities.podspec.json exists! Returning local because checking is only performed in repo update
  CDN: trunk Relative path: Specs/0/8/4/GoogleUtilities/7.12.0/GoogleUtilities.podspec.json exists! Returning local because checking is only performed in repo update
  CDN: trunk Relative path: Specs/0/8/4/GoogleUtilities/7.13.0/GoogleUtilities.podspec.json exists! Returning local because checking is only performed in repo update
  CDN: trunk Relative path: Specs/0/8/4/GoogleUtilities/7.13.2/GoogleUtilities.podspec.json exists! Returning local because checking is only performed in repo update
  CDN: trunk Relative path: Specs/0/8/4/GoogleUtilities/7.13.3/GoogleUtilities.podspec.json exists! Returning local because checking is only performed in repo update
  CDN: trunk Relative path: all_pods_versions_7_9_1.txt exists! Returning local because checking is only performed in repo update
  CDN: trunk Relative path: Specs/7/9/1/FirebaseCoreInternal/11.6.0/FirebaseCoreInternal.podspec.json exists! Returning local because checking is only performed in repo update
  CDN: trunk Relative path: Specs/8/b/d/FirebaseCore/10.29.0/FirebaseCore.podspec.json exists! Returning local because checking is only performed in repo update
  CDN: trunk Relative path: Specs/8/b/d/FirebaseCore/10.28.1/FirebaseCore.podspec.json exists! Returning local because checking is only performed in repo update
  CDN: trunk Relative path: Specs/8/b/d/FirebaseCore/10.28.0/FirebaseCore.podspec.json exists! Returning local because checking is only performed in repo update
  CDN: trunk Relative path: Specs/8/b/d/FirebaseCore/10.27.0/FirebaseCore.podspec.json exists! Returning local because checking is only performed in repo update
  CDN: trunk Relative path: Specs/8/b/d/FirebaseCore/10.25.0/FirebaseCore.podspec.json exists! Returning local because checking is only performed in repo update
  CDN: trunk Relative path: Specs/8/b/d/FirebaseCore/10.24.0/FirebaseCore.podspec.json exists! Returning local because checking is only performed in repo update
  CDN: trunk Relative path: Specs/8/b/d/FirebaseCore/10.23.1/FirebaseCore.podspec.json exists! Returning local because checking is only performed in repo update
  CDN: trunk Relative path: Specs/8/b/d/FirebaseCore/10.23.0/FirebaseCore.podspec.json exists! Returning local because checking is only performed in repo update
  CDN: trunk Relative path: Specs/8/b/d/FirebaseCore/10.22.0/FirebaseCore.podspec.json exists! Returning local because checking is only performed in repo update
  CDN: trunk Relative path: Specs/8/b/d/FirebaseCore/10.21.0/FirebaseCore.podspec.json exists! Returning local because checking is only performed in repo update
  CDN: trunk Relative path: Specs/8/b/d/FirebaseCore/10.20.0/FirebaseCore.podspec.json exists! Returning local because checking is only performed in repo update
  CDN: trunk Relative path: Specs/8/b/d/FirebaseCore/10.19.0/FirebaseCore.podspec.json exists! Returning local because checking is only performed in repo update
  CDN: trunk Relative path: Specs/8/b/d/FirebaseCore/10.18.0/FirebaseCore.podspec.json exists! Returning local because checking is only performed in repo update
  CDN: trunk Relative path: Specs/8/b/d/FirebaseCore/10.17.0/FirebaseCore.podspec.json exists! Returning local because checking is only performed in repo update
  CDN: trunk Relative path: Specs/8/b/d/FirebaseCore/10.16.0/FirebaseCore.podspec.json exists! Returning local because checking is only performed in repo update
  CDN: trunk Relative path: Specs/8/b/d/FirebaseCore/10.15.0/FirebaseCore.podspec.json exists! Returning local because checking is only performed in repo update
  CDN: trunk Relative path: Specs/8/b/d/FirebaseCore/10.14.0/FirebaseCore.podspec.json exists! Returning local because checking is only performed in repo update
  CDN: trunk Relative path: Specs/8/b/d/FirebaseCore/10.13.0/FirebaseCore.podspec.json exists! Returning local because checking is only performed in repo update
  CDN: trunk Relative path: Specs/8/b/d/FirebaseCore/10.12.0/FirebaseCore.podspec.json exists! Returning local because checking is only performed in repo update
  CDN: trunk Relative path: Specs/8/b/d/FirebaseCore/10.11.0/FirebaseCore.podspec.json exists! Returning local because checking is only performed in repo update
  CDN: trunk Relative path: Specs/8/b/d/FirebaseCore/10.10.0/FirebaseCore.podspec.json exists! Returning local because checking is only performed in repo update
  CDN: trunk Relative path: Specs/8/b/d/FirebaseCore/10.9.0/FirebaseCore.podspec.json exists! Returning local because checking is only performed in repo update
  CDN: trunk Relative path: Specs/8/b/d/FirebaseCore/10.8.0/FirebaseCore.podspec.json exists! Returning local because checking is only performed in repo update
  CDN: trunk Relative path: Specs/8/b/d/FirebaseCore/10.7.0/FirebaseCore.podspec.json exists! Returning local because checking is only performed in repo update
  CDN: trunk Relative path: Specs/8/b/d/FirebaseCore/10.6.0/FirebaseCore.podspec.json exists! Returning local because checking is only performed in repo update
  CDN: trunk Relative path: Specs/8/b/d/FirebaseCore/10.5.0/FirebaseCore.podspec.json exists! Returning local because checking is only performed in repo update
  CDN: trunk Relative path: Specs/8/b/d/FirebaseCore/10.4.0/FirebaseCore.podspec.json exists! Returning local because checking is only performed in repo update
  CDN: trunk Relative path: Specs/8/b/d/FirebaseCore/10.3.0/FirebaseCore.podspec.json exists! Returning local because checking is only performed in repo update
  CDN: trunk Relative path: Specs/8/b/d/FirebaseCore/10.2.0/FirebaseCore.podspec.json exists! Returning local because checking is only performed in repo update
  CDN: trunk Relative path: Specs/8/b/d/FirebaseCore/10.1.0/FirebaseCore.podspec.json exists! Returning local because checking is only performed in repo update
  CDN: trunk Relative path: Specs/8/b/d/FirebaseCore/10.0.0/FirebaseCore.podspec.json exists! Returning local because checking is only performed in repo update
  CDN: trunk Relative path: Specs/e/3/b/GoogleAppMeasurement/10.15.0/GoogleAppMeasurement.podspec.json exists! Returning local because checking is only performed in repo update
  CDN: trunk Relative path: Specs/e/3/b/GoogleAppMeasurement/10.15.0/GoogleAppMeasurement.podspec.json exists! Returning local because checking is only performed in repo update
  CDN: trunk Relative path: Specs/3/8/6/abseil/1.20220623.0/abseil.podspec.json exists! Returning local because checking is only performed in repo update
  CDN: trunk Relative path: Specs/3/8/6/abseil/1.20220623.0/abseil.podspec.json exists! Returning local because checking is only performed in repo update
  CDN: trunk Relative path: Specs/3/8/6/abseil/1.20220623.0/abseil.podspec.json exists! Returning local because checking is only performed in repo update
  CDN: trunk Relative path: Specs/3/8/6/abseil/1.20220623.0/abseil.podspec.json exists! Returning local because checking is only performed in repo update
  CDN: trunk Relative path: Specs/3/8/6/abseil/1.20220623.0/abseil.podspec.json exists! Returning local because checking is only performed in repo update
  CDN: trunk Relative path: all_pods_versions_f_8_8.txt exists! Returning local because checking is only performed in repo update
  CDN: trunk Relative path: Specs/f/8/8/BoringSSL-GRPC/0.0.38/BoringSSL-GRPC.podspec.json exists! Returning local because checking is only performed in repo update
  CDN: trunk Relative path: Specs/e/3/b/GoogleAppMeasurement/10.15.0/GoogleAppMeasurement.podspec.json exists! Returning local because checking is only performed in repo update
  CDN: trunk Relative path: Specs/f/8/8/BoringSSL-GRPC/0.0.24/BoringSSL-GRPC.podspec.json exists! Returning local because checking is only performed in repo update
  CDN: trunk Relative path: Specs/f/8/8/BoringSSL-GRPC/0.0.24/BoringSSL-GRPC.podspec.json exists! Returning local because checking is only performed in repo update
  CDN: trunk Relative path: Specs/f/8/8/BoringSSL-GRPC/0.0.24/BoringSSL-GRPC.podspec.json exists! Returning local because checking is only performed in repo update
  CDN: trunk Relative path: Specs/3/8/6/abseil/1.20220623.0/abseil.podspec.json exists! Returning local because checking is only performed in repo update
  CDN: trunk Relative path: Specs/3/8/6/abseil/1.20220623.0/abseil.podspec.json exists! Returning local because checking is only performed in repo update
  CDN: trunk Relative path: Specs/3/8/6/abseil/1.20220623.0/abseil.podspec.json exists! Returning local because checking is only performed in repo update
  CDN: trunk Relative path: Specs/3/8/6/abseil/1.20220623.0/abseil.podspec.json exists! Returning local because checking is only performed in repo update
  CDN: trunk Relative path: Specs/3/8/6/abseil/1.20220623.0/abseil.podspec.json exists! Returning local because checking is only performed in repo update
  CDN: trunk Relative path: Specs/3/8/6/abseil/1.20220623.0/abseil.podspec.json exists! Returning local because checking is only performed in repo update
  CDN: trunk Relative path: Specs/3/8/6/abseil/1.20220623.2/abseil.podspec.json exists! Returning local because checking is only performed in repo update
  CDN: trunk Relative path: Specs/3/8/6/abseil/1.20220623.2/abseil.podspec.json exists! Returning local because checking is only performed in repo update
  CDN: trunk Relative path: Specs/3/8/6/abseil/1.20220623.2/abseil.podspec.json exists! Returning local because checking is only performed in repo update
  CDN: trunk Relative path: Specs/3/8/6/abseil/1.20220623.2/abseil.podspec.json exists! Returning local because checking is only performed in repo update
  CDN: trunk Relative path: Specs/3/8/6/abseil/1.20220623.2/abseil.podspec.json exists! Returning local because checking is only performed in repo update
  CDN: trunk Relative path: Specs/3/8/6/abseil/1.20220623.2/abseil.podspec.json exists! Returning local because checking is only performed in repo update
  CDN: trunk Relative path: Specs/3/8/6/abseil/1.20220623.2/abseil.podspec.json exists! Returning local because checking is only performed in repo update
  CDN: trunk Relative path: Specs/3/8/6/abseil/1.20220623.2/abseil.podspec.json exists! Returning local because checking is only performed in repo update
  CDN: trunk Relative path: Specs/3/8/6/abseil/1.20220623.2/abseil.podspec.json exists! Returning local because checking is only performed in repo update
  CDN: trunk Relative path: Specs/3/8/6/abseil/1.20220623.0/abseil.podspec.json exists! Returning local because checking is only performed in repo update
  CDN: trunk Relative path: Specs/3/8/6/abseil/1.20220623.0/abseil.podspec.json exists! Returning local because checking is only performed in repo update
  CDN: trunk Relative path: Specs/3/8/6/abseil/1.20220623.0/abseil.podspec.json exists! Returning local because checking is only performed in repo update
  CDN: trunk Relative path: Specs/3/8/6/abseil/1.20220623.0/abseil.podspec.json exists! Returning local because checking is only performed in repo update
  CDN: trunk Relative path: Specs/3/8/6/abseil/1.20220623.2/abseil.podspec.json exists! Returning local because checking is only performed in repo update
  CDN: trunk Relative path: Specs/3/8/6/abseil/1.20220623.2/abseil.podspec.json exists! Returning local because checking is only performed in repo update
  CDN: trunk Relative path: Specs/3/8/6/abseil/1.20220623.2/abseil.podspec.json exists! Returning local because checking is only performed in repo update
  CDN: trunk Relative path: Specs/3/8/6/abseil/1.20220623.2/abseil.podspec.json exists! Returning local because checking is only performed in repo update
  CDN: trunk Relative path: Specs/3/8/6/abseil/1.20220623.2/abseil.podspec.json exists! Returning local because checking is only performed in repo update
  CDN: trunk Relative path: Specs/3/8/6/abseil/1.20220623.2/abseil.podspec.json exists! Returning local because checking is only performed in repo update
  CDN: trunk Relative path: Specs/3/8/6/abseil/1.20220623.0/abseil.podspec.json exists! Returning local because checking is only performed in repo update
  CDN: trunk Relative path: Specs/3/8/6/abseil/1.20220623.0/abseil.podspec.json exists! Returning local because checking is only performed in repo update
  CDN: trunk Relative path: Specs/3/8/6/abseil/1.20220623.2/abseil.podspec.json exists! Returning local because checking is only performed in repo update
  CDN: trunk Relative path: Specs/3/8/6/abseil/1.20220623.2/abseil.podspec.json exists! Returning local because checking is only performed in repo update
  CDN: trunk Relative path: Specs/3/8/6/abseil/1.20220623.2/abseil.podspec.json exists! Returning local because checking is only performed in repo update
  CDN: trunk Relative path: Specs/3/8/6/abseil/1.20220623.2/abseil.podspec.json exists! Returning local because checking is only performed in repo update
  CDN: trunk Relative path: Specs/3/8/6/abseil/1.20220623.2/abseil.podspec.json exists! Returning local because checking is only performed in repo update
  CDN: trunk Relative path: Specs/3/8/6/abseil/1.20220623.2/abseil.podspec.json exists! Returning local because checking is only performed in repo update
  CDN: trunk Relative path: Specs/3/8/6/abseil/1.20220623.2/abseil.podspec.json exists! Returning local because checking is only performed in repo update
  CDN: trunk Relative path: Specs/3/8/6/abseil/1.20220623.2/abseil.podspec.json exists! Returning local because checking is only performed in repo update
  CDN: trunk Relative path: Specs/3/8/6/abseil/1.20220623.2/abseil.podspec.json exists! Returning local because checking is only performed in repo update
  CDN: trunk Relative path: Specs/3/8/6/abseil/1.20220623.2/abseil.podspec.json exists! Returning local because checking is only performed in repo update
  CDN: trunk Relative path: Specs/3/8/6/abseil/1.20220623.2/abseil.podspec.json exists! Returning local because checking is only performed in repo update
  CDN: trunk Relative path: Specs/3/8/6/abseil/1.20220623.2/abseil.podspec.json exists! Returning local because checking is only performed in repo update
  CDN: trunk Relative path: Specs/3/8/6/abseil/1.20220623.2/abseil.podspec.json exists! Returning local because checking is only performed in repo update
  CDN: trunk Relative path: Specs/3/8/6/abseil/1.20220623.2/abseil.podspec.json exists! Returning local because checking is only performed in repo update
  CDN: trunk Relative path: Specs/3/8/6/abseil/1.20220623.2/abseil.podspec.json exists! Returning local because checking is only performed in repo update
  CDN: trunk Relative path: Specs/3/8/6/abseil/1.20220623.2/abseil.podspec.json exists! Returning local because checking is only performed in repo update
  CDN: trunk Relative path: Specs/3/8/6/abseil/1.20220623.2/abseil.podspec.json exists! Returning local because checking is only performed in repo update
  CDN: trunk Relative path: Specs/3/8/6/abseil/1.20220623.0/abseil.podspec.json exists! Returning local because checking is only performed in repo update
  CDN: trunk Relative path: Specs/6/1/e/nanopb/2.30909.1/nanopb.podspec.json exists! Returning local because checking is only performed in repo update
  CDN: trunk Relative path: Specs/6/1/e/nanopb/2.30909.0/nanopb.podspec.json exists! Returning local because checking is only performed in repo update
  CDN: trunk Relative path: Specs/6/1/e/nanopb/2.30908.0/nanopb.podspec.json exists! Returning local because checking is only performed in repo update
  CDN: trunk Relative path: Specs/6/1/e/nanopb/2.30909.1/nanopb.podspec.json exists! Returning local because checking is only performed in repo update
  CDN: trunk Relative path: Specs/6/1/e/nanopb/2.30909.1/nanopb.podspec.json exists! Returning local because checking is only performed in repo update
  CDN: trunk Relative path: Specs/f/1/2/ASN1Decoder/1.10.0/ASN1Decoder.podspec.json exists! Returning local because checking is only performed in repo update
  CDN: trunk Relative path: Specs/f/1/2/ASN1Decoder/1.9.0/ASN1Decoder.podspec.json exists! Returning local because checking is only performed in repo update
  CDN: trunk Relative path: Specs/f/1/2/ASN1Decoder/1.8.0/ASN1Decoder.podspec.json exists! Returning local because checking is only performed in repo update
  CDN: trunk Relative path: Specs/a/d/a/leveldb-library/1.22.6/leveldb-library.podspec.json exists! Returning local because checking is only performed in repo update
  CDN: trunk Relative path: Specs/a/d/a/leveldb-library/1.22.5/leveldb-library.podspec.json exists! Returning local because checking is only performed in repo update
  CDN: trunk Relative path: Specs/a/d/a/leveldb-library/1.22.4/leveldb-library.podspec.json exists! Returning local because checking is only performed in repo update
  CDN: trunk Relative path: Specs/a/d/a/leveldb-library/1.22.3/leveldb-library.podspec.json exists! Returning local because checking is only performed in repo update
  CDN: trunk Relative path: Specs/a/d/a/leveldb-library/1.22.2/leveldb-library.podspec.json exists! Returning local because checking is only performed in repo update
  CDN: trunk Relative path: Specs/a/d/a/leveldb-library/1.22.1/leveldb-library.podspec.json exists! Returning local because checking is only performed in repo update
  CDN: trunk Relative path: Specs/a/d/a/leveldb-library/1.22/leveldb-library.podspec.json exists! Returning local because checking is only performed in repo update
  CDN: trunk Relative path: Specs/b/b/a/YoutubePlayer-in-WKWebView/0.3.11/YoutubePlayer-in-WKWebView.podspec.json exists! Returning local because checking is only performed in repo update
  CDN: trunk Relative path: Specs/b/b/a/YoutubePlayer-in-WKWebView/0.3.9/YoutubePlayer-in-WKWebView.podspec.json exists! Returning local because checking is only performed in repo update
  CDN: trunk Relative path: Specs/b/b/a/YoutubePlayer-in-WKWebView/0.3.8/YoutubePlayer-in-WKWebView.podspec.json exists! Returning local because checking is only performed in repo update
  CDN: trunk Relative path: Specs/b/b/a/YoutubePlayer-in-WKWebView/0.3.7/YoutubePlayer-in-WKWebView.podspec.json exists! Returning local because checking is only performed in repo update
  CDN: trunk Relative path: Specs/b/b/a/YoutubePlayer-in-WKWebView/0.3.5/YoutubePlayer-in-WKWebView.podspec.json exists! Returning local because checking is only performed in repo update
  CDN: trunk Relative path: Specs/b/b/a/YoutubePlayer-in-WKWebView/0.3.4/YoutubePlayer-in-WKWebView.podspec.json exists! Returning local because checking is only performed in repo update
  CDN: trunk Relative path: Specs/b/b/a/YoutubePlayer-in-WKWebView/0.3.3/YoutubePlayer-in-WKWebView.podspec.json exists! Returning local because checking is only performed in repo update
  CDN: trunk Relative path: Specs/b/b/a/YoutubePlayer-in-WKWebView/0.3.2/YoutubePlayer-in-WKWebView.podspec.json exists! Returning local because checking is only performed in repo update
  CDN: trunk Relative path: Specs/b/b/a/YoutubePlayer-in-WKWebView/0.3.1/YoutubePlayer-in-WKWebView.podspec.json exists! Returning local because checking is only performed in repo update
  CDN: trunk Relative path: Specs/0/8/4/GoogleUtilities/7.13.3/GoogleUtilities.podspec.json exists! Returning local because checking is only performed in repo update
  CDN: trunk Relative path: Specs/0/8/4/GoogleUtilities/7.13.3/GoogleUtilities.podspec.json exists! Returning local because checking is only performed in repo update
  CDN: trunk Relative path: Specs/0/8/4/GoogleUtilities/7.13.3/GoogleUtilities.podspec.json exists! Returning local because checking is only performed in repo update
  CDN: trunk Relative path: all_pods_versions_0_b_5.txt exists! Returning local because checking is only performed in repo update
  CDN: trunk Relative path: Specs/0/b/5/PromisesObjC/2.4.0/PromisesObjC.podspec.json exists! Returning local because checking is only performed in repo update
  CDN: trunk Relative path: Specs/0/8/4/GoogleUtilities/7.13.3/GoogleUtilities.podspec.json exists! Returning local because checking is only performed in repo update
  CDN: trunk Relative path: Specs/0/8/4/GoogleUtilities/7.13.3/GoogleUtilities.podspec.json exists! Returning local because checking is only performed in repo update
  CDN: trunk Relative path: Specs/0/8/4/GoogleUtilities/7.13.3/GoogleUtilities.podspec.json exists! Returning local because checking is only performed in repo update
  CDN: trunk Relative path: Specs/0/b/5/PromisesObjC/2.4.0/PromisesObjC.podspec.json exists! Returning local because checking is only performed in repo update
  CDN: trunk Relative path: Specs/0/b/5/PromisesObjC/2.3.1/PromisesObjC.podspec.json exists! Returning local because checking is only performed in repo update
  CDN: trunk Relative path: Specs/0/b/5/PromisesObjC/2.3.0/PromisesObjC.podspec.json exists! Returning local because checking is only performed in repo update
  CDN: trunk Relative path: Specs/0/b/5/PromisesObjC/2.2.0/PromisesObjC.podspec.json exists! Returning local because checking is only performed in repo update
  CDN: trunk Relative path: Specs/0/b/5/PromisesObjC/2.1.1/PromisesObjC.podspec.json exists! Returning local because checking is only performed in repo update
  CDN: trunk Relative path: Specs/0/b/5/PromisesObjC/2.1.0/PromisesObjC.podspec.json exists! Returning local because checking is only performed in repo update
  CDN: trunk Relative path: Specs/0/b/5/PromisesObjC/2.0.0/PromisesObjC.podspec.json exists! Returning local because checking is only performed in repo update
  CDN: trunk Relative path: Specs/0/b/5/PromisesObjC/1.2.12/PromisesObjC.podspec.json exists! Returning local because checking is only performed in repo update
  CDN: trunk Relative path: Specs/0/b/5/PromisesObjC/1.2.11/PromisesObjC.podspec.json exists! Returning local because checking is only performed in repo update
  CDN: trunk Relative path: Specs/0/b/5/PromisesObjC/1.2.10/PromisesObjC.podspec.json exists! Returning local because checking is only performed in repo update
  CDN: trunk Relative path: Specs/0/b/5/PromisesObjC/1.2.9/PromisesObjC.podspec.json exists! Returning local because checking is only performed in repo update
  CDN: trunk Relative path: Specs/0/b/5/PromisesObjC/1.2.8/PromisesObjC.podspec.json exists! Returning local because checking is only performed in repo update
  CDN: trunk Relative path: Specs/0/b/5/PromisesObjC/1.2.7/PromisesObjC.podspec.json exists! Returning local because checking is only performed in repo update
  CDN: trunk Relative path: Specs/0/b/5/PromisesObjC/1.2.6/PromisesObjC.podspec.json exists! Returning local because checking is only performed in repo update
  CDN: trunk Relative path: Specs/0/b/5/PromisesObjC/1.2.5/PromisesObjC.podspec.json exists! Returning local because checking is only performed in repo update
  CDN: trunk Relative path: Specs/0/b/5/PromisesObjC/1.2.4/PromisesObjC.podspec.json exists! Returning local because checking is only performed in repo update
  CDN: trunk Relative path: Specs/0/b/5/PromisesObjC/1.2.3/PromisesObjC.podspec.json exists! Returning local because checking is only performed in repo update
  CDN: trunk Relative path: Specs/0/b/5/PromisesObjC/1.2.2/PromisesObjC.podspec.json exists! Returning local because checking is only performed in repo update
  CDN: trunk Relative path: Specs/0/b/5/PromisesObjC/1.2.1/PromisesObjC.podspec.json exists! Returning local because checking is only performed in repo update
  CDN: trunk Relative path: Specs/0/b/5/PromisesObjC/1.2/PromisesObjC.podspec.json exists! Returning local because checking is only performed in repo update
  CDN: trunk Relative path: Specs/d/d/6/ReachabilitySwift/5.2.4/ReachabilitySwift.podspec.json exists! Returning local because checking is only performed in repo update
  CDN: trunk Relative path: Specs/d/d/6/ReachabilitySwift/5.2.3/ReachabilitySwift.podspec.json exists! Returning local because checking is only performed in repo update
  CDN: trunk Relative path: Specs/d/d/6/ReachabilitySwift/5.2.2/ReachabilitySwift.podspec.json exists! Returning local because checking is only performed in repo update
  CDN: trunk Relative path: Specs/d/d/6/ReachabilitySwift/5.2.1/ReachabilitySwift.podspec.json exists! Returning local because checking is only performed in repo update
  CDN: trunk Relative path: Specs/d/d/6/ReachabilitySwift/5.0.0/ReachabilitySwift.podspec.json exists! Returning local because checking is only performed in repo update
  CDN: trunk Relative path: Specs/d/d/6/ReachabilitySwift/5.0.0-beta1/ReachabilitySwift.podspec.json exists! Returning local because checking is only performed in repo update
  CDN: trunk Relative path: Specs/d/d/6/ReachabilitySwift/4.3.1/ReachabilitySwift.podspec.json exists! Returning local because checking is only performed in repo update
  CDN: trunk Relative path: Specs/d/d/6/ReachabilitySwift/4.3.0/ReachabilitySwift.podspec.json exists! Returning local because checking is only performed in repo update
  CDN: trunk Relative path: Specs/d/d/6/ReachabilitySwift/4.2.1/ReachabilitySwift.podspec.json exists! Returning local because checking is only performed in repo update
  CDN: trunk Relative path: Specs/d/d/6/ReachabilitySwift/4.2.0/ReachabilitySwift.podspec.json exists! Returning local because checking is only performed in repo update
  CDN: trunk Relative path: Specs/d/d/6/ReachabilitySwift/4.1.0/ReachabilitySwift.podspec.json exists! Returning local because checking is only performed in repo update
  CDN: trunk Relative path: Specs/d/d/6/ReachabilitySwift/4.0.0/ReachabilitySwift.podspec.json exists! Returning local because checking is only performed in repo update
  CDN: trunk Relative path: Specs/d/d/6/ReachabilitySwift/4.0-beta2/ReachabilitySwift.podspec.json exists! Returning local because checking is only performed in repo update
  CDN: trunk Relative path: Specs/d/d/6/ReachabilitySwift/3/ReachabilitySwift.podspec.json exists! Returning local because checking is only performed in repo update
  CDN: trunk Relative path: Specs/d/d/6/ReachabilitySwift/2.4/ReachabilitySwift.podspec.json exists! Returning local because checking is only performed in repo update
  CDN: trunk Relative path: Specs/d/d/6/ReachabilitySwift/2.3.3/ReachabilitySwift.podspec.json exists! Returning local because checking is only performed in repo update
  CDN: trunk Relative path: Specs/d/d/6/ReachabilitySwift/2.3/ReachabilitySwift.podspec.json exists! Returning local because checking is only performed in repo update
  CDN: trunk Relative path: Specs/d/d/6/ReachabilitySwift/2.1/ReachabilitySwift.podspec.json exists! Returning local because checking is only performed in repo update
  CDN: trunk Relative path: Specs/d/d/6/ReachabilitySwift/2.0/ReachabilitySwift.podspec.json exists! Returning local because checking is only performed in repo update
  CDN: trunk Relative path: Specs/d/d/6/ReachabilitySwift/2.0-beta1/ReachabilitySwift.podspec.json exists! Returning local because checking is only performed in repo update
  CDN: trunk Relative path: Specs/d/d/6/ReachabilitySwift/1.1/ReachabilitySwift.podspec.json exists! Returning local because checking is only performed in repo update
  CDN: trunk Relative path: Specs/2/f/7/FirebaseInstallations/10.29.0/FirebaseInstallations.podspec.json exists! Returning local because checking is only performed in repo update
  CDN: trunk Relative path: Specs/2/f/7/FirebaseInstallations/10.28.0/FirebaseInstallations.podspec.json exists! Returning local because checking is only performed in repo update
  CDN: trunk Relative path: Specs/2/f/7/FirebaseInstallations/10.27.0/FirebaseInstallations.podspec.json exists! Returning local because checking is only performed in repo update
  CDN: trunk Relative path: Specs/2/f/7/FirebaseInstallations/10.25.0/FirebaseInstallations.podspec.json exists! Returning local because checking is only performed in repo update
  CDN: trunk Relative path: Specs/2/f/7/FirebaseInstallations/10.24.0/FirebaseInstallations.podspec.json exists! Returning local because checking is only performed in repo update
  CDN: trunk Relative path: Specs/2/f/7/FirebaseInstallations/10.23.0/FirebaseInstallations.podspec.json exists! Returning local because checking is only performed in repo update
  CDN: trunk Relative path: Specs/2/f/7/FirebaseInstallations/10.22.0/FirebaseInstallations.podspec.json exists! Returning local because checking is only performed in repo update
  CDN: trunk Relative path: Specs/2/f/7/FirebaseInstallations/10.21.0/FirebaseInstallations.podspec.json exists! Returning local because checking is only performed in repo update
  CDN: trunk Relative path: Specs/2/f/7/FirebaseInstallations/10.20.0/FirebaseInstallations.podspec.json exists! Returning local because checking is only performed in repo update
  CDN: trunk Relative path: Specs/2/f/7/FirebaseInstallations/10.19.0/FirebaseInstallations.podspec.json exists! Returning local because checking is only performed in repo update
  CDN: trunk Relative path: Specs/2/f/7/FirebaseInstallations/10.18.0/FirebaseInstallations.podspec.json exists! Returning local because checking is only performed in repo update
  CDN: trunk Relative path: Specs/2/f/7/FirebaseInstallations/10.17.0/FirebaseInstallations.podspec.json exists! Returning local because checking is only performed in repo update
  CDN: trunk Relative path: Specs/2/f/7/FirebaseInstallations/10.16.0/FirebaseInstallations.podspec.json exists! Returning local because checking is only performed in repo update
  CDN: trunk Relative path: Specs/2/f/7/FirebaseInstallations/10.15.0/FirebaseInstallations.podspec.json exists! Returning local because checking is only performed in repo update
  CDN: trunk Relative path: Specs/2/f/7/FirebaseInstallations/10.14.0/FirebaseInstallations.podspec.json exists! Returning local because checking is only performed in repo update
  CDN: trunk Relative path: Specs/2/f/7/FirebaseInstallations/10.13.0/FirebaseInstallations.podspec.json exists! Returning local because checking is only performed in repo update
  CDN: trunk Relative path: Specs/2/f/7/FirebaseInstallations/10.12.0/FirebaseInstallations.podspec.json exists! Returning local because checking is only performed in repo update
  CDN: trunk Relative path: Specs/2/f/7/FirebaseInstallations/10.11.0/FirebaseInstallations.podspec.json exists! Returning local because checking is only performed in repo update
  CDN: trunk Relative path: Specs/2/f/7/FirebaseInstallations/10.10.0/FirebaseInstallations.podspec.json exists! Returning local because checking is only performed in repo update
  CDN: trunk Relative path: Specs/2/f/7/FirebaseInstallations/10.9.0/FirebaseInstallations.podspec.json exists! Returning local because checking is only performed in repo update
  CDN: trunk Relative path: Specs/2/f/7/FirebaseInstallations/10.8.0/FirebaseInstallations.podspec.json exists! Returning local because checking is only performed in repo update
  CDN: trunk Relative path: Specs/2/f/7/FirebaseInstallations/10.7.0/FirebaseInstallations.podspec.json exists! Returning local because checking is only performed in repo update
  CDN: trunk Relative path: Specs/2/f/7/FirebaseInstallations/10.6.0/FirebaseInstallations.podspec.json exists! Returning local because checking is only performed in repo update
  CDN: trunk Relative path: Specs/2/f/7/FirebaseInstallations/10.5.0/FirebaseInstallations.podspec.json exists! Returning local because checking is only performed in repo update
  CDN: trunk Relative path: Specs/2/f/7/FirebaseInstallations/10.4.0/FirebaseInstallations.podspec.json exists! Returning local because checking is only performed in repo update
  CDN: trunk Relative path: Specs/2/f/7/FirebaseInstallations/10.3.0/FirebaseInstallations.podspec.json exists! Returning local because checking is only performed in repo update
  CDN: trunk Relative path: Specs/2/f/7/FirebaseInstallations/10.2.0/FirebaseInstallations.podspec.json exists! Returning local because checking is only performed in repo update
  CDN: trunk Relative path: Specs/2/f/7/FirebaseInstallations/10.1.0/FirebaseInstallations.podspec.json exists! Returning local because checking is only performed in repo update
  CDN: trunk Relative path: Specs/2/f/7/FirebaseInstallations/10.0.0/FirebaseInstallations.podspec.json exists! Returning local because checking is only performed in repo update
  CDN: trunk Relative path: Specs/0/8/4/GoogleUtilities/7.8.0/GoogleUtilities.podspec.json exists! Returning local because checking is only performed in repo update
  CDN: trunk Relative path: Specs/0/8/4/GoogleUtilities/7.10.0/GoogleUtilities.podspec.json exists! Returning local because checking is only performed in repo update
  CDN: trunk Relative path: Specs/0/8/4/GoogleUtilities/7.11.0/GoogleUtilities.podspec.json exists! Returning local because checking is only performed in repo update
  CDN: trunk Relative path: Specs/0/8/4/GoogleUtilities/7.11.1/GoogleUtilities.podspec.json exists! Returning local because checking is only performed in repo update
  CDN: trunk Relative path: Specs/0/8/4/GoogleUtilities/7.11.4/GoogleUtilities.podspec.json exists! Returning local because checking is only performed in repo update
  CDN: trunk Relative path: Specs/0/8/4/GoogleUtilities/7.11.5/GoogleUtilities.podspec.json exists! Returning local because checking is only performed in repo update
  CDN: trunk Relative path: Specs/0/8/4/GoogleUtilities/7.11.6/GoogleUtilities.podspec.json exists! Returning local because checking is only performed in repo update
  CDN: trunk Relative path: Specs/0/8/4/GoogleUtilities/7.12.0/GoogleUtilities.podspec.json exists! Returning local because checking is only performed in repo update
  CDN: trunk Relative path: Specs/0/8/4/GoogleUtilities/7.13.0/GoogleUtilities.podspec.json exists! Returning local because checking is only performed in repo update
  CDN: trunk Relative path: Specs/0/8/4/GoogleUtilities/7.13.2/GoogleUtilities.podspec.json exists! Returning local because checking is only performed in repo update
  CDN: trunk Relative path: Specs/0/8/4/GoogleUtilities/7.13.3/GoogleUtilities.podspec.json exists! Returning local because checking is only performed in repo update
  CDN: trunk Relative path: Specs/0/b/5/PromisesObjC/2.4.0/PromisesObjC.podspec.json exists! Returning local because checking is only performed in repo update
  CDN: trunk Relative path: Specs/0/b/5/PromisesObjC/2.3.1/PromisesObjC.podspec.json exists! Returning local because checking is only performed in repo update
  CDN: trunk Relative path: Specs/0/b/5/PromisesObjC/2.3.0/PromisesObjC.podspec.json exists! Returning local because checking is only performed in repo update
  CDN: trunk Relative path: Specs/0/b/5/PromisesObjC/2.2.0/PromisesObjC.podspec.json exists! Returning local because checking is only performed in repo update
  CDN: trunk Relative path: Specs/0/b/5/PromisesObjC/2.1.1/PromisesObjC.podspec.json exists! Returning local because checking is only performed in repo update
  CDN: trunk Relative path: Specs/0/b/5/PromisesObjC/2.1.0/PromisesObjC.podspec.json exists! Returning local because checking is only performed in repo update
  CDN: trunk Relative path: Specs/7/9/1/FirebaseCoreInternal/10.29.0/FirebaseCoreInternal.podspec.json exists! Returning local because checking is only performed in repo update
  CDN: trunk Relative path: Specs/7/9/1/FirebaseCoreInternal/10.28.0/FirebaseCoreInternal.podspec.json exists! Returning local because checking is only performed in repo update
  CDN: trunk Relative path: Specs/7/9/1/FirebaseCoreInternal/10.27.0/FirebaseCoreInternal.podspec.json exists! Returning local because checking is only performed in repo update
  CDN: trunk Relative path: Specs/7/9/1/FirebaseCoreInternal/10.25.0/FirebaseCoreInternal.podspec.json exists! Returning local because checking is only performed in repo update
  CDN: trunk Relative path: Specs/7/9/1/FirebaseCoreInternal/10.24.0/FirebaseCoreInternal.podspec.json exists! Returning local because checking is only performed in repo update
  CDN: trunk Relative path: Specs/7/9/1/FirebaseCoreInternal/10.23.0/FirebaseCoreInternal.podspec.json exists! Returning local because checking is only performed in repo update
  CDN: trunk Relative path: Specs/7/9/1/FirebaseCoreInternal/10.22.0/FirebaseCoreInternal.podspec.json exists! Returning local because checking is only performed in repo update
  CDN: trunk Relative path: Specs/7/9/1/FirebaseCoreInternal/10.21.0/FirebaseCoreInternal.podspec.json exists! Returning local because checking is only performed in repo update
  CDN: trunk Relative path: Specs/7/9/1/FirebaseCoreInternal/10.20.0/FirebaseCoreInternal.podspec.json exists! Returning local because checking is only performed in repo update
  CDN: trunk Relative path: Specs/7/9/1/FirebaseCoreInternal/10.19.0/FirebaseCoreInternal.podspec.json exists! Returning local because checking is only performed in repo update
  CDN: trunk Relative path: Specs/7/9/1/FirebaseCoreInternal/10.18.0/FirebaseCoreInternal.podspec.json exists! Returning local because checking is only performed in repo update
  CDN: trunk Relative path: Specs/7/9/1/FirebaseCoreInternal/10.17.0/FirebaseCoreInternal.podspec.json exists! Returning local because checking is only performed in repo update
  CDN: trunk Relative path: Specs/7/9/1/FirebaseCoreInternal/10.16.0/FirebaseCoreInternal.podspec.json exists! Returning local because checking is only performed in repo update
  CDN: trunk Relative path: Specs/7/9/1/FirebaseCoreInternal/10.15.0/FirebaseCoreInternal.podspec.json exists! Returning local because checking is only performed in repo update
  CDN: trunk Relative path: Specs/7/9/1/FirebaseCoreInternal/10.14.0/FirebaseCoreInternal.podspec.json exists! Returning local because checking is only performed in repo update
  CDN: trunk Relative path: Specs/7/9/1/FirebaseCoreInternal/10.13.0/FirebaseCoreInternal.podspec.json exists! Returning local because checking is only performed in repo update
  CDN: trunk Relative path: Specs/7/9/1/FirebaseCoreInternal/10.12.0/FirebaseCoreInternal.podspec.json exists! Returning local because checking is only performed in repo update
  CDN: trunk Relative path: Specs/7/9/1/FirebaseCoreInternal/10.11.0/FirebaseCoreInternal.podspec.json exists! Returning local because checking is only performed in repo update
  CDN: trunk Relative path: Specs/7/9/1/FirebaseCoreInternal/10.10.0/FirebaseCoreInternal.podspec.json exists! Returning local because checking is only performed in repo update
  CDN: trunk Relative path: Specs/7/9/1/FirebaseCoreInternal/10.9.0/FirebaseCoreInternal.podspec.json exists! Returning local because checking is only performed in repo update
  CDN: trunk Relative path: Specs/7/9/1/FirebaseCoreInternal/10.8.0/FirebaseCoreInternal.podspec.json exists! Returning local because checking is only performed in repo update
  CDN: trunk Relative path: Specs/7/9/1/FirebaseCoreInternal/10.7.0/FirebaseCoreInternal.podspec.json exists! Returning local because checking is only performed in repo update
  CDN: trunk Relative path: Specs/7/9/1/FirebaseCoreInternal/10.6.0/FirebaseCoreInternal.podspec.json exists! Returning local because checking is only performed in repo update
  CDN: trunk Relative path: Specs/7/9/1/FirebaseCoreInternal/10.5.0/FirebaseCoreInternal.podspec.json exists! Returning local because checking is only performed in repo update
  CDN: trunk Relative path: Specs/7/9/1/FirebaseCoreInternal/10.4.0/FirebaseCoreInternal.podspec.json exists! Returning local because checking is only performed in repo update
  CDN: trunk Relative path: Specs/7/9/1/FirebaseCoreInternal/10.3.0/FirebaseCoreInternal.podspec.json exists! Returning local because checking is only performed in repo update
  CDN: trunk Relative path: Specs/7/9/1/FirebaseCoreInternal/10.2.0/FirebaseCoreInternal.podspec.json exists! Returning local because checking is only performed in repo update
  CDN: trunk Relative path: Specs/7/9/1/FirebaseCoreInternal/10.1.0/FirebaseCoreInternal.podspec.json exists! Returning local because checking is only performed in repo update
  CDN: trunk Relative path: Specs/7/9/1/FirebaseCoreInternal/10.0.0/FirebaseCoreInternal.podspec.json exists! Returning local because checking is only performed in repo update
  CDN: trunk Relative path: Specs/0/8/4/GoogleUtilities/7.8.0/GoogleUtilities.podspec.json exists! Returning local because checking is only performed in repo update
  CDN: trunk Relative path: Specs/0/8/4/GoogleUtilities/7.10.0/GoogleUtilities.podspec.json exists! Returning local because checking is only performed in repo update
  CDN: trunk Relative path: Specs/0/8/4/GoogleUtilities/7.11.0/GoogleUtilities.podspec.json exists! Returning local because checking is only performed in repo update
  CDN: trunk Relative path: Specs/0/8/4/GoogleUtilities/7.11.1/GoogleUtilities.podspec.json exists! Returning local because checking is only performed in repo update
  CDN: trunk Relative path: Specs/0/8/4/GoogleUtilities/7.11.4/GoogleUtilities.podspec.json exists! Returning local because checking is only performed in repo update
  CDN: trunk Relative path: Specs/0/8/4/GoogleUtilities/7.11.5/GoogleUtilities.podspec.json exists! Returning local because checking is only performed in repo update
  CDN: trunk Relative path: Specs/0/8/4/GoogleUtilities/7.11.6/GoogleUtilities.podspec.json exists! Returning local because checking is only performed in repo update
  CDN: trunk Relative path: Specs/0/8/4/GoogleUtilities/7.12.0/GoogleUtilities.podspec.json exists! Returning local because checking is only performed in repo update
  CDN: trunk Relative path: Specs/0/8/4/GoogleUtilities/7.13.0/GoogleUtilities.podspec.json exists! Returning local because checking is only performed in repo update
  CDN: trunk Relative path: Specs/0/8/4/GoogleUtilities/7.13.2/GoogleUtilities.podspec.json exists! Returning local because checking is only performed in repo update
  CDN: trunk Relative path: Specs/0/8/4/GoogleUtilities/7.13.3/GoogleUtilities.podspec.json exists! Returning local because checking is only performed in repo update

Comparing resolved specification to the sandbox manifest
  A ASN1Decoder
  A BVLinearGradient
  A BoringSSL-GRPC
  A DoubleConversion
  A EASClient
  A EXApplication
  A EXConstants
  A EXFileSystem
  A EXFont
  A EXJSONUtils
  A EXManifests
  A EXNotifications
  A EXSplashScreen
  A EXStructuredHeaders
  A EXUpdates
  A EXUpdatesInterface
  A Expo
  A ExpoKeepAwake
  A ExpoModulesCore
  A ExpoSQLite
  A FBLazyVector
  A FBReactNativeSpec
  A Firebase
  A FirebaseAnalytics
  A FirebaseCore
  A FirebaseCoreInternal
  A FirebaseFirestore
  A FirebaseInstallations
  A GoogleAppMeasurement
  A GoogleUtilities
  A PromisesObjC
  A RCT-Folly
  A RCTRequired
  A RCTTypeSafety
  A RCTYouTube
  A RNCAsyncStorage
  A RNCPicker
  A RNDateTimePicker
  A RNFBAnalytics
  A RNFBApp
  A RNFBFirestore
  A RNGestureHandler
  A RNInAppBrowser
  A RNRate
  A RNReactNativeHapticFeedback
  A RNReanimated
  A RNScreens
  A ReachabilitySwift
  A React
  A React-Codegen
  A React-Core
  A React-CoreModules
  A React-NativeModulesApple
  A React-RCTActionSheet
  A React-RCTAnimation
  A React-RCTAppDelegate
  A React-RCTBlob
  A React-RCTImage
  A React-RCTLinking
  A React-RCTNetwork
  A React-RCTSettings
  A React-RCTText
  A React-RCTVibration
  A React-callinvoker
  A React-cxxreact
  A React-debug
  A React-jsc
  A React-jsi
  A React-jsiexecutor
  A React-jsinspector
  A React-logger
  A React-perflogger
  A React-rncore
  A React-runtimeexecutor
  A React-runtimescheduler
  A React-utils
  A ReactCommon
  A SocketRocket
  A Yoga
  A YoutubePlayer-in-WKWebView
  A abseil
  A boost
  A fmt
  A gRPC-C++
  A gRPC-Core
  A glog
  A leveldb-library
  A nanopb
  A react-native-config
  A react-native-safe-area-context
  A react-native-slider
  A react-native-webview

Downloading dependencies

-> Installing ASN1Decoder (1.10.0)
 > Git download
 > Git download
     $ /usr/bin/git clone https://github.com/filom/ASN1Decoder.git /var/folders/3n/wjddhk5s4b9_8vrk72p0c4gc0000gn/T/d20250110-48425-xpfmfq --template= --single-branch --depth 1 --branch 1.10.0
     Cloning into '/var/folders/3n/wjddhk5s4b9_8vrk72p0c4gc0000gn/T/d20250110-48425-xpfmfq'...
     Note: switching to '7e1523662c69d019a3299bbfb22fb824141dd1f6'.
     
     You are in 'detached HEAD' state. You can look around, make experimental
     changes and commit them, and you can discard any commits you make in this
     state without impacting any branches by switching back to a branch.
     
     If you want to create a new branch to retain commits you create, you may
     do so (now or later) by using -c with the switch command. Example:
     
       git switch -c <new-branch-name>
     
     Or undo this operation with:
     
       git switch -
     
     Turn off this advice by setting config variable advice.detachedHead to false
     
  $ /usr/bin/rsync -a --exclude=.git --delete /var/folders/3n/wjddhk5s4b9_8vrk72p0c4gc0000gn/T/d20250110-48425-xpfmfq/ /Users/gr0nk/Library/Caches/CocoaPods/Pods/Release/ASN1Decoder/1.10.0-91cb1
  > Copying ASN1Decoder from `/Users/gr0nk/Library/Caches/CocoaPods/Pods/Release/ASN1Decoder/1.10.0-91cb1` to `Pods/ASN1Decoder`

-> Installing BVLinearGradient (2.8.3)

-> Installing BoringSSL-GRPC (0.0.24)
 > Git download
 > Git download
     $ /usr/bin/git clone https://github.com/google/boringssl.git /var/folders/3n/wjddhk5s4b9_8vrk72p0c4gc0000gn/T/d20250110-48425-sp94a --template=
     Cloning into '/var/folders/3n/wjddhk5s4b9_8vrk72p0c4gc0000gn/T/d20250110-48425-sp94a'...
   $ /usr/bin/git -C /var/folders/3n/wjddhk5s4b9_8vrk72p0c4gc0000gn/T/d20250110-48425-sp94a checkout --quiet b9232f9e27e5668bc0414879dcdedb2a59ea75f2
  $ /usr/bin/rsync -a --exclude=.git --delete /var/folders/3n/wjddhk5s4b9_8vrk72p0c4gc0000gn/T/d20250110-48425-sp94a/ /Users/gr0nk/Library/Caches/CocoaPods/Pods/Release/BoringSSL-GRPC/0.0.24-3175b
 > Running prepare command
   $ /bin/bash -c  set -e set -e # Add a module map and an umbrella header mkdir -p src/include/openssl cat > src/include/openssl/umbrella.h <<EOF   #include "ssl.h"   #include "crypto.h"   #include "aes.h"   /* The following macros are defined by base.h. The latter is the first file included by the      other headers. */   #if defined(OPENSSL_ARM) || defined(OPENSSL_AARCH64)   #  include "arm_arch.h"   #endif   #include "asn1.h"   #include "asn1_mac.h"   #include "asn1t.h"   #include "blowfish.h"   #include "cast.h"   #include "chacha.h"   #include "cmac.h"   #include "conf.h"   #include "cpu.h"   #include "curve25519.h"   #include "des.h"   #include "dtls1.h"   #include "hkdf.h"   #include "md4.h"   #include "md5.h"   #include "obj_mac.h"   #include "objects.h"   #include "opensslv.h"   #include "ossl_typ.h"   #include "pkcs12.h"   #include "pkcs7.h"   #include "pkcs8.h"   #include "poly1305.h"   #include "rand.h"   #include "rc4.h"   #include "ripemd.h"   #include "safestack.h"   #include "srtp.h"   #include "x509.h"   #include "x509v3.h" EOF cat > src/include/openssl/BoringSSL.modulemap <<EOF   framework module openssl {     umbrella header "umbrella.h"     textual header "arm_arch.h"     export *     module * { export * }   } EOF  # To avoid symbol conflict with OpenSSL, gRPC needs to rename all the BoringSSL symbols with a # prefix. This is done with BoringSSL's BORINGSSL_PREFIX mechanism # (https://github.com/google/boringssl/blob/75148d7abf12bdd1797fec3c5da9a21963703516/BUILDING.md#building-with-prefixed-symbols). # The required prefix header file boringssl_prefix_symbols.h is not part of BoringSSL repo at # this moment. It has to be generated by BoringSSL's users and be injected to BoringSSL build. # gRPC generates this file in script /tools/distrib/upgrade_boringssl_objc.sh. This script # outputs a gzip+base64 encoded version of boringssl_prefix_symbols.h because of Cocoapods' # limit on the 'prepare_command' field length. The encoded header is generated from # /src/boringssl/boringssl_prefix_symbols.h. Here we decode the content and inject the header to # the correct location in BoringSSL. case "$(uname)" in   Darwin) opts="" ;;        *) opts="--ignore-garbage" ;; esac base64 --decode $opts <<EOF | gunzip > src/include/openssl/boringssl_prefix_symbols.h   H4sICAAAAAAC/2JvcmluZ3NzbF9wcmVmaXhfc3ltYm9scy5oAKydXXPbuJZo3+dXuO683Kk6NRM7nW73   fVNsJdG0Y/tIck9nXliURNk8oUiFoOy4f/0FQErEx94g94arTs10LK21KQDEF0Hgv/7r7DErszptss3Z   6vX0j2RV1Xn5KESR7Otsm/9MnrJ0k9X/KZ7OqvLso/50sbg5W1e7Xd78v7PV7xfvL7a/Zxe/ZR9+/fVy   tX73y/kvl7/9vllvss3qIv3we5b+9mF78W//9l//dXZV7V/r/PGpOfu/6/84u3h3fvmPs89V9VhkZ7Ny   /Z/yK+pb91m9y4XIZbymOjuI7B8y2v71H2e7apNv5f9Py81/VfXZJhdNna8OTXbWPOXiTFTb5iWts7Ot   /DAtX5Vrf6j3lcjOXvJG/oBa///q0Jxts+xMIk9ZnalfX6elTIh/nO3r6jmXFy6FaSP/T3aWrqrnTJnW   p2svqyZfZ+oq2rj7/nqPH+33WVqf5eVZWhSKzDNx/HXLL9Ozxd2n5f9M5tOz2eLsfn735+x6en32fyYL   +e//cza5vdZfmjwsv9zNz65ni6ubyezr4mxyc3MmqfnkdjmbLpTrf2bLL2fz6efJXCJ3kpK+3n17dfNw   Pbv9rMHZ1/ubmYzSC87uPinH1+n86ov8y+Tj7Ga2/KbDf5otb6eLxX9Kx9nt3dn0z+nt8mzxRXmMK/s4   PbuZTT7eTM8+yX9Nbr8p3eJ+ejWb3PxDXvd8erX8h1Qc/0t+6erudjH954PUye+cXU++Tj6rC9H08Z/6   h32ZLBd3Mu5c/rzFw81S/YxP87uvZzd3C3XlZw+LqYwxWU4ULdNQXvLiH5Kbygucq+ueyP9dLWd3t8on   ARl6OZ+o67idfr6ZfZ7eXk0Ve6eB5d1cfvdh0TH/OJvMZwsV9O5hqeg75dRF+O72dqq/06a+Sg95Lfoq   pnOZEF8nWvzJzo3/1OX/491cOuXtk0yur5P7+fTT7K+zfSqaTJw1L9WZLHplk2/zrBay8MjCX5WZzIRG   FTFZqHdC/UGJ8kbdrarEVduzXbquq7Ps5z4tdSGU/8sbcZbWj4ed9ImzVSbhTAeSd+9//tu/b+SdXWbg   5fzf9B9nq/8AP0pm8qfP2y8EHeYXz9Kzf//3s0T9n9W/9dTsLtkmspaBr6H/Y/uHf/TAf1gOkTVUS4f0   nuvlzSJZF7lMqmSXyephM1bnk46VoQM9Iqufs5qjs0jHqurCZHXYbmVx47gB3o7wfJ5c8FPWpwE7U4v6   2Cnt0549JiXC6fAoy3ST7zLVstG8BulZn2QLV2RMsQ17blYiIL8+Js/COabqirzMmzwtjr8k2Ry6mpca   CFf1cafzeVJU6SZRBtW7kV2xsYEgtjff3U9v1QfqGihVpsv1xvvp16TOungL2V1QbeJIK8QC5lVeRdkd   3o7wUstWlKv3YMgdcfmgoI+h/ng1u5c9l2STiXWd7ylFEqZBu6of0oOs58t8w9CbOOpfqd4Kz61Q1LvO   97J/H3HlvQCNsckfM9FExOgFaAy2O+D8/jMp013GFHd00M6+6hZG3bv0ZyKrbMEr744Bj5KXsVF6Axol   IguC6b+vtxEZ0NEBe9VU66pIIiKcDGiUeruOSZ8jjvqf0+LAlWsWN0eVm1CZyUWSynaNYe5IzLoqqvX3   rr7j2U0DGEU0skeY1htuplq8E+Hu632SbjbJutrt60xPxRC7gwMaIN62zjLgm4IcERMBMWX5eEdPP4uE   rW/yQxAPEjHfsALkG8THTRYoVZZ/qXLwLlk/pbIWX2d1QzL7OOg/j/OfD/n1J1aOpMUjIxDoQSK2w9Sr   CSvMEYbd2c+mTuOSzHPAkUT7MzkBOtT3rp8yWT/u6/xZzbJ/z16pdk8AxGj7q/K3PdbVYU+OYOOAv8jS   2kg9QY7gCrAYbj4xI3kaLN6u2mS8EIrErJUeVzGvvYN9d1amqyJLqrXYq0ZxX8iBPjUE5EAjifyxzLpa   QE1dSGC3F8yQsAyN3RRC5V9ZZuTuJibxY22Lg3g63rrkH2bTgF2272SnZHyTbsRVyuXbfC1rAarV5bEI   6n7huRUZsvJuZpdHIuzTOt2x3JrErG2Ny6ixHRz0tzeCaNTzGbreoBG7rtIFS92iiPfYVCdFLhqW3jLA   UeSf0kMhh4upEC+yzlhxAnmSkbGSg8jqTdqkbxL0ZIOjZz8TbqgORb1l9iKb9E32kyk/8ViEyJYalMCx   8nJbJeu0KFbp+jsnjiWAY8gbtageo6I4CjiOmoTSdy/3BrIEeAw91cKaksAkSCyZdfGxXAkSi9FbO3Kw   kdlTM1DY++OQq8fNT4dmU72wksQ2wFH0s470iToz5NGwvevZyPIshyDstPctcDTi00YARbyFkLWM/M76   e3uLsjLbt8DRZPHNt69RtYijCMbZZPvmKSKI5oMRuNlu4L5fP63svlFU65R1D4ISP1aZyVFHs9sn8wV5   csJkIfMLXfjie+psVz1n3MkHm/bt6oMkXa9lTlPVBhr0Jo9VtYmQaz4coc7K7LFqcsbgB9Eg8dpqanso   ClacHsf8q+Qpp3eWTBYzV3Kcu+ZlcseGzfxsNgUDMWIzGvAgEfVgRGeXyP/mBbMVgTj6iyt2jBYP+FVf   PcLf4gF/V8lEhDgZkCjsmyJwR6jFuRnP2qKItzzsVsTHZTaKeEV8iRRjSqSIK5FiqESKuBIphkqkiC6R   YkSJ7HqVvPJzhCF3865bPJnsq4rRzNg8EoE1lycCc3ntZ8fJG8FTn3DEf+z7sufGYAsY7ZydRueBNJKf   HepnTq1zQoNe1rSByyMRsvUTa4BkwYibNUfbk4hV5I9p8ci74I4Nm/nJbQqQGHHPOAAFEuct7qrzkXdV   Ioet1UtyKL+X1Yt6YLzvZnY4mYTLsNiR0cb4RVaoDian5XENcJT2qTtL36EBLzf/B/Ndfx45/YF5kIh6   2jgtN5yn6p4AidE+GmfWAiaO+KOep4gRz1OM78QULMuARDnUtfqS6vtww9gKLI4shruujPCiGAI4RvQT   KDHuCZR40ydQgvgEyvx+d8vt0+ZJxMQ1PUjESuhaVtaBemKYl7auBI6VpXXxqp+TdWsCOM0sYEGi8Z7m   idDTPPXhNi1EptZr1F2TmG2S7oVW3aJwAg454St5rLNUYhFpaRvgKFHP+8Tw8z4R/7xPjHneJ2Kf94nh   533iLZ73iXHP+45fE5lsM7d1+qheM+XGsiRIrNhni2Lcs0XBfLYo0GeL+hMRV7xMfjhCktaPsVGUA45U   qqdfbSpG9X8hz1BEkaSbZ7V4SWSb6LCODI6tl8fVmdhXpWAVCkuAxOA9eRahJ8/qQ7UpwaHJ1NKKrBTc   EL4FidYvS+UsvEctSDTx/dQTjbixAA0er3tRNDaeo0HidZtWcGK0KOz9ccjXEdlj4Kg/YrWDGLHaQUSt   dhADqx3az9dVvenfUIpocRAVFrdRo9CqlD1M8ZRefPg1qbbmeEvwLmHIil1N13+XfWpZfx12GS+6a4Gj   HZuAfmUqs34HRVjM2FUtYuSqFvN7uXq5qGxkdRoTrbeEo6kKZ/OUcdfUBFRIXGhtN7vDi9vw6Hn5qF5O   qWo5gtnpHYwENzSgQuLWzV7d5Nu8yHjRTAESo6nzdfQ0lG+Bo3XLm9QLgxHNhW/BorFLZ7A02nPiMWNV   2IRGVZ3Mtp1Xr5ZxO+SgaGzMmG4KbgtHb9LmIGJ/7UkyJhavkXAdwUj9Sr+4aJZnZETxJvFEMNpBTf7I   +ici1FGBxJF19uaJpddkyBpXzG0FHidb869fsbi5FilXLNGgNzppTAcSqT7wmiENwk7+ZH5oFr/rhb5B   xwA2BaOy1uaKwbW5BzWxsKV6WwqwyXv4vh19/0F/iGbTQ/Zksrg9jwuhFYNxVH8qMo5SwHHmi0lcglmC   ETHYyeZbxkTjJp5vgaNFvMbo4IN+dsq5juFI7aNkbtrBpuGobxEPj6SGfu3GlM1r8pTTZ/pBiR1revUl   +WP6baHeoafoTQ4xUl+/tUDE+ZSKZHPYF11WVeU2fyQu3RlyIZF3aS2e0kJN7NSv3bcFKy5oQqISX3Ew   OcRIb74c1PZ2G6QlapPe0+PL/nEtJc6ACo5rPBlep3s1POSE9C1wNGqRNjnMWO2S1WtDm8Dwadjevr9N   3lwIwAN+3tQaogjEYT8Uwi2BaPssIs0UPOA22wARFcgyDUVt56Lj4rWOQKS3mY4cqQxcRzsWZ8dscdTP   WW0C4EE/6x1yzIFHorWgNolbd2p/7Zq6OBA24FFiHhiFPHjEboqnyLeZXidH7ZoNuUKRdxk/0i4Lm4lz   wQCO+yMzJ5gnqiMXWbk5CjwOv0rpadiei/ZRHbcPY/JwBGJn0sBgn16Vzqs6OjTojelVOAo0TkwdLobq   cPFGtZMYXTv1T3+4cUIlVETUQCJYA4m4GkgM1UBCjiWKTbJSb+WVj0WmRsasQIAHjthU/F79kQ2bk21V   R2Q2oIHj0QeMNmlb6S/CQ++/R+wRGdwfMmJvyOC+kGqDwnTfTjWoh/qywDaUHeZDDj8Say/IwD6Q6iM1   S9W9gnJY/StbN0KVINkLpz3oGFA5cQv1JbVRererPimSCw+4k6KKDKANUBQ9Su8eKqgmumjocXwHFKl5   3WfstDLgATczrVyDHaVdyfOUkxLnBLkute6p0AvdmTt/IgonjlrI1W4bSXL3mOOL2at0YJ9S+lUC1xez   D+nAHqS8/UCxvUDZ+4AG9gBlbPAB7uuxPjTNU10dHp/03r5FRnsSA+C2fyOL7aM6Xy5Z15me+k8L1VMh   9dRRiROr0gfOyGHTd9KPMDnHKLsNjNfxDMz2tXO7pxX26+Znv6hajS0pQYZcUGQ9q9x2Ymg5AOCoX73T   o/oE5KofcziR1k+8n2BwjjFyL93hfXTfbA9dwv650Xvnjtg3N6tr2WNnHj7jwY77576q9eIl1Ubv5O1f   y9ueFAA02FGoT1H8pyenQzPVsi59AALF59OuvXlnvihOK/M+DdjNB8CqWyTIETwDFIXXUId3/dWfqhtb   r1CsZJ+0zmltNmxAorCft8IGIIrxStRpyyp6joMWIBr7KdbQ0yveTszYLsz9057YcWvYhEXlPh0b81Ss   /07XyelOVmhXljHDgSosrruajRnT0wDxuvee6uzHQTZZsgEj7h2ESsBYMS9bIAoozps8XyQ9V3zUW8rQ   d4g0Oc+YdAt1iMIj5vuYa7scFPC2Ly6sXumHNwE46mfkIP5OBXMXdnQH9rjd14d2Xjc+r+W4qNox5S0M   uLuNPeiLQXw6YO+PqmGH6BV4nP7IZWaUkwCM8ZwRu+0mhxmpxyTZpG897vfBeG4C4L7fGxlSI3gCIIYa   jpC9CgJc9Cd56CoM44Pkrw/vfk8Wy7v5VK+pzDc/mSEAExiVteYjvNaj2+p/JxJx2KsBGl1twL57S75b   tsB9Iv+Ri6eM7uo438jex2TgzAL98TO5XZGI7zkNQpMiI99jFuy72XufDJxzEH3GwYjzDaLPNhhxrgHn   TAP4PAPmWQboOQZ6RdJxGEPfKBPAA35ml9HlkQjc29qCMfehKGKTyHEgkfQeDI3sXgk9waWHzIIVDzQh   UdXwJG0OddYP8lgxAQ8UsdyoWTteH9GmATvrOCebBKzG6w1kr8GGzeQlfqDAj8Hft2PohBK95fcqr6hO   xQAm1s4foTNOTp8JNadQrjOW+AgDbnqXpIb6JCJbq7um381eT17xOlEhFxS5nT22dimghwQkUKx2foc1   8rRg1K1ebWXc+zaN2Tljq54MWfXcOl+tccjPGiOj80jiKa3VLBZvusOmUTtjr2efhuy82g+v94DGLtnk   jxm9C4ybxkVV3XNWAQq4xkVm3RGIB4jI3XnlMbzrirEiPn3MEvGdtmIZwAE/++GsT8P2Q5n/oE+S9iRo   NXbOOD0EYoSANEPxOCXYN/hRIjarHjynK+aMrvD5XBFncwXP5TI+pC8S9GDQzWlz0HHzC6N3+QL2Ll/o   fbUXqK/2IqusjN2htGnbrt7diH0Oijn8SN1IiirvMNuXl8y3cS3QcxqbFxOlBulZ5VifqlOI4xHJRtY+   JE+LeB4lZ01fuKxnbnuIRGUL+S6g2VabyOwFNRECJjuq6osc9hvinFFP2bYiX9Vp/UrOfpNzjOpowv5x   G3XkBOCAv11L1S6XE2S9Rdv2XfqYr0/zKaeNABtSeUElbqx2MwK1UKZdIkML4tKuXW0zLb+gFvlQpw88   2HZzz5XEz5Qkvh/nvRdXHnb24J5UKnzatu+zjNRFUt93DeR2BWxTZN99rc7Y0hOZ+0o0vCXAAQ0cT1bR   5+/1I65jcaa//jTk8iI/55usvURqC+rBtrvd1FeW8dOvTrZF/vjUUJ8DBUVATD1zVmTPWUGO0qOAt+1A   8cQGa5trYqVRe/UE80BL9PxK4wPOHQXgrl8vsjJyU80dC1oMUOHGEe5D+n8R325AFHacbmvgfn0kJYIH   u251hIGMXLSvGNHUNuua1brl/O+s3RAmL/Imp011wAYsSkRuoxI3VlvP1Rn1VRCbdK2csw6xcw4jzjgM   nm+oP6Q+DjlBgCvqRLcxZyTq77xwrvgFuuJzVh6dI3nEOWMRPV8x5mzF8LmK+lPoPSZyCEgCxOq7wbxf   4vBABPL6buwER+7pjfjJjVGnNg6c2Bh5WuPgSY3xpzSOOaFR8Fb8CmzFrz7PsD1XXc2zUq/XYgEz7yzH   4DmO6kN6nZZANRrnMD30hMao0wwHTjKMOMUweIJh3OmFQycX6s+7o9xZhcuCATf3DMGB8wPjz5wbc96c   /k77qp6qs9sj1chBXAEUY1vV60xPwunZM5E+MuIAEiAWff0sugOOIK8JFcCaUPW3qH5xM9QjjlghOnDK   nfr4X5vv5+fJS1V/T+vqUJLTw+X9COz1nQPn2kWfaTfiPLvos+xGnGMXfYbdiPPrOGfXwefWxZxZFz6v   LvasuuFz6vQ3mgNZ2hx8D/sVyYGT35invqEnvsWf9jbmpLf4U97GnPD2Bqe7jTrZ7Q1OdRt1ohvzNDf0   JLfTMWzmVsH0dxwDGiQeL7vRE+NOH8YsZUYlSCy1D7kaQK/Va9ibbF/lJS/VIBEYk7mubOgkPP4peKET   8NrP+mlhTmvi8lCEtzznjnPGnaCvyxXQulzBW0EpsBWU8efEjTkjTn/nKdsYfVL6A1dUAsXilX+85L/N   a9eUE+be6HS50SfLRZ0qN3CiXHsOHGMkjYyg406mG3Mq3duc5Tb2HDfjYKsn9TCYuoIV4tEIMSspxdiV   lCJ6JaUYsZIy8kyxwfPEeGeJYeeIRZ4hNnh+GPfsMPzcMOaZYeh5YbFnhQ2fE8Y6Iww5H4x3Nhh2Ltjb  
   nAk29jywmLPAwueACfqqVQGtWmW10XD7TG5ZgFZF/Ymxh5zJ4UbypqEebLubqtGH6HDXW0G8HYF/Nlvo   XLbIM9kGz2OLPItt8By2qDPYBs5fiz97bcy5a/Fnro05by3irLXgOWuxZ6wNn68We8rZ8Aln0aebjTjZ   TK1VSZ6yoqi6HeC6VVHEMKDDjsSYVwZnkl9SWiKo7zsGtYyOpFCA5Xi+eH8cwpOnnjzWM7OUiKub/2Mp   LbY3L28WvB/vgbaTLoMsrB/sgbZTnbOWrA7brSyQDDOAW/7n8+ScnaI+7Lt5UszGTWEfdt0XMalwEU6F   C6YUs0WkwkU4FSLSIJgCHCFsivjtyC/fXOSJcSrGWKeDoT7KehoA7b35xYZznQ6G+ijXCaC9V7b6V/Nv   98u75OPDp0/TuR4Et4dGbg/lemyMAc1QPLUn8RvEO2kC8TZZttcXxg51MgSiqFchykNRsIMcBaEYhx1f   f9gFzPuDeGKrFRxwi/FvmEBswEzaTBOmLftivryX379bTq+W6r6R//lpdjPl5O2QalxcUn4HLKOiEctA   SGPHU2svZ/dfTnXEbk+98zEFFketN24yXoCWRc2HPVN72GNO+acNT6pIzMoptD6N2mlF0wIxJ7UA2iRm   pVYSLmp59RaUt5OvU3ZRRgzBKIy2GVOE4nDaZEyBxOG0xQCN2Ik3kg1iTsJhCx6IOAkvyrocbqTe7D6M   uPfVnp8KRxhz0255G0SceoVzzI1pCrAYhO3LPNB3xt1+Q3cet3Dg5YJW+x8R38MtWnipEk/5lpwzGvJd   1Jajh3rX5OpKDsKS6+niaj67Xx4Psx9rRfCgf/wmECAcdBNqLpg27NNFcvV1cjXa133fNqxX6yQr1/Xr   +EMxHczxbVfnF5cspUU61qbmWi3Stm4ysq5DbE+2XnEuzcAcH8MFeSp2XlSBvBB683b9AeVNJQD1vV1A   jtdAbe+hfKnTPVXZU5gt2aebzfilSCBsuznXCV9lxDXiV7i4PU8mt98o9WOPOJ6Ps2WyWKrvt8dGkowu   jLtJTQXA4uZH/Vpgw5V3OO7nq0NWSvPjowHvYUc7bhoV4DEI02AAGvTG5KSAc/LrPbsIWijqpV6xAaJO   cvEwSdd6d3czndySr/OEOb7p7cPX6XyynF7Tk9RhcfMjsYzZKO7N2dpQOlCzy0Zxr+CnggilQlMlH2+5   Zg077k/MQvYJLWWfp7cy3s3sf6fXy5kcbqabf5HMAD8Qgd78gYaBKORbBhIMxCBmgo8P+KnFHeAHIuxr   wjIg3DAQhXp7AfxwBOIyygENHI/bwvl40M8rV1hrZ3/MLFNoqzebfOCmio2iXmJqmCDqpKaCRbrW2+X0   s3rOtNvTnD2HGAmPjlwOMdLzyAARJ7ULYXCIMecJc8xHzu2eQ4yC+ZsF+ptV1XOQVemvv3DFHY746V0R   i3Sstw83N/TCdKIgGzHTOwYyUbP7CDmuu4//Pb1aqv2nCIuJfRK2ktPO4GAjMf1OFGyjpmGPub6r5bSf   vCBWkS4cclMrSxcOuem55dIhOzXnbDZkJueiA4fc1CrQhR33vfz7cvLxZspNckgwEIOY8D4+4KcmP8Bj   ESLSJ5gy7DQJpAY/HYIpQHm1E0Ad72L6z4fp7dWUM+HrsJiZawWMS95lLpErbItbmzbpZkOzOnDIvS6y   tCTW05AAjkFtXdB25fgBYdWJy8FGynZfLocYeam5wdKQXK3gtW0/8f+O/cNPMOo+Hau8S8V3ZgjLAUcq   svJx/PusPglbqRUj2i50H9Cnc0ww4EzGn40MsWFzst3HyCUO+6k9FLRv0n/wjil8hxqT1WtyO7tmejsa   t8feHWLU3eF+K0nF+i2iKQ8cUQ5KH5afLjlBOhTxUjsVBocbuTf6kXXMy1/PudW1jaJeYs/CBFEnNQ0s   0rUyn4Ms0ecgrIcfyBMP5mMO9NmG/mCTb7d0naIgG73gIM9EOA9C4KcfrEceyHMO5sMN9IkG6zEG8uwi   5oFF+CmF/lRWb49ZmdX6gIKN2uuJHsF3uJG+3U/J/e0jBLno5fFIQTbqlPQRglzkEtlBkEtwrkvA16X2   P2fJzh3bw+3sz+l8wX+6BQkGYhArDB8f8FMzDeDdCMsrVhNhcIiR3lBYJGbd7fVGb0nDU59wxE8vJQaI   OHPetebYNZJLQc8hRnqTYpGIlVotGBxu5DQvPu75P12yqwmbxc3kYmCQuJVeGEzU8f45W8wi5qp9POgn   JogLB93UZPFox0479ttAHE/b/2iy5Pk9SWZwnrFJqhXlxC0Hc3x5k+2SzUVOsh0hxEV5Z98DMSdxesXg   QCM9gw0ONB44F3gAr04djsDJkpZDjOT72wQRZ36xYSklhxipd7LBQUbej8Z+MevnIr9VbVbBuk86EHNy   7pOWg4ys7EDyYp8Se4gnCrKpjXnpNkVhtmTd/OQZFQlZDyXvN7ccZKTtqelyjnG36nZJJD8jskjMWvK1   JeBtmy+Z3n/T7miDc4yyN7vLm/w5o1cTNup6D02SVbS5444BTIzWvsccX5M+XlBfmugYwCTGHy1tMq4p   2+0Lvd8fNRMs0rA+LL9IYPktmd1+uku6FzJJdtQwFIWQtgg/FIFSI2MCKMYf02+za2Yq9Sxu5qTMkcSt   rNQ4ob3342Qxu0qu7m7lkGAyu13SygtMh+zjUwNiQ2ZCioCw4Z7dJel+r49JyouMsrE6gNre04lA66Yu   KFYLdJxFltbJtkjHH03pYJCv3cCTaTVgx602JtHHE+uvkMw26nipyemnovyLHi7qY0eIm5+iAiRGe373   4yGt07LJMlYYxwFEIh637XK2cVMdzyik+HrKtmXVlqKRX7d5tYML6XGvBTmugrAryQlwHDUtF516svtL   khYF1aIY26TXxBCW7JiMbxq/bXtPAJY92bL3LXmZN1SPYnzTTk1CMNLoyMHG/fiOoYP5PrUbiyyv45fu   eKDvZNbpDop51aGc47d1hljfTN3x3+U8I/WHO7/2Kfu5OexIhblDbI/KoJJUllvCtTTklu/I2CZVDPUx   TCUthUzONTZP5GrxBAEuSgfPYACT3vCJ9GIIgGJeYnZYIOLcyI5EXb2ytB2LmKk3hAUiTjkI5zkViDhr   wvFxHog4SZu/+6Rvreg9EgOzfcTC7pVz1Qis8irZp3lNFJ0438joABqY76P1LVoCsBDOWzAZwLQne/a+   RdWJq8OWquow3yeq9feMnOgt5dp+Ej0/XcNht8pq8v1oYKBP3VGyDWEoO9K2MgY+4JhnX5EKhPy6w6tl   A6SC0BKOpanJzcqRcUzEgc7eG+dQK3e/TqcWHb/MtOeCivKcqtEQ4OLM8lig6xS021UDjuOFd1UvyDUJ   Tt0t4JpbEOtt4dXaglxnC6DGVido7GgSCbgOeu0qwLpV9+EKwvnJFgS4ZNLrkxmpZcCDEbcaCOwJ+5qC   MOJme2EndaQuwNkMQZ7NEMBshv4bdQR9ggDXniza+xbqzIgAZ0ZENyFB7L0YGOzLqq0a5x/qkqPtad9e   EpYSmIxvOs1DkEtITwasxJkREZwZ6T8V+2ydpwVP3cGYmzxAclDfy5nNEehszmko1p2oRHpEjgqcGE/V   odgkckTESWkXBt3kItdjiI/4YMXkQCO9IBica2xzUn5GE54wx1fS+9hHxjY1mWBU7D1l2w7qgGPSVbWE   bXmmzp89+3Nnz5wkeobT6IUxsHoBR1bkIgWUpfbWJT4yOUGQi9PltknDejP5Y3rx8eLDr6NtJwKyJJ/y   klD9OBxonFE6DTYG+h72G8qcqgsaztvk483s9rp9H798zgi9SR+FvaRby+FgY14+p0VOSgKQRu3MZMgD   qUCZZ7Qxy3e1/CvJxh/G0ROehZgtR8TzEF4i6wnPQkuejvAsoklr6tVoxjJ9nt5efdTrQAiqHgJcgpRG   J8Yyfb27XeoLpix6dDnYSCwKFgcbadlpYqhPVTKiobyoiQrwGNuqTnbV5lAcBDeKoYDj0AqDiaG+pFDz   JBumtqMte7oSSS6Sl6qmWA3Ktm1Ilo1Hky+kQ2yPWF+sSopFA5ZjlZc0RwvYDvmXnOTQAOAgbuPvcoBx   n9Jt+9QzrVcr1rX1nGvcZGuaSgKu44mwxuMIuI4iY/2wE+b6dvucZpKA5dDrAAkK/X3fQNnq3mQAE7E5   6SHbRVj8cWu/L9/+m1pnHBHbQ2tsvTZ2XR1KVcG+JH9ndaUSTJB0Hm3ZZRmn1UYtYDvyZ4ogf3Zpajof   EdtzoOS29Vab/HdWPqXlOtsku7wo1OPPVFdydb6TPf3mVU8eEPRjdHb8H4e0YHVQHNK2/qSkify2RRPv   Qu/+29bVTnZkyuax2mX1K0llkZb1cU0pKvLbNn18a1XlRZaQqnOPdcxNUm/X7z9c/Np94fzD+19Jekjg   xTiM37i4JzwL8Y47IpZHtm20uqMFLAfpYcit+xzkVvUVZZ1G7BH3kOsqs8dUvTJFkx0p11aROq0t4DlK   4sVIwHXsq5cLmkQRnoV+xxgUbNumstZS87I8rYG7fmIBh8Yc8m+q0aRZFGFZiox2k+jv2wbSyYknAHCc   kyXnlmWX1uJJtjakFR025vjEd2qP5sTYpmpDHCN2BGRJfhzy8e/EupxnpLXCHQFZLnSbSHe1HGRkCsM+   VjcGFuAxiPe3x3pmPfUqqJfcUZgtWRVqMfiGZz3SqL3acM0VUPLJ9UwPIa5zluwcs7HuS4tFzBFixLs7   FESdJCALrwPtw56b2Ck4Ip5H/KiJGklAloau8cudOKyomsMKsrCKxInzjIzqyq+l9jmtK9ECtoNWLt0y   KYsU9Zd0iOWhTe67c/plKZOHwqvv+wbqHdBDtkudL0nrwhwR0ENNYIvzjZSjM03GMtEGIe4IZJ+qFkd1   /pJDqfYiIbWHAG3buXM0gdkY0u5zx+/7BsqCwR6xPSI7bKqkTklPbA0Ks6n/85jxnC1rmYkX6F0Z65IC   19L+mTastDjbSO0Z1X6vqCb3iGqgN0Q8UrYnPAtjqsPEPB9tXkoA81KCPi8loHkpWo/E7Y0QeyJeL4TW   A3F7H6oHQU2DDrE8TZU4x5wSjD4MurtzyxjijnStrK6uxVnGA21C4ODOBhxoD5AO7hOkA60oHNyy8JwW   h4zY9p4Yy0ScxnLmsE5f2R7KdZNXZfJEqIFAGrKLrNjS2nAfNbwPn5Kv06/dFi+jlRbl20iPRAzGNz3W   1QvVpBjY1J7Xw/G1pG+ldNF7xPeoF6bqZ3KidZjt22U7ylO+E2FbRFMTLS3hWYp12hA1CgE8hCfEPeJ5   SvrPKqHfVRZZSfUU5nudVx8/6ulQyjSxycCmZFVVBUenQcRJOgjUJxFrtW7I+0KjAixGvmmfkzaEN4Vx   AxLlwE+gA5JCpCGpBfkusU/XGdWlId91OP+VapII6OnOopJDOvnRz/HD3YACjFNkDHMB/fYLch5LBPRE   /3ZfAcR5f0H2vr8APYw0VBDgot8nB+j+kH9kXJOCANclWXQJWaIz9XI4T1Wvk1wvaMh2Ec8+NBDbQ3mT   9fh9x5ATX8iyINcl1mm9SdZPebGh+QzQdsr/yMfvMtATkIWy8bRNOTbKDm8nAHC0jZCaIBi/fx0I227K   gpXj931DQr6Lesq2Efpq3ddtntg/NxDbQxliHr9vGhZdVy2r1Yh+k9XjZR4KefOm27f5KRWUGTTcAERR   PSp5CbQemc/aZrVnV5qXolvB+UqpTiDate9fqV0yk7JttDpz4dWZC73SLC1fiWMHm8ONSVZkO8JubhgP   R1AlMDaK6wAicVIGThX6qMoBESf39w/+7iTf7Yt8ndMHV7gDi0Qb+LgkYj3wtQfES755T5DvKlLRkDqN   Fub7qr2a8SOuGAPhATerGPuGoSi8gf2QaSgqr9BADj8SadR7QkAPf5CAKsA4RcYwFxnguiAnqjPqPf0x   +reHR73dlyij3hMCehhp6I56F9Tl6AYCehjX5I56uz+TKzCo7ooZ9WIGIErZ5IXs2NeC3FwaqO2ljVEW   3hhloRYyHxdbnNq07JHWKcccXiT9Mr3TySYGghShOLyf4wvsGKSx2MIdiy3aHZTU6zwUywmyXfss+95e   apOSUtMCbaf4nu8pKvV9x9CMf+p1/L5roDy96QnDMp0vZ59mV5Pl9P7uZnY1m9JO0sD4cATCHQnSYTvh   aR2CG/6vkyvyNgEWBLhICWxCgIvyYw3GMZH2aOkJx0LZl+UEOI45ZRPKnnAstB1dDMTw3N1+Sv6c3DyQ   TnS1Kcem9zHIBC3/XRBxFlW3rydLfKIde7vesMgJ7bGNGb75TXI9WyyT+zvyeT0Qi5sJhdAjcSulEPio   6f12v7xLPj58+jSdy2/c3RCTAsSDftKlQzRmT4ti/LFpAIp5STNnHolZ+ckcSmE9Fy2bVp75SGN2Si/K   BTEnuzgESoLeqkU9PmenhGkYjCKatMnXOrdVvzrdZpFBfSF2DbQd8iDWM399WE7/Ij+qA1jETBoCuSDi   VJvckLaAhOmQnfa0EMYR/6GMu36DD0fg/wZT4MWQndVvspdBfWgJwaibUWpMFPUedEcrWamfJ5gBLIcX   abGcLGdXkQUVloyIxclyxBKOxi/EmGZUvOjfFyzZyy/z6eR6dp2sD3VNeWwC47hfb93dHU7IDWI6wpHK   wy6r83VMoE4RjrOv1GRMHROnU3hx1qv1+cWl2vOmft1T88WGMXdWRrg72HdvV+rjc67dwTH/ZZx/8Pqj   7Kj7KZX/Sy7eUbVHzje2PRHVv9fH29N78oDBj9LUEWliwQNu9U/CkwZc4cXZVvV3eUM06rDr/LGs6izZ   pZvn5CXfZ1WpP1WbH6qV/JQ5YI7cvzb6UAkcI+mDHnnFwEQ97+N6pxI4Jbd8PYg5efWbDQ+4WWUKUmBx   ePeFDQ+4Y35D+L7ovsTq2losZtZj7u/ZK899pDG7bELHbwEHoJiX8uTCBX2nOmjkte2HtccCcvtCAVMw   ane+31uEdVXBuO2Fxge1PGBEXrVnkJiVfMIqgoN+3TR0m7vlVckI4RjAKDr1KDvWQyxqVusSI7LYVYBx   mid9kpb8LuHBCYz7/qdUrQamj7970HOqdZqp2BGFHeXb2g4gud944jyjrlbFq6C8Ow+gvlcfBrbN1SG0   eVokqwNlyXjA4UUq8lWd1q+cfDNRz7vjzLLv4Pn19s+cSzRI35rtCG8HW5DnUrUTr+Y0SN962CWc+aYT   5xmrmFFZFR6VVeWaWjEqxPPsq+L1/P27D7y+lEPjdkZpsljcfKA9xgVp3y7HQkJWFavqJ+vSHdzz1xtG   HdZCiEvtG9Tk+yK7pJxwFlD4cTJOJdNRgG3bbrUsByuJCq63pSS9FDEkwmPm5ZobRaKeV82IqXerYvqN   oAOM9DZ9ckHok4u365MLSp9cvFGfXIzukwt2n1wE+uT6QMJNzNUbNGiP7NGKMT1aEdejFUM9Wl7HDuvT   dX/XM1giy5jaE476822SPqd5ka6KjBnDVHhxmkKcy/aEWqMfMcO3nCfX84+faacX2BRgO+7xTRYeQcBJ   anFNCHCpd+8IuW9jhu8pvVJjEuKUlkX1tuvp4jhJ936sy2RsU7Zevad2Ml3OMzKFiG+TXahHMCypw3rm   9xHm9wFzSc+fI2ObSub1lei1qbqUMDlpIKAnOZTrp4xynBEI++5Kdmj2aZ035EvtScP6JdGRRru67/uG   ZH9YkRLQ4WxjtdsfZPeJ6OspzKZmVp4IeQLBqJt2og4IW27K06Du6xZ/OiuClowmBvtkKUp3WZPVgrC5   ISpwYjTvkkeSUwG+g/qbW8T37KmWPeD4Qf5FEgE8df7M+WFHDjCSb1oT830/qKYfrkMdP/Lb7+e/Jxfv   frmk2SzU8h43/+/LHcHsw5absKyz/bZNE3fuNRDL0y79Zv0+F7W8gn4vCeheEvT7QED3gR5W6ffZaKYO   sl2E87+7r1s8bUnqCTAdOtUF5dwokzFMs/n0ank3/7ZYzqmn1UIsbh4/jPBJ3Eq5iXzU9C7ubybfltO/   lsQ0sDnYSPntJgXbSL/Zwixf97pDcjv5OqX+Zo/FzaTf7pC4lZYGLgp6mUmA/nrWD0d+M+/nYr9Uz8Ht   KY9zQdhwLybJYkasPQzGN6k2nmpSjG/qWmGqrMN8HyUresT36NaTatKQ7xKM1BJearXDKvXSc9ocatK1   Oajt3VQxap/27OoTolIhnuc5q/PtK9HUQo5LNtjXX0giTdgW6t3k30msgZzDIUbeUA41uFFIg7kTAVjI   v9zrgx7/uid79pDlB/132X3Z01+pgzoXhJzEYZ3DAcYfZNcPz0J9DORgoI+8KAtibXPEYBGkEbvMPcYt   DeCI/7Aq8jVbf6JtO7HV9FpM9jAVYEEzL1U9GHSzUtRlbbNg1G0CrNsEo1YSYK0keHeqwO5UarPut+mk   gXr3fdtAHKqfCNtC71gAvQrGkN+Eetf0ijdT7nK4Mdnme8HVathyM0YXNgXbKuIJUxALmSljF5vCbEnN   8yU1ahRMI/iLiWMsD4SdPylv03sg5CS0QhYEuUjjNweDfIJVagRSapqKW7aPpGsljrMsCHDRqkQHc330   C4OuSv0tecmbp6RUyzP1ArYiS7+b7TvnFS+e3b+6vzNqxL+9ksZJdj/Nk8+futNoZY/qafx5hj7pWctc   NPuLi194ZodG7B9+jbGfaND+d5T9b8w+v3u4TwiLtk0GMBE6ESYDmGiNsgEBrnYQ384PVDXZauOYv6oJ   +3MDKOxtN53bFukjR93TiH1dbdM1M01OMOY+1M+ZKoE8+ZEO2ilzzQiO+DfZI6cE9ijiZRcTtJS0tzVh   Q3+fBKxqLmL1GpPMngGJwi8nFg3YdYqRnmYDKOAVUfelGLgv1ef8ysqiEbve2UG9yqSOPVeHz8nuwY4V   CTRZUf+Yfuvm2WljNwdEnKRRps15RpnhuSxK7TZQ2boev/0gKvBjkNrHjvAsxLbxiHgezjQ+gAa9nGz3   eCCCapLripycPQg7GfN1CI74yXN2MA3Z9X1IvZc9FjRn5VpXV4JhPrGwmTax55OYlTwRj+CePxdJtU9/   HKi34InzjDI/LwgvdNmUZztOmbOabliAxuDfLsHnBt13SNMqRwKysHsyIA9GIA/NbNBzttP07It2ccRP   f/CB4JifXT4CT0C6b3B7YR4Lmrl1qQjWpSKiLhXBulSw61IRqEt1b5LRzJ440MgvFQ4N27lNrA0PuJN0   qz6UeS2HCnmZkuZEx/m8K6A9NLIgy/V1uvxyd91u0pFnxSZpXveUCgbkrQjtki7CUeMmA5j0m2nUfq+L   Ql7SzNeJgUyEfeEtCHBtVgVZJRnIdKD/PnfEQV/FaEGAS89Mxdw+Ic3oeMQphyEVEDdXw+KGHKPFIJ9I   UvV2utqIoaGXNhuH/XIIrzsNHPmRBcy7A71ESwYw0fqEwHrV01+rdXOh5y/IvhMJWPXfL9arFdl6IlGr   jMu0ShKwire5D8XY+1C83X0oKPdh2yfb7etMiGzzJrFxHRK/qfg3rsNbEboufr65KAmnM3gg6BSN/GzD   cLag5dTn6x3yosm7WoJSznzYcF9ffPhw/rvqQ+3TfPyEqY2hvuN03vj3KFGBH4P0fNlgfBPx+atFmbbZ  
   /WS+/EZ+dcMDEef4dxccDPFRWgOHM4y3n2e3xN/bI55HFdb2ATdxTgDGQf88xj7H3fr8l+OdlpWP8iNB   jAApvDiUfDsRnqXOHmVVo86GLQpdIxdZQ81C0OFFEnF5KobyVMTkqcDydD5PFpM/p3rXdWL59lHbq7Yx   yuq6qmkzDh4Zsm752q3tbceA+mOK08Agn3iVBWfH1Zq0bW9/Bu3IP5fDjUnJdSalbdU7M7cfCYrT5Bzj   oVyzf74H2249r0/NqhOEuJJC/Ykj1GTISr6xANz3l9nP/lt6s0lqCN9gR5F/ZGehyzpm1bJ8nN1xypzL   Amb1H1yzwQLm+eT2mq02YcCtd46p2HYbt/360EvyLdNTmI180zho0Eu+bSAeiKBP8+YlRo8Gvbxkcfjh   CLwEgiROrGqvBqm7tP5OsveY46vV0hIdklSsTQ43JusVVyrRgHe7Z3u3e8d74JS4A1jW6iwVVcmumAHc   9e+q50wfn5bRxD0HGrvtBLliE3f9olHHYTDMBmg7RcpJg55ybLK1pd5OR8Yw/XmfTKaTa33ia0o4I8oD   ESfxvDqIRcykEYsLIk7VhRl/LgOAIl7KfoYeGHC2S/s3eZ2tKfvwD3mQiJRxucMhxmqf8S5agQFn8pg2   T4SVtAiPRBAZ4a0jFww4E7FOm4Z52aYAidGkj6SXmwAWMVN2bfZAwKkeedP2TQJQwKve0pIVf/3EqelM   GHFzU9hgAXP76g4zPUzYdn9UL1wtqz8ISyEsyrZdze6/TOc6U/WBi7RXhzABGmOd74k3uAfjbnqb5dO4   nbIWwEdxb1MXXK9EUW+3/yilT4gJ0Bi0FU8Ai5uJvQQHRb36Uf9+Txsv4Qo0DrXn4KC495lRoUA8GoFX   h4MCNMau2nBzV6Gol9jTsUncmm+41nyDWtVG1dwiolnULOLLuBhTxtWXYmqAEx+MEF0ebUkwltoel19h   GgYwSlT7OtC2cvMBT/+YmiZcy0Tl6EBOMmsWtFbh3fv+fU/v9kB9Hf23T3lJG8cYGOoj7Mvlk5B1Rm0A   TxRmY11iB0LOB9L5Qy5nG6+ztSxBH1OR/foLxWhyoFHd9QyhwiAfuewYGOSj5nJPQTZ6jpgcZNzckOsZ   C/ScqkfMScQThxuJ5dtBQS8je44Y6uNdJngfdp+xsr0HHWf+mAnaj9YEZKFndI+hvr/uPjGVkkSt1Fyx   SMhKLjonCrOxLhEuN/qjBWWdnUVhNmZ+n1DMy0vLI4lZGbeNw0JmrhU3/klbxehwuJGZWwaMu3k51rO4   mZu+Jm3bp7dXd9dT1qyJg6Je4rjaJh1ryerXGBjkI5cFA4N81PzvKchGz3OTg4yMfo0Fek5Wv8bkcCOx   3ndQ0MvIHrhfY3zAu0ywfeo+Y2U71q/5cv/HtH0yQH3ca5OYNWc6c8jIeSptgYiTMcPvsog5+7mv6oYl   blHES62RLRBxft9sWUrJIUbu8zVQgMQgtiEmhxipT6EtEHFSnxFbIOps9Pu663yfZ2XD1FuOYCSRlRva   ZBMoGBGjXX+gXoNhbXVI0yLXQ32GbYGA84/rT5zKsMUg3/Qry6cx0PeNXQ8aLGYmPuW0QMTJqgOB/Y3M   j6inl4Iw4qY+u7NAxPk927GUkkOMnPrU303F/ISzgwPCYxHouzjAOOJn1QVH0HZ+vY5YE+HBoJtxF38N   rLA7fka8gw0M9RH7xjYJW/XJ5RypBkFndyw5Q9qRoJVae33FVit+5a0p/IqtKOw+2G0Ytt0GdlXPnN+q   MNBHrKO+IusOu7+Tn5ibHGhkPcF2WdjMqzHQuoK0mYuNeT52nRaozzipCKeeeuGx3YWGobRhz018mtsS   noWRcmCaMfLUz8/7j9NEkE6otinH9sfV4vJCtorfSLYT5dqm3y70hzTbkfJtrBVzFog4N7R22OQQI7Xd   sEDE2e4XSew++XTIXos0qdJsnxTpKiv4cWwPHlF/cfe4PSc2ZJhjIJK+pMhInWMgEmMtEeYYiiREItKi   Ia5gDnkCEU8n68UkoylBYhH7DiaHG4kjcQdFvOKN7hsx+r7Ru/ut250a1TpdbjhLMiKWHDj3W8xEB7Vs   gegqSWStpb5O2vZ7wDMuohxzZj/3bxGzNQ1EjakJxaiaULxBTShG1YTiDWpCMaomFEYN1qV25C+zTISo   b5B9vm58/JhmANeNiP9WgYcjRrc/Yrj9SYUgLi4xMNSXXC8mTKdCcW+7KShX3dK4fc6/6jl41atUZJyG   uOMgI6dZQNoAyu6hBgObOHsxwzjkV/NrMQFsHoiwyegjS4PDjeRZMA8G3eqoBoZVYaiPe6knFjfrFwYy   2qM6iAcidC9vkc0dhxt5yWHCgJs1VkbGyaQDFU0IcRHO5nY51MioUY8g5mS2AQaLmefcq51jV3vOTNNz   NE3PuWl6jqfpeUSangfT9JybpuehNG0Koe4ztciLtgNu0AJHS+r0hfu8EHOEIrGeGyIKIA6jMwL2Q+in   iHgkYG0742Rli6E+XkVusIB5l8t+X/kY0ynxFUAcztwQPC+kJnZiyzLgCEXil2VfAcQ5Tq2Q7Ucw4OSV   GYuG7Hq/pPbwabrcgHF3mzNceUvjdp0dXLmGAbfgtmoCb9VERKsmgq2a4LZqAm/VxJu0amJkq6b34yY+   kbNAyMmZRUDmEPSAmnX/nUjQ+jfjF3tPM/WfWamHpBzxVBQbA3zP5JdQDAz18fLDYHFzna3VglquvMMH   /VG/wHTYkVhvUyHvUXHeoILfnTr+lbicycB8H32RP/b+FfOtJvR9Jt6bTNg7TP3fialngZCTnoL4u1Bq   w+h2l6AkLfKU1J1wWd+8Ib9b2lOOTe1fmGYiOb+4TNardSKeUt1KkeSYZGSsJN/tZd8jp+6dN0oYuob1   LlkVh6ypKtorTLhlbLTk8m3iJZehiE2dPO1SnS4XH37lR7Q9gYiP6x07imTDZjnkKDd6O7KYGL1lIJqI   KIwdPxBBltTzi6gY2jAiyvvoKO+xKL9f8HO9ZRGzLGnxNZIrGRkrukYKCUPX8AZ3LOAJROTmXceGzZF3   rGcZiCYiMit8xx6/wb9jLcOIKO+jo0B37Poplf+7eJfsq+L1/P27D+QongGIspFXkm2y93G3L2gZGy3q   Bh40AldRHoqC/1stGrD/jM+4n4M5d+pH0dwnDPE1NcvX1LAvI+ytbmOwj1wBor2V9oNqy7o+iQE+2UBy   8qPFEB8jP1oM9nHyo8VgHyc/4H5E+wEnP1rM93WtOtXXYYiPnh8dBvsY+dFhsI+RH0jfoP2AkR8dZvtW   Rfo9u1gRe0k9ZdsYr8CB776ppoNYQjrE9xBzskMAD20nwg4BPe8ZovewiZNMRw4xchKs40Aj8xL9K1QH   q6smniI7MrZJPUVu54ZWr2W6I2WsywbMtOfQDup725kn3hWbbMBMv2IDxb3V6l9cr0Rt71MqdHX2lNab   l7QmpYTLOub994zboXFZxMxoClwWMEd1a2EDEOXp+2bLGFG7LGD+2Z50GhPAV9hxdmkt/1x0xSpJi8eq   zpsnUk5gDjgScwkCgCN+1sIDn3bsG9KGp/LrLv+Bxn/weD2CI0o0Y5v28pdmUfkNG6AozLz2YNDNymeX   tc31+iL55R21Ye4p38ZQAZ5faA6n7FHLjV9m9NzBVm9V1u1Zs67V6wWH7Tb/SVWjIi/mxcUvRLkkfAut   2oRqSfm395fUa5GEZ/lAm99rCciS0H9VR9k2NfWk5qH0IvldSiqsLgubu3pCPUSvNxy9JYBjtJ8dvykO   e7VVWcaKhqiwuPqgNsabX7DBiPLXcnp7Pb3W27Y8LCafiWcgw3jQT3iADsFBN2UlI0j39k+z+wVp//sT   ADgSwlYbFuS49EF96+pQEs7H8sDe+Xl6O51PbhJ13vuClPE+iVnHZ7fLYUZCJnsg7KS8peRyiJGwA4LL   IUZu9gRyp32xoFKHvN0SBrUBRSjOc1ocImJoHPHzChlaxrhFLFDC9PJUllOTiFWcEr/k5p+tCMXh558I   5N/i4eNyPuUVb5PFzfTC0ZO4lVFEDLT3fvnjevQO9uq7Nqm2S03LDUXQIZ6nqdN1QxRpxjB9nVyNNsjv   2iRnFzeXg4yEHdwsCHERFuy5HGCkFHsLAlyUxacWBLgIxdtkABNpnzGbcmykxZw94Vhm1FSa+SlEXLhp   Mo6JtlzTQBwPZeX5CTAc88VCvRCcjr/zToRjyUqqRROO5bipKGXixQMdJ3/qDsEdP3fCCIRdd1W8vpc3   63M2fl9tDwSdu0PBEEqqt80Wiwf51eR6tlgm93ez2yWpXkPwoH/8PQzCQTeh7oPp3v71evR0jvyqxdGq   uxNgOyiV3fH7tmFZp6XYVvWOojlBtotW2fWEafkwHv9gcdT0/OCn5wdien7w0vMDJz0/wOn5gZyeH/z0   nC6/3F1TXg7qCc9yKOkezfQmPVy4urtdLOcTeTMtkvVTNv5oE5gO2Cm1FAgH3OMLCoAGvITaCWINs/zk   Ey0JToRr0bvQZesmr0qazABBZ1MTZjxdzjUW1fgDGXoCsiSrvKKbFOXaKNl5BAzHdLm4mtxPk8X9H7JT   R8pMH0W9hLLsgqiT8sM9ErbOktWvv6hOKWHaFuNDEdp3X/kRWh6LwM3EWSAPZ/qukL1LQrcU47EIvEIy   Q8vIjFtEZqESIiLTQQymA+U1ZZ/ErLRXbiHWMN8tZ1dT+VVaWbMoyEYoAQYDmSg5b0K96+7jfyfrlbgg   rKkyEMdDm5QyEMezozl2Lk/a5r8nbMuG9ks27q+Q/7FRRTXfqFUZguJyUNS7eo1Rd7Rt188QKGe4W5Dt   oh233ROOpaQWzpawLfIPF+vViqLpEN9TlFRNUfoWwmpDA/E9gnw1wrkaqaUmcYf4nuZnQ/VIxPYIco4L   IMellqrpEN9DzKsOMTz301v1JfVmdloU/TItkayrcvRgcEDjx1sd8kLtf9fueCyocRzc9+vqW2RUb4ch   PkK9a2Owrya13j4JWGVa549ko6YA2/4gK2N9EhlZ2aO+l/Or4d/7uGvyHdnVUphNluF/8YyKRK2bfLtl   ahXqe59S8fT+gqpsKd+Wp+8v1uk+uacKTyDgVA9M9EaXFdnao763eJJDvCJryBl/AmFnpWuu+pGjPbKg   mVPgOwz05bKKGv8UwQNBJ6HDblOw7bCTA4NsJzjOIwua66yp8+yZk55HNOilPPdBcMCv545UmyWbrF21   ORT0Jg9y+JF2shxWa6q7pTAb6bk0gALebLehNyot5dvKitnwnUDfKYddnITsMN8nmnqdiowygPRI0MpI   x5YCbap5YOgUBvqKddowfApDfPtXlm//CvpKfqaUoVwpedlSYvlSEg4TcDDf11RF9TJ+/amDGb7ll+mc   uvzSgiAXqbG0KMhGqLgMBjJRGkgTMlz7rIQHSaPFqAGP0r4SyQ7R4bi/XQHP9ne473+WUQlPoxwM9anu   BdOp0N57P/2aTBa353pp9lijBSEuyqMpDwScL7KEZGShpjAb6xJPpG3968O735PZ7ac7ckLaZMhKvV6f   xuys5ABw2796bTLBunKbtK3yP5O1vOdW6fgn8i7nGr/LHt62otlaxjFVyZO86PGtkgXZLvWkS707czW7   l/WwTmiKFcBt/76WHVvK7q4WZLuoZd4v6Tqvr7/Q9ov2QMi5mNy3r1b+MX5IBNOwPbl/+EjYehlAYS83   KY4kYJ1eRSSFCYNubkKcSMCqTgz9jWzUFGK7ZNkuMZv8+uxP/fIW9QbFHFAkXsLiqcovBcEyMI+61+YD   95r6XK9L5cqPMOzmpvI8dB+rNpJsVBDiSiYPf7F8CsScV/MbnlOCmHM+/SfPKUHASew/wD2H41/57YwJ   Y+6oe8Az4FG45dXGcX9MEgXaIPV5VDvkCtAYMQkUapPU57x26UQGrJds62XIGtlOIR4sIj/hw6keV2oG   y8w8+t6dj7h3o9oxV4DHiMmF+VD9wGrXjmDAyWrfTDjk5rRzJhxyc9o7E7bd5MkOYJ6jHZRzmjqbBK3c   GwXAET+j+LosYmYnCNyqtR9ymzSfhu3s5EBasvZDcjNmYJjvkue7RH0xCesIRsSgHIIelKCx+E0xKgFj   MQtMoLTEZEQwD+Zx9cl8qD7hNrk+jdjZqT0P1lbUZranMBu1gbVJ1EpsWm0StRIbVZsMWZPb6f/wzYqG   7MRBKjJrfvpzRNuNj1ONz+PuuYGRqvUl9t0RGqta34hKqFC7HjNchQ14lKhkCrbzrCGrg4a8l3zvZdAb   m/Aj2n/ga7w+ACIKxoztC4walxtfjShgA6UrNqMG82geX1/Nx9RXcX2F8Pjc+k5UbswHa0Ve3wEeo9uf   8foQ+Cjd+ZzVl8DH6c7nrD7FwEjd+pzXt3ANRhR5e59fJPcfp2q1yWizRXk22itcFuS5KEudDMTzqCfW   32WdmZabZJ3V4xfjYLwXQW9uQrRqxjN1Z2USthD1QNv5QWbVH9efLhLK5lUeGHAmiy+Tc7ZY0659v8ou   1GvKaoE7aXUtgoP+rIzym7jt/y1ZHcpNkakag1TULBBxqvKXb/O1vF94blOAxFCHhkfHcSVuLOrN/Rtw   b/+mb016Mh8pyKZqTp7xSGJWfpJCBihKXIQhe1yxgAxuFMqb5T3hWtQqoiQXpJdhfRK1kk51hVjM3NUo   2YYnP+G4/zkrqj3f3+GYX+UFV96yYfOk3EzjfoLvsSM6gx1yHQXx4Qi0psenw3bCmmwEd/1dq0qzdpDr   6goszdVBruu4d93pJuCcmTBC5cZtd7V7g6gBkRdT9UXVm/vECEcM9AmeT9i+u5vZ1Tf6rWNjoI9wo5gQ   6KLcFhbl2v75MLlh/loLRb3UX22AqJP8603StbJ3G0PwoJ+aGuieY8DH5FTB9x3rPv86ub9XJP2yDRKz   ctLaRFEv92JD10pPW4M0rPO7v2SyT+fLtnnSJxwsZne3tMQIWsZEIyRRwDEmEiXhQhI3VpfK9GQzQMRJ   TZwThvjISdBzvXE+ub1OureVxtpMxjHJv2TpK0nUIo6HMOt2/L5j0K+zkByagCztQULq/BS1V6E6howw   fBrQOPGIm4WYjGPKHmkpKL/vGsp0VWTJtqq/J4dSpNssWR2224yyLeOgyIm5zeUXKQca2JRjawfW5SbZ   Zc1TRUsPh3XM+pV6FZbkPFGObV+NP1rzBLgOkR02FaPYm6DjFFlGSzQFeA5+HohgHogmbQ6039oihudq   9B7N8qsWpy+OMJYxEMNjPhyj7M7mgbbz+CSMqjQ5y/i/yfm7i1/U5hHqDIkkff55QfACtGVP7heL5H4y   n3yl9ZQBFPWOb309EHUSWmCftK3qpeb997U4l8PbjHDkHcTa5lU+/qnO8fuOochLdXZYMv6dagezfXpr   ZlkP7knX1VOQjXInmpDtIs7hGIjr2aaHoqHWeR5pW4mzQgZie7ZF+khKeg04DuJt6t+b5mkNhAM1ADTg   pRYyD3bdzbtkXTcJbe0TgALeDVm3gSy7/TldJCHQ9YPj+gG5MrIoAyzbdN1UNT3hOw4w5j92e7JOQYCL   WAkdGcBUkj0lYKH/MOhX7YXglvceBbw/yLofnkXe/bTRmI2BPtk2J7LlolZJNmubc5FU+/THgXQTnCDb   FXHKNYIjfvJhNjBt24ldJq+fpBKY3qr2lG3rDkXVPSi9WCS5m0zvk93jllTvBTRD8VSfMD7c0TIUTT/t   i4zVOkZFuniDSBd4pLIqM24ExcLmtmv4BqUBFA3H5OeRbxkZ7eJNonk5xTyfHYRBN6uGwk/b0p9SDus8   AZ5DXzZjNOGgsJcxDnBQ2Kv7vHW1I04ioQY8SlPFxWiqUISGes4SCDvutrxwstQiQSsnQy0StEZkJyRA   Y7Ay08dtv+CPtERopCWYowiBjiIEo+cvwJ6/4PVnBdafpawZO37fN+hOPLUNtEDAWacvZJ1kXNPfGc3y   t9PmH/aU8896wrbQzmfpCcgS0S0EBWAMTo46KOgl5mpP9TbKiml7fbT6F+2gv55wLJSj/k6A4yAf9mdT   jo123J+BWJ6Li18ICvltlyan74nxTMQ0PiKeh5wyPWS7PvxKkXz41aXpaXNkPBM1bTrE83DKoMXhxo9F   tf4uuN6W9uz0vDxBluv9JaWcy2+7NDkvT4xnIublEfE85LTpIcv14fyCIJHfdumEdqd0BGQhp7LFgUZi   apsY6COnug16Ts4vhn8t45eCv5JTR1icZ2SlmZdes/svk8WXhNBinQjDcj/5Y3qhT5WnPLByMNBHmMi0   Kc92eua0E49EpYl6XrVvbKa6a2StQRpW0tIud1VX+2/q1tw21duW84fFMlne/TG9Ta5uZtPbpZ7UI4zC   cEMwyip7zMskF+KQlussIpgtGhGzzjbZbk85ZXeEKhhX/j0XT2/xYx3TmKhv8nM9VzgyoYZA8KCfUGPA   dNCuZgFEXUfeA4YFjqZOvZ/OY+422xCMws0RAw/6VYGMCaD5YARmnvd00K4KdraLCNAKRsSgDO2DkmAs   Vfp2WZOqqazI4uWqBuNG3Du+BY4m2fY/uOXaEsAx2hOsT7PZxyTgRENUcNzs5z6r811WNsnzOSeaJRiO   ITspu1VsHC0ZE+u52tfb+GhaA8fjFgm8JJhLmThmk4cjMCs3q1Z7WEzn7THOpCRwMNA3fnxkQaCL8FNt   yrAtP12qZSKjd684AY5jfyA6FNA7/rr48OF89C417bddWpWJfZrXNMuR8mzd0yD9rKmrbohmwGBE+fDu   9z/fq/d+1CYE7eN/yhG1GA9GUHvJxESweDAC4d0Ym8JsSVrkqeA5WxY1F/n4DQEAFPVyU3cwZdtPE/E9   Ri5x0E98u8cnQevmImcYJQXaKLWwg4E+WYExdJLCbJSN4nwStOYXHKOkQBu3bOLlsi1UvN99YkEzabmL   y+HGZLvnSiUKep/1msWSoe1Iz9qd/idbDJGtKTMNGO9FkBXCOaNwHTHIp15hKjdprd6kabJSTYsJuh6y   gNFk2h0yhl9zuDFZVVXB1Wp4wJ2Q70CPD0Sg3zMWGzAf1k9pzXZr2rPrCoBRrZ84z9gXGlYF4uKeX9XV   9Fato0Ab7w43SNjaUN6F9UDQyb4/bDjgpmeYxXrmdkElo6fXg56zS3VOsTVRwNsk6+YnWakp0MZp7U+c   b9QFg/Wze9K2JpObz3dzyguQNgXZKMf22hRo2xw4ts0BtlETz8BAH2U/IQcDfZyMwPKBMC9hU6BN8H6p   wH6pnoTd8IwSdJ3L5Xz28WE5lS3ToSQmos3iZtIerSA84E5Wr8nt7DoqROcYEenu439HR5KOEZGan010   JOlAI5HrCJNErfS6wkJRb/smJGHiHePDEarVv2RrFxOjNYSjUA6sxXg0Qs69/By/anKtaJKoVVZK5zF5   euLDEaLy1DA4UfT+R5OHv+hF3iIxKzEbDQ4zUjPRBDEnebTioK53dvuJkZ5HCrJR07FlIBM5/TrIdc1v   6Dt++iRmpf7ensOM5N9tgIDz63T55e6a9+sNFjdzrrdHAW+62bxL6uy5+p5tyGYTht3navxOndXyYNit   PuVoFQcY21cUxSFvshVZa8KQmzgC6hjAtMmKTL2ax/jpPQp58+2WbpQQ6KJs7exgkO9ATz2/H6f+yrox  
   kTtS91ZkP1RtxE12mnDALbI6Twu2vcUxP29OGOKxCEUqGtoCX4zHIpTyImIi9DwWQb1NljaHmhnghMP+   ZD798+6P6TVHfmQRM6eK6DjcyBmQ+njYTx2G+njYv67zJl/zbivXEYhEn3fw6ICdOOPtsohZr1GsWeIW   RbxxFcFgPaC366CPtjwascdVMoN1TF9HUJ/awgYkCnE1PcQCZkaXHOyN79Jm/URWaQqwcbrJcP+YMQg8   UpiN+LzbAgGnHsVH3GAOj0WIuAkcHovQF+K0eKx4UWzHcCTyI2tUAsdibu4XUCBx2uqXtBsuxiMR+HWs   GKhjRUTtJIK1E2VTAwtCXNTHgRYIOSvG2EFBgIu2PYGDAT7aRgUO5vhOu6iTnyxaJGaNeFqCOEZEonZT   EQcaiTrqtUjUSh4BY/v6Ox/qg684HWtYEYxDroR8POhnTKpDAjQG9xYI3QHUHg9yroHzmYjPVTEmV0Vc   roqhXBWxuSqwXOXNdmMz3aw5aWQ++ubu7o+He1XLkFdsuyxqln97zGp6Hxk0oFG6vgljMgxxoJHEgV5I   PBq2r5uade2Kg42UEwVcDjFSy7HBwcanVMhuX15zrEcWNlOOG3U52Ei973oM9omnQ7OpXkqO9Mg6Zr2K   eHq7nM+m5J6Uw2LmbxGdKUwyJha1O4VJxsSiLj/BJHgsaufNRnEv+Q51WNzM6lgBfDgCoxEGDXiUnG0P   3RPUusFGca/I2JcrsibojcpNMZibIjo3RTA3Z7fL6fx2csPKUAOG3PohcNnUr3TzCQ162ZWnaxiMwqo2   XcNgFFaF6RqgKNQH40cIch2fb/My1qRBO/2htsGBRk4bgbQObTrTHzm5MOTmtTlYa9MuViQ+ZLJIxMrN   +BOKefUW/ew72jUMRmHd0a4Bi9Iwn+FCgqEY7B/SoE9y9VfUuIAuVhRmS6piwzMqErJyGi24rWL1PJA+   R1VmRV4ybuYOhJz0wX+PoT7CET8+GbJSn725MORm9eH83pss7dOr9t1o9TZdI+sk2qQNJIBj6JpU/YHj   P8Gom74G3GFhc775yZ2jAQ1wlDpr6jx7ziJDAZqBePQn4KABjtI+5WF0EADeiXCvzrkn9xFOFGSj1nlH   yHW1R9je3l1zqimPdu0PH3m/vOdgI3ETBANDfe/a7e2Z2o4O2cmHawQUcJyclSg5kibkEnbCYJ/g5ZnA   8kxE5ZnA82x+f7eYUneFMTnEyNitxGURM/mNShMMOOlrJTw6ZBdxehH260caG66+pcP2qOs/CQIx6G2R   RwfsEYkTTJmmPgj+VWsasdOrkBPnGNWuULznkhaJWYk1scFhRmptbIKAU786kjZNTZaeyJCVM36GBEMx   qONnSDAUgzqxBwngGNzXC3x80E9eNgsrgDjtaz2MY8lwAxClm3pklViDhcz0Scseg3zEFr5jANMp6VmZ   Z9GAnVXxIXVexFsgPg77z5Nsl+YFx92hsJdXpI5gwMmtAh1+IAKnAnT4UAR6B8THEX9E3WfjiF8OljiV   UY8iXv6bCKABi9LOh9A74JAAicFZT+ywgJnR9QF7PZwOD9zXoc9rnCjMRp18NUHUud0znVuo9RD8e0CE   7gERWzrFcOkUEaVTBEsnebX7EUJc5NXuJgg4GSvKe8zz6Xcf+e+YQwI8BvltSodFzMy3uX0c85P7aycO   MTJ6Vj2IOGPeRkYcoUhqw4J1qrZ9u6a+zRTwhCK2q05vD7tVVvPjmRY8Grswwe/+Op/yOn6QYjgOvfsH   KYbjsBa4BzwDETndTsAwEIX6fjDAIxFy3sXn2BXT+0InDjGqVvINbnJfE4gXfYu7EifWYvaZXvceIcBF   nlU/QrBrx3HtABexdLUI4KGWqo5xTcu7+VSfxcZ5vuHRqJ2esxaKenW7Qd6gBOAHIjyleRkVQgkGYhzq   Wp2Msia+RoFrxsVjbIkQNIWj0h/5QYLBGDoFiJ171DIQrSry9WvS8Eu4qwnHE01VR0XSgnAM2fyqBznE   HbMwSSjWeey9dT58b51Hl/HzEWU79ocM/47+3o6q8CxNMF5W11VEqrX8cAQ5zNs3T7FxWks42k/6OwOg   YSiKbGjb1apxoU6agXh7WXXkTVeFRIW0TGhU8qtpNop6yX0ak0St+0O9r4Tarf1Jdj+5F+5Y0Gh6aYps   fAUzzokPR4hpR8VwO6pfaubXMkc87I+oL8VgfWlsLBIRozMMROHXXic+GCGmHhaD9bCIrhnFiJpRfWdb   pI8R90XLByN0d2lEjM4QjNLku5gQCg/7yWtwAD4YoZ1yTtariCgnBxqp6/+p83XW35mRLAca6e+srpgB   FAp61cw2sw48oriXNcjrSNRaVNV31hC+h0E3c/SOjtyNvdY51YGJ435uCzkwymyHHDJvmVfewQE3r+9w   YjEzd70/JEBjqN/GLNwmjvv1aqOIAEd+IIIe7m2igrSKgTj99GtUrF6Dx2PP7xk0am+3NuLmSkcH7ewh   vC1AY7TVX8ydbSkG47DvctOARmE8iXbhATev7/A42G8oqlS1RW1p5iSRLQBj8MaZ2BhTb5bIbW16GHPH   1KliqE4VkXWqGKxTRXydKsbUqeJt6lQxtk4VUXWqGKhTzW0x92nzJJgxLEcgEm8EGx69xoz4wqM9EdXi   iIEWR8S2OGK4xRHxLY4Y0+KI6BZHjGhx4kbeQ6PumBFxeDQsYlpKEW4pY0fZwyNsxn6oJug4l/OHBfk0   9Z4CbZz60SJBK/nJfo+hPvpiSIfFzIz32BwWNdPX2TgsaqbX2g6Lmun3scOCZuqbZScKs7Fmjj3asf85   YZzPcoQAF/FRxp/QblHqj9TecMe4pul89ulbcj+ZT7625yYxHkdhksFYTboi7hWJOAYinSdPFbEAw4pQ   HFX51YybEJOEYtELpEuH7OSq2qOH7PSKG1YMxtlnWf0GsY6agXiMyh1WDMWhd/1hxVCcyNKMtSzWlzgP   eCFBKAZjih3gQxHI1bEDh9xqtoEvV/SQnfGiH+IYjBRXE58Ug3HyfWSUfD8iRpKKdXQcJRmMFVeLnRSD   cXTTnWciMtZRMxAvtiYTY2oyEV+TiTE1mfqSKptvEOukGYrHGcBjkqFY5AfooGEwCnmwAStCcXSnkTXQ   xTVOPPYbYIE3v/RHdaZf42NscuvjkF8nHltv0r6d/BYQ/J6a3v2f3k3tMdBHbmZ7zPHpNU78k1t9HPQz   ZpJM0HOqcOl34rRHj4G+dcqwrVPQRe+jGBxoJPdFegz0EfscRwhxkfsWJgg76c9yAk9w4nYhGdqBpPuc   0bxZJGilNzEG5xqJW0X7u0TLv5wWd5ObWBcG3Cwn4GK+FYy+DczYBQbcAYb6NrH/FrGuIeiTKj3m+OR/   bYzTXVL5L8YpMagFicZZJuSwrpmaIkBa6PmT9NA8VXKM/sp5PAcawlFkdUKdvwcN4SiMPAUNUBTme+fh   983bebOqmWwbTh4cScT6MdtS33GyUcjb7omRrPJGNIxLtnDIz35Bdujd94j9mYJ7M7Ufdnt5cMu5zUMR   mpVQl5AWj3R7z0LmQ75hlGlF+TbOxBW6O5X+oFqLPV2nKN+WGJufUp0mC5iPK0T0MqG0zlKy3zMMRaEe   lwUJRsRIsvI5Oo6SDMUin1MGGsZEif9JR0sg2rEnHZNNhgOIxHnbBH/7Luqdu4E37Tj7jcD7jETsLxLc   VyRiP5HgPiKx+4cM7xvC3y8ktE8Id38QfF+Q04Z1m2yj27mDSB8zjtxRYHH0vo/0qV+AByJwz9F+DJ6h   rT7lJ00oRbidzEAfk9/FDPUw9RrLIivJzo6DjPQd4NAdEB9j9nB5DO/dErez4tCuilE7Kg7spsjdSRHf   RVFt+8IutLtAqd3xi+0OL7c7NT2TpJt/0ZwnzPF5MwzkWS3QAEdR+cn1H9mAmXwMkwsPuMmHMkECNwat   IfXWOsh6I9/Qn4f0GOgjPw/pMcenX+44vtFA73j7OOqPcKNe/iXDV0tdKuKvDlHDTZnS9E1WTdBx7tNa   ZMm2rnbJ6rDdEmtBj3bt7T45ehqdJjZA2Flkz1lxnEnaZBy7owjFUZ8z+r6IA46kPzd2M+JEch2DkejL   PhHHUKQfh7TIt7lshuOi9R44otqTiT6D7cIBt74KnaPsCL1iKA5rWQ5qGYp2kI34G4W0VIG47a3BvrNc   hxuJXFWCdSRnH2pkD2ru0X/4qX+sHa2R3ay7eXPGIzqLdKzd2hO9yJkkNUHH2a5s4/TcLRKxMnruNgp5   +2FTWjxWdLnNhyM8p8UhiwmhBX4M1mwgvuOMiJjjEME5DsGdjRD4bIRgz0aIwGwEc/d4dOf4qP1fB/Z9   jdqRfmA3eu5O9Pgu9OQd6IHd51k7zyO7zvd31+ZAHAjbKOqlt3cO65qN7CIP3l045CYP3z16yE4ewIMG   L8p+X9Vqx6PTXC4xhsc7EVgzPsh8z/HP1K6MwbnGKjkejEAz9pxr1AtJ6V0Fg3OMjPWS4EpJxrvH4BvH   x/eEqZtVGRxu7HbXFI28mR+5ektix0ob3nl2JocbGc/bADzsJz53A/Cwn3iGHYB7fuaJbDbpWTknchkY   6uNlYvAsLudzehYGz+EyPycPRD3Ydj+/56x/7ynPxluNaYGek/HcvKcwG6MYeHDITSwEHhxyc56hwwY0   CrmguWxvTi/y5PP0djqf3CS3k6/TsVaXs42zewnPp4sFRXeCEFdye8XSSc4wrvKkyWRrv0o3yaF8UWtZ   m2wnO1JpPbp9DkrCsV7qqnyUHYTHXBAGl8MmIOq6qFZyFJbU5+/IcQw2aD6PMJ8HzRcR5oug+X2E+X3Q   /EuE+Zeg+UOE+UPIfMkXX4a8v/O9v4e86U++OP0ZMq/2fPNqHzRHXPMqeM3rCPM6aN7kfPMmD5ojrnkT   vGYRcc0idM0/dzt+FargsPs8xn0+4I668POhK4+79KFrv4iyXwzY30fZ3w/Yf4my/zJg/xBl/xC2RyX7   QKpHJfpAmkcl+UCKRyX4QHr/GuP+Nez+Lcb9W9h9GeO+DLt/j3FDPQg90Jbd5na3pE1eZ+vmuHqWHCsk   A2LrHSfiIvoKIE5Tpzv1bLvMyP4eBbzdiKPOmkNdktUWjdtFk46f1AThkLva89WV2bvLxPnF5eN6J/Ln   RP4j+T56rQOABr1JVq6Tn+cR+s6ARNlka5ZbcogxW690yFVRjV+yhRuwKPLznXhMfv7CC3HCh/yXcf5L   xP99s2WJJWcZLz78yi2HLhr00sshYkCi0MqhxSFGbjlEDFgUTjmE8CH/ZZz/EvHTyqHFWcZk3dS6fSKs   QnAw2/f0kqxXa/UD6td9Q1HapG9t6vcXx0/bvBVUPaDw4siSybjyjvJsXVlkGA3St/KMiK3dU6tNFGIx   8GnQfkxynt2gbXtZ8Uuby0LmyBKHSoBYjFJncoCRmyZ4ekSUE4hHIjDLCsRbEboK8Env4fUr6XBEmMbt   UfIht+zovz6Pf0KF8VCE7qPkqapLwvMNhLcilHkiv8Qo5jYIOekF3QYNpyjP1dYR3QKIpMjKx/GbFcK0   Y99USbpZkZQt4nhUB4Gy1t2CABepxJoQ4Koz0uHHLgcYRfpM1ynIcT1mslymRf53ttFLm5oqGX9kPG7w   oqjDSap8nckKqZCj/vGnQmI8EGGbZ8Um2Td094kErF3ZbauKbVXr0TRhRdGgyImZi3b5IWVjcA90nU22   S9bVbiX/Qr9JPNqx19lWP4ZXVZKeR9LzDZSTDQc0WDzVuFVlxovSwY5bRJZUMVhSm9d9t6Q8SWWOVTLH   MloM0OBEOTRr5v1skb11lWWHZFdtZBWnVhirC6gp26phvBEhr7oZSCG7hNTTY2Hatm83iXiqDoWevRu/   PgJAba/ab1CWV7V8VSVbdwHqT+lmQ/oFYZMdVX1IT6Oe8m1qZb78b6quwwxfmaRqA6TDSlYbpWhI5QRg   bfNmk7xU9fgdlEzGMq2r/StZ1UOWayM7e5zfanGWMfu5l/lOULWA5djmjZA3HPlHWpxtVO+37qqyeax2   GeEW8siQNRG7tCj47pa3IjymzVNWfyA4O8KyyCSp0/IxIyeoDdpO0XaR5V1Etjqo662zIm3y56x4VT0D   UrkEaMv+r3RdrXKCsAUsR7Hese4Zi7ONmRBJ85SWZmGYU9SgAIlBzS6HtKy7vCj0oh7ZySINPSA2YJY9   BdIJg6jAiVHm8pZLXvLN+NGhy9nGatOeGs0oHx4Lmqm5Z3GeUVa+ySqV3ZoL9iVDCjCOKprkKtKHPXfX   M3vX3u78MKgHi8hOMo9HI1DrP49FzSJb11kTFcBUeHEK8ZRv1RHZzDTyeCRCZICAf3coYhp3TOHF4fY3   PRY0c+qLE+cZD+e/sq/VYh2zvNXKdySfJmyLTGxWDWlynlFNIKS/EHUtBLsuOa5LwMXIBZPzjCpNiTKF   gB5Gx9VFPS/5BjwynolTQvzSUckyU+pXrFW3s1o959VByF6nzLB9JWSPgxBh0GVHLvU8B2s847GWeV+9   0HKtBSxHrcb9vPGGi/rers3R36GKTdY2Z5vDOpNJsyY5ewqzqQHUvki52hPu+EX+NyNtDcz2dS0tWWhy   gPGY3vofZK9FQ3be5QJXK9Zp09BK/RGxPXrilHxdJub4GvYIxWM9s2jkeGjNuFob9bwcIWD6UV/+TPQM   cZlSKn0bdJ301ryHYNclx3UJuOitucV5RmpreWI8EzlHj4xr+snO0p9onjJ6uHDv1moTyakH0Jb9wJ0U   OOAzAgfuwOGAjxpeyNO3L978baWeFwqhdlDcq0O2iq1+JDbaifB9hPVFnkwWt+fJx9kyWSyVYKwcQAHv   7HY5/Tydk6UdBxjvPv739GpJFraY4Vut9FBFzXCWo9eC2pRvO6zFRbLKqLoOA3zN9j1L2HGg8ZJhu7RN   6mm2+mtC2DXa5UyjPpGOnBcm5dvIeWFhgI+cFzYHGi8ZNjMvnlL5vwu9qeHr+ft3H5JqT8gRkA7ZRTa+   vYFpw64WGlV61dG6UOPCrFQLF0bXmBjfR9iom//qSr0yfz1dXM1n98vZ3e1YP0w7dl7duQnVnf2HX++5   2iMJWe/ubqaTW7qz5QDj9Pbh63Q+WU6vydIeBbzddgyz/51eL2fjd3LAeDwCM5UtGrDPJh+Y5hMJWWkt   6gZtUU+f3D7c3JB1CgJctNZ5g7XO/QdXyyn77jJhwH0v/76cfLyhl6wTGbIyL9rhgQiL6T8fprdX02Ry   +42sN2HQvWRql4hx+es5MyVOJGTlVAhILbD8ds9wSQhwPdzO/pzOF+w6xeGhCMsr1o/vOND46ZJ7uScU   8P45W8z494FFO/aH5RcJLr/JSu3TXddIkwJAAizGH9Nvs2ueXaOO99BU9+0RU3+MX83vk7b142Qxu0qu   7m5lck1k/UFKDQ+23VfT+XL2aXYlW+n7u5vZ1WxKsgO445/fJNezxTK5v6NeuYPa3usv+7ROd4IiPDKw   KSEsjXM5xziby/bubv6NfnM4qOtd3N9Mvi2nfy1pzhPm+brEJeo6CrORtuYCUMe7mPBuKQsMOMkZ78Ih   9/jNyiHWNx9WRb5mJMSR84zE0xttCrMxktQgUSs5MXvQdy5mn6k2iXgeRjV0hGzX9IpxVSfIdd2rCFlD   OIPC5Twj6yY0OdxILS8uGzDTyoyDul7GzXKCEBf9p6N3Sv8R9Udj98n0enY/mS+/USt0k3OMfy2nt9fT   a9V7Sh4Wk880r0fbds7ekBt0b0j3kwVX6fRdZovFgySY7a9P2/bb6XJxNbmfJov7PyZXFLNN4tYZVzpz   nHfLmexATj+RfEfIdt0tv0zn1Gw/Qbbr/o+rxfjdvHoCslBv754CbbQb+wT5rt+ont8AB+fH/Qb/tkt+   YwDgYT89ES8DrYL+XE3s/KlrJTXmJOttfNDPSiFfMRyHkVKeAYrCun7kijnX6F2VGrt+I2fdiYJs/3yY   3PCMR9Kxzu/++qYH3G3K6rZwQXzkgUqgWO3V0PUt5xjJHSeo18TrMmH9JVZnCekp8XrHWN84ojIM1YPs   KjBQ+3EGpMhodM4d6c/xkf48ZqQ/D4/05xEj/XlwpD9njvTn6Ejf/ISTDCYbMNMTwUA9b3K/WCRyIDH5   uiBqDRKwkuuiOTLjMWfPeMwDMx5z7ozHHJ/xeFjInq7uOlOEPWXb1C79FI/6vm9IJjef7+ZUT0thtgVP   t4B8y+V89vFhOaUrjyRkffiL7nv4CzDpVpyjO4KQU/YK6D4JQa75DV01v4FN5H61BSJO4j1rcoiRdr8a   GOBjdfBsMmRd8LXQ3UIde58gxJVMb5fzbyxjiwJeesVvYICPcBaYycAmXgk/goiTU8I7DjEySniLgb4/   7/6gLSwyOcBInD4/MoDpzwm99pIMYOLkAZz+jLS30l2kid4DZpeNf0nCgmyXPrI82dOfNABsb87WyedP   3YvM6Wb0gkEHg32bVcHxSQz2bbMi23WHwr824w+SDjlCkXaHgh9CwiG3+FHz3RIOuZsqNn2OBjjKY10d   9on8cz7+bE2MD0Wg7NwA0yG73lzqUI/f+S2ggOOoK0j2daZel+QEMXk4ArOEomVTLf1VuyYwpZoNmZv1   E18tYdwdkcwGHvDrkXPcTzAdXiR5MzTqdNB1tcnUm3xFWqv9aKg3Mabx4ol8ty/08bnJz2RdVfUmL9OG   mvOIBYsWWYMjlnA0Zm0IOrBIETUiYAhHeWTWW7AkHItRA3t8OIJ4i18jhn6N3huE+UtaFjWLJFU1tcq5   5pUZwXIEIlVlTFoZAiyG3v5Q78rGC9Hz4Qj8ctXz4QiqSMi7Ni5jQFUwrkiyH4e0iAjXGawo6Vb9V7fr   V1qSY4A8FKF965tubjnIKBPuGJauNWDbTR1WmYxlWuWP5UHX77qiJ/gcErG2LTBL26KWN6KxDrbQqutz   aLLk5XbyieI0MMvXNpq04eSJAUzU8m5QgI3V/Qj2OdoPy+yRLJQMZJL1tNqqN9ml4jvdadKAnXyTmxjk   O6zossMKMKluli7/ZN+JRKys3AZ7farnZN5Iatdgqh51DEYi1ye4xI6l+1Fl9kJRHxnL9JSKJ5Vyup+R   7N9f/pL83Kn9ftMP5xeJEC+HZFOn2+bdb4RQ46XgtXTjIJfjX0dYaF0DcxIAHfufGnF5GW0zSbD68ICb   PODFFFac/ffsldp+nxjbpHtoulo+lCqt6kyIjNLuIAYgit65i3r/uWjQS517AfmhCLT8hAXhGPTSjikG   4uj5lKgw2jAmSnzCobM/x1EGsVU2MdDXHG/AvvYXDD+kAeIxWlkbtJ1t/jNSxQItp9ptrdLdI907It/K   IG9F6HKa1vHtIcilO7HU4wEQHPKzOsMei5rpmwGiAihGXj6/i4rhCMAYgnT6hgdCTnsHVrra5qEItMFI   D0Gudu8/uq7lICP5trY40EgahPQQ5GJUZQ6JWGOyHNkdE/mCKtj8WgNV2XHbeTGRbrupK0ogl7XN7XxY   /E0e8gQivklSjjOaV6Ge1As5ik1e8uZJtTPr9mij72X1Uv7/1s6guVFcC6P7+SdvNyGTyZvtq9l0VVdN   ldM1W4qAElOxgUbY7fSvfxLYwJXuxXyX3qUC58jICAsJPqVZZX+YFgotA5TzzzHMIv1Mnv5Ms/MlGbMg  
   gTslUSGUgyb9srDghi6FlBOMrh+07RPPBQtl+MzCTWXcBEIZQwcM6q5w9D07fJ+6IFksq6hPwDpfokAo   43YOP6kKGOk79udNdql9bTqTmLOoSJ6eHv5SDMSHYOzEBwdCcHL6QLP3ftDGXYXW+gjEufqINNzWY5zP   ry2K6zzF2ay15hHX9Vjgc5+3g2vuBnEuvOYmjPPBNTdSnA2vuQmjvn70Dqy4G8OY4GqbKMaGVtoIMS64   yiZqspVJtiFbkKcDuy5bj0EZL5giF3KMEUt+CzDGhyXjBNjcl2tTGhmU8cI1mYs1WWw6o4o7Z1Shr4di   qR4KZVplTHJWLK0y5BijpkUVSy2q2JRWKfFyCcpaFtIqx+1wWmVMcla0dRRLrQNNqyQQ40KvWYV0zSr0   aZUszLjhtMqYXLIqP7SYVjnuoUmrZGHW/U2p/SYY4bTKmOSsmguCcBVA0ioJxLiUaZUSz5WApVWGHGtE   0yoZlPGq0ip5OrBvSasUBVIZUFolg1KvOleShal7Q66kgAd+Xa4kg1Ivmis5Z3gT8v5XyAVGXa4kg4Ze   OFcywCIfmGtFKckGvWPKoIFXkzYRgQtO+IuX0ybizetfBeTY2IymTYRcZARftqWUZFNUKZuyEGyDK5NL   WbhtAl5BnSGRR3EZinMl/b/hXEkChS48VzLkIqOqEfK5kuEW9HyRcyWjrdg5I+ZKDhsVjYXJlST/xg9d   bCmaXMmQC4yKXMmQC4zqXEmepnZNrmTIycYXrTLou+hzJXma2nW5kjEpW79opV8CJ5orSSDqgnMlCURd   WK7kRHAWtHlzuZKz/2MNm8mVvP37GfU8Mw7NwT3zxzZLbvxSvdUaM6O4Xw5eobFhsZSNR3L3KLYdwd1P   X5XF1iO4Ku6Xs+1IBgNTii7zU8Dv+lW1tZT5Ke2kqK2FzM9pH9XnFz6x5jNGnwrO/KQUZ0MzP2MysG7N   /FyUcGVhmZ8hFxjhTi3Xo9V1Z6W+rKojK/RidXcu0n3Lhkv70lVdfUFfuJZrBguEkYKddhRmJ4/C7LaM   wuyWR2F2G0ZhdoujMDvlKMxOHIXRZn5y7IIZrwQ28/O6UZH5GZOMFb4W7YTRqJ16NGq3MBq1045G7eTR   KDzzk1LUhmR+3vaPDVjmJ6Uk24tO98L50MzPmOSs60M65wxjQjM/I5BzApmfBOJcu6+4aveVN8H9aiHz   k2wC2yyf+Um2YO2VzfwkG7pXqxI6jjGquoxSimi87UWv5dofOtLCpIiSf2MpogzKePGfEjZFdNwApIjO   Gd6kazNxiijZpGkzUYoo2aJoM2GK6GwDlCIacowRnCyJU0TH/wIponOGMWm+A77+FXXP1rvmOhVdo1qj   vvAFKO/1Z43Se0V5r9IZ+Go/MYR3+gk291n9U5B26SnIaGMKPqwmCJgy4GcKrfhMod3y3J5dfm6v0z1j   2EnPGJ71z++el57fPSvnrs7i3NVZO3d1luauPv5Xt2X17vZ2NzMv39vu24/V1zqOXTZ/NdUWucNn/n8a   U/nNJrN19dL5vf/Oumx1AQIvlfBvdjitfwuYY5fNSN3w+OQ/mLM59O/JVXWx+hU4SoU296dGN2KT71j8   kb4e6vwjLVx9+1cTzerkBY6dm5+uWzN7VNl5fiqhHhaqRH83AmzyNR+5fUjSsjNt1pV1ZdMsz03TZcCr   i0uOqCT/Wtz7+lONUpGteTWpqfL2s8FiHAWc+p/7c9G/sGyK/stA7BEcupustSbdmww4P2KSWv/bH1Fh   +iNCpAScOY+vXf1hqtRcmgd3Zrq2tNoao5I3P5Sm6vrvGA8AWaGSynUnlD9jjd9dV9zcIJfSpfv+NXf/   Zru7yGuLCjRSeaW1J9P+ktpkVVK5rTsfdcV4UrL6BqSzelKynqoN5/IV5t2JvpUk6aL3l7WSBGklyeZW   kqxoJcmvaSXJ2laS/LpWkiCtJFG3kmShlSTqVpIstJJkSytJmFZSu77HZ5pn+d4MvTLoJ5WlJXtrjE7s   QMFpTadSOk42psesaZCTXeCjEvquo6IaRo43ApGcARb5fJe8zwHGnXOU9yqOfOR44xEJ3ItA4vxMd9+R   tTJmyOTx8W/+OvfhGlqfW/R6ensz/h7SdWh9x3t1s71vmpWqWUWo5VcRaqeVgIYsQuD3hWOp2f2Z+TgE   sC/MoLy3GSbz085Vn3W1d9SUEEn4svrIpDb7oSnixkrmn0Zn/WmoEc5JIRBx/Uwffk/+SN+zbm/apz6x   CZAyNGf3eUc6843krJX7DpPW3fDp1ATn/G5b4ndS+gnO+W2edZ2+0gnO+r+3WvWVnKw2KVWjxiHHGDWj   xiw8c++zB/WgEwsTtw9G2mDncOL3edIb/Bw+87t/G9NAK33MmcB0MOvXIhgBxpE2XQt7PERdpwaRnBpC   vwH97+vulAc6QtfdCV9WFliqZgSow6a2bjuDHMjIEBPQVRz2Dum0Oh0OmKJHqGf9igDD3oRuauR8cHuH   NPqd3hDW4+7VFCpHUdtp/UJT190JD9xbDXuHdH838HaqckwzYtS3L9+gz+P3p4YaajN+d8Kf/YwKIOj3   JwYkI/i6+8R3/ivu77HXr/cxZybT+fajiM9tMij1auY2Q042vmiVL7ITaGwMOvM+ppnvOZerr6gTQS2H   DjEcOkK/5nVlAb7fnxhyd2uLGPr9qaE9+PzaAlh+iFKRDbi6T0RkafuZUVA0QKGrwCz0G3adEtffcv8G   JCNDTObSpR8nQDMAxOF+O+ze2A78QHOM+MqiATRub0pXbzWCu90Dfl+++pTE6hP6GDOM+HwDPdnsHTmT   R4aYquzoF0iobNdmfhE3QBii1GvTMntKD6VFrhszKrDlQN9yBIijzm3jZ5vdGYJ8B3Ms9lV1P7aE+q4Y   8TV5CWjc3pS+DveqvskY5tzXAWSF+EYSqwUblY1alYV/2Wz0y1Y37ZtiMi7kWOOmabh7HrZEzQScgLP+   TVNh9zxsicgkWICxPmT6K8BYHzjxFZMza5MZm+av+e05k9XSEIycXfuYjE+v9KMrFpQzhrAUcPycQKFL   VQPC0fu7t2sxULvgYM59qxWVewZP7osypPwiZpRft7wbJDSfQJzLt92+6aLLTCwouHKah+bBr0TRJHgB   E7toftxgfmTNj/26f376VVHhc5qzD6tz+BRv3D2xy2ZoUTdRcKcMe8wOB3ThtfsmttT1K+0QiHN1NfTT   F4GRE54Uu4hrB1y32Bxc/yjkZsan3//697F/SrEfPxquMLZ/Dnm1fcFBS0qL8t3fwvXzkdnhvW7Lbn9E   yuENfCln05Zvn9AToQIe+JvWL8zRz11am2I5baIgKKOf3O4u/VXIYnaKMl5fqL8GdRfYO6HU60eGkjIt   G+RHKOAi4/Dr4YrbmwsonaORd3hyxlw6U9kSGL4S8MjvyoQX7GLQyHuo6w/rbqE/TFq4+2l/lw7qGUNU   ynDzD1yyKfaf3/4P5m1j6i2mBAA= EOF  # We are renaming openssl to openssl_grpc so that there is no conflict with openssl if it exists find . -type f \( -path '*.h' -or -path '*.cc' -or -path '*.c' \) -print0 | xargs -0 -L1 sed -E -i'.grpc_back' 's;#include <openssl/;#include <openssl_grpc/;g'  # Include of boringssl_prefix_symbols.h does not follow Xcode import style. We add the package # name here so that Xcode knows where to find it. find . -type f \( -path '*.h' -or -path '*.cc' -or -path '*.c' \) -print0 | xargs -0 -L1 sed -E -i'.grpc_back' 's;#include <boringssl_prefix_symbols.h>;#include <openssl_grpc/boringssl_prefix_symbols.h>;g'
  > Copying BoringSSL-GRPC from `/Users/gr0nk/Library/Caches/CocoaPods/Pods/Release/BoringSSL-GRPC/0.0.24-3175b` to `Pods/BoringSSL-GRPC`

-> Installing DoubleConversion (1.1.6)
 > Git download
 > Git download
     $ /usr/bin/git clone https://github.com/google/double-conversion.git /var/folders/3n/wjddhk5s4b9_8vrk72p0c4gc0000gn/T/d20250110-48425-5d7ja9 --template= --single-branch --depth 1 --branch v1.1.6
     Cloning into '/var/folders/3n/wjddhk5s4b9_8vrk72p0c4gc0000gn/T/d20250110-48425-5d7ja9'...
     Note: switching to '361924fb61c043627d4179e941a102d543f6efa0'.
     
     You are in 'detached HEAD' state. You can look around, make experimental
     changes and commit them, and you can discard any commits you make in this
     state without impacting any branches by switching back to a branch.
     
     If you want to create a new branch to retain commits you create, you may
     do so (now or later) by using -c with the switch command. Example:
     
       git switch -c <new-branch-name>
     
     Or undo this operation with:
     
       git switch -
     
     Turn off this advice by setting config variable advice.detachedHead to false
     
  $ /usr/bin/rsync -a --exclude=.git --delete /var/folders/3n/wjddhk5s4b9_8vrk72p0c4gc0000gn/T/d20250110-48425-5d7ja9/ /Users/gr0nk/Library/Caches/CocoaPods/Pods/External/DoubleConversion/77f51e588bfe0e5c4fa6e9c580da62c6-5189b
 > Running prepare command
   $ /bin/bash -c  set -e mv src double-conversion
  > Copying DoubleConversion from `/Users/gr0nk/Library/Caches/CocoaPods/Pods/External/DoubleConversion/77f51e588bfe0e5c4fa6e9c580da62c6-5189b` to `Pods/DoubleConversion`

-> Installing EASClient (0.6.0)

-> Installing EXApplication (5.3.1)

-> Installing EXConstants (14.4.2)

-> Installing EXFileSystem (15.4.4)

-> Installing EXFont (11.4.0)

-> Installing EXJSONUtils (0.7.1)

-> Installing EXManifests (0.7.2)

-> Installing EXNotifications (0.20.1)

-> Installing EXSplashScreen (0.20.5)

-> Installing EXStructuredHeaders (3.3.0)

-> Installing EXUpdates (0.18.13)

-> Installing EXUpdatesInterface (0.10.1)

-> Installing Expo (49.0.11)

-> Installing ExpoKeepAwake (12.3.0)

-> Installing ExpoModulesCore (1.5.11)

-> Installing ExpoSQLite (11.3.3)

-> Installing FBLazyVector (0.72.3)

-> Installing FBReactNativeSpec (0.72.3)
 > Running prepare command
   $ /bin/bash -c  set -e mkdir -p ../../../../ios/build/generated/ios/./FBReactNativeSpec && touch -a ../../../../ios/build/generated/ios/./FBReactNativeSpec/FBReactNativeSpec.h ../../../../ios/build/generated/ios/./FBReactNativeSpec/FBReactNativeSpec-generated.mm

-> Installing Firebase (10.15.0)
 > Git download
 > Git download
     $ /usr/bin/git clone https://github.com/firebase/firebase-ios-sdk.git /var/folders/3n/wjddhk5s4b9_8vrk72p0c4gc0000gn/T/d20250110-48425-tgufo5 --template= --single-branch --depth 1 --branch CocoaPods-10.15.0
     Cloning into '/var/folders/3n/wjddhk5s4b9_8vrk72p0c4gc0000gn/T/d20250110-48425-tgufo5'...
     Note: switching to '8a8ec57a272e0d31480fb0893dda0cf4f769b57e'.
     
     You are in 'detached HEAD' state. You can look around, make experimental
     changes and commit them, and you can discard any commits you make in this
     state without impacting any branches by switching back to a branch.
     
     If you want to create a new branch to retain commits you create, you may
     do so (now or later) by using -c with the switch command. Example:
     
       git switch -c <new-branch-name>
     
     Or undo this operation with:
     
       git switch -
     
     Turn off this advice by setting config variable advice.detachedHead to false
     
  $ /usr/bin/rsync -a --exclude=.git --delete /var/folders/3n/wjddhk5s4b9_8vrk72p0c4gc0000gn/T/d20250110-48425-tgufo5/ /Users/gr0nk/Library/Caches/CocoaPods/Pods/Release/Firebase/10.15.0-66043
  > Copying Firebase from `/Users/gr0nk/Library/Caches/CocoaPods/Pods/Release/Firebase/10.15.0-66043` to `Pods/Firebase`

-> Installing FirebaseAnalytics (10.15.0)
 > Http download
   $ /usr/bin/curl -f -L -o /var/folders/3n/wjddhk5s4b9_8vrk72p0c4gc0000gn/T/d20250110-48425-s6610/file.tgz https://dl.google.com/firebase/ios/analytics/21728684ab4e9139/FirebaseAnalytics-10.13.0.tar.gz --create-dirs --netrc-optional --retry 2 -A 'CocoaPods/1.16.2 cocoapods-downloader/2.1'
     % Total    % Received % Xferd  Average Speed   Time    Time     Time  Current
                                    Dload  Upload   Total   Spent    Left  Speed
        0     0    0     0    0     0      0      0 --:--:-- --:--:-- --:--:--     0     0     0    0     0    0     0      0      0 --:--:-- --:--:-- --:--:--     0   100  382k  100  382k    0     0   785k      0 --:--:-- --:--:-- --:--:--  784k
   $ /usr/bin/tar xf /var/folders/3n/wjddhk5s4b9_8vrk72p0c4gc0000gn/T/d20250110-48425-s6610/file.tgz -C /var/folders/3n/wjddhk5s4b9_8vrk72p0c4gc0000gn/T/d20250110-48425-s6610
  $ /usr/bin/rsync -a --exclude=.git --delete /var/folders/3n/wjddhk5s4b9_8vrk72p0c4gc0000gn/T/d20250110-48425-s6610/ /Users/gr0nk/Library/Caches/CocoaPods/Pods/Release/FirebaseAnalytics/10.15.0-47cef
  > Copying FirebaseAnalytics from `/Users/gr0nk/Library/Caches/CocoaPods/Pods/Release/FirebaseAnalytics/10.15.0-47cef` to `Pods/FirebaseAnalytics`

-> Installing FirebaseCore (10.15.0)
 > Git download
 > Git download
     $ /usr/bin/git clone https://github.com/firebase/firebase-ios-sdk.git /var/folders/3n/wjddhk5s4b9_8vrk72p0c4gc0000gn/T/d20250110-48425-ple16v --template= --single-branch --depth 1 --branch CocoaPods-10.15.0
     Cloning into '/var/folders/3n/wjddhk5s4b9_8vrk72p0c4gc0000gn/T/d20250110-48425-ple16v'...
     Note: switching to '8a8ec57a272e0d31480fb0893dda0cf4f769b57e'.
     
     You are in 'detached HEAD' state. You can look around, make experimental
     changes and commit them, and you can discard any commits you make in this
     state without impacting any branches by switching back to a branch.
     
     If you want to create a new branch to retain commits you create, you may
     do so (now or later) by using -c with the switch command. Example:
     
       git switch -c <new-branch-name>
     
     Or undo this operation with:
     
       git switch -
     
     Turn off this advice by setting config variable advice.detachedHead to false
     
  $ /usr/bin/rsync -a --exclude=.git --delete /var/folders/3n/wjddhk5s4b9_8vrk72p0c4gc0000gn/T/d20250110-48425-ple16v/ /Users/gr0nk/Library/Caches/CocoaPods/Pods/Release/FirebaseCore/10.15.0-2cec5
  > Copying FirebaseCore from `/Users/gr0nk/Library/Caches/CocoaPods/Pods/Release/FirebaseCore/10.15.0-2cec5` to `Pods/FirebaseCore`

-> Installing FirebaseCoreInternal (10.29.0)
 > Git download
 > Git download
     $ /usr/bin/git clone https://github.com/firebase/firebase-ios-sdk.git /var/folders/3n/wjddhk5s4b9_8vrk72p0c4gc0000gn/T/d20250110-48425-ia5r84 --template= --single-branch --depth 1 --branch CocoaPods-10.29.0
     Cloning into '/var/folders/3n/wjddhk5s4b9_8vrk72p0c4gc0000gn/T/d20250110-48425-ia5r84'...
     Note: switching to 'eca84fd638116dd6adb633b5a3f31cc7befcbb7d'.
     
     You are in 'detached HEAD' state. You can look around, make experimental
     changes and commit them, and you can discard any commits you make in this
     state without impacting any branches by switching back to a branch.
     
     If you want to create a new branch to retain commits you create, you may
     do so (now or later) by using -c with the switch command. Example:
     
       git switch -c <new-branch-name>
     
     Or undo this operation with:
     
       git switch -
     
     Turn off this advice by setting config variable advice.detachedHead to false
     
  $ /usr/bin/rsync -a --exclude=.git --delete /var/folders/3n/wjddhk5s4b9_8vrk72p0c4gc0000gn/T/d20250110-48425-ia5r84/ /Users/gr0nk/Library/Caches/CocoaPods/Pods/Release/FirebaseCoreInternal/10.29.0-df84d
  > Copying FirebaseCoreInternal from `/Users/gr0nk/Library/Caches/CocoaPods/Pods/Release/FirebaseCoreInternal/10.29.0-df84d` to `Pods/FirebaseCoreInternal`

-> Installing FirebaseFirestore (10.15.0)
 > Git download
 > Git download
     $ /usr/bin/git clone https://github.com/firebase/firebase-ios-sdk.git /var/folders/3n/wjddhk5s4b9_8vrk72p0c4gc0000gn/T/d20250110-48425-gaq8m --template= --single-branch --depth 1 --branch CocoaPods-10.15.0
     Cloning into '/var/folders/3n/wjddhk5s4b9_8vrk72p0c4gc0000gn/T/d20250110-48425-gaq8m'...
     Note: switching to '8a8ec57a272e0d31480fb0893dda0cf4f769b57e'.
     
     You are in 'detached HEAD' state. You can look around, make experimental
     changes and commit them, and you can discard any commits you make in this
     state without impacting any branches by switching back to a branch.
     
     If you want to create a new branch to retain commits you create, you may
     do so (now or later) by using -c with the switch command. Example:
     
       git switch -c <new-branch-name>
     
     Or undo this operation with:
     
       git switch -
     
     Turn off this advice by setting config variable advice.detachedHead to false
     
  $ /usr/bin/rsync -a --exclude=.git --delete /var/folders/3n/wjddhk5s4b9_8vrk72p0c4gc0000gn/T/d20250110-48425-gaq8m/ /Users/gr0nk/Library/Caches/CocoaPods/Pods/Release/FirebaseFirestore/10.15.0-b4c0e
  > Copying FirebaseFirestore from `/Users/gr0nk/Library/Caches/CocoaPods/Pods/Release/FirebaseFirestore/10.15.0-b4c0e` to `Pods/FirebaseFirestore`

-> Installing FirebaseInstallations (10.29.0)
 > Git download
 > Git download
     $ /usr/bin/git clone https://github.com/firebase/firebase-ios-sdk.git /var/folders/3n/wjddhk5s4b9_8vrk72p0c4gc0000gn/T/d20250110-48425-qv8uio --template= --single-branch --depth 1 --branch CocoaPods-10.29.0
     Cloning into '/var/folders/3n/wjddhk5s4b9_8vrk72p0c4gc0000gn/T/d20250110-48425-qv8uio'...
     Note: switching to 'eca84fd638116dd6adb633b5a3f31cc7befcbb7d'.
     
     You are in 'detached HEAD' state. You can look around, make experimental
     changes and commit them, and you can discard any commits you make in this
     state without impacting any branches by switching back to a branch.
     
     If you want to create a new branch to retain commits you create, you may
     do so (now or later) by using -c with the switch command. Example:
     
       git switch -c <new-branch-name>
     
     Or undo this operation with:
     
       git switch -
     
     Turn off this advice by setting config variable advice.detachedHead to false
     
  $ /usr/bin/rsync -a --exclude=.git --delete /var/folders/3n/wjddhk5s4b9_8vrk72p0c4gc0000gn/T/d20250110-48425-qv8uio/ /Users/gr0nk/Library/Caches/CocoaPods/Pods/Release/FirebaseInstallations/10.29.0-913cf
  > Copying FirebaseInstallations from `/Users/gr0nk/Library/Caches/CocoaPods/Pods/Release/FirebaseInstallations/10.29.0-913cf` to `Pods/FirebaseInstallations`

-> Installing GoogleAppMeasurement (10.15.0)
 > Http download
   $ /usr/bin/curl -f -L -o /var/folders/3n/wjddhk5s4b9_8vrk72p0c4gc0000gn/T/d20250110-48425-7u6573/file.tgz https://dl.google.com/firebase/ios/analytics/6575dde9ed8f9ac8/GoogleAppMeasurement-10.13.0.tar.gz --create-dirs --netrc-optional --retry 2 -A 'CocoaPods/1.16.2 cocoapods-downloader/2.1'
     % Total    % Received % Xferd  Average Speed   Time    Time     Time  Current
                                    Dload  Upload   Total   Spent    Left  Speed
        0     0    0     0    0     0      0      0 --:--:-- --:--:-- --:--:--     0     0 9209k    0 35553    0     0  70689      0  0:02:13 --:--:--  0:02:13 70681   100 9209k  100 9209k    0     0  8724k      0  0:00:01  0:00:01 --:--:-- 8729k
   $ /usr/bin/tar xf /var/folders/3n/wjddhk5s4b9_8vrk72p0c4gc0000gn/T/d20250110-48425-7u6573/file.tgz -C /var/folders/3n/wjddhk5s4b9_8vrk72p0c4gc0000gn/T/d20250110-48425-7u6573
  $ /usr/bin/rsync -a --exclude=.git --delete /var/folders/3n/wjddhk5s4b9_8vrk72p0c4gc0000gn/T/d20250110-48425-7u6573/ /Users/gr0nk/Library/Caches/CocoaPods/Pods/Release/GoogleAppMeasurement/10.15.0-722db
  > Copying GoogleAppMeasurement from `/Users/gr0nk/Library/Caches/CocoaPods/Pods/Release/GoogleAppMeasurement/10.15.0-722db` to `Pods/GoogleAppMeasurement`

-> Installing GoogleUtilities (7.13.3)
 > Git download
 > Git download
     $ /usr/bin/git clone https://github.com/google/GoogleUtilities.git /var/folders/3n/wjddhk5s4b9_8vrk72p0c4gc0000gn/T/d20250110-48425-30w80a --template= --single-branch --depth 1 --branch CocoaPods-7.13.3
     Cloning into '/var/folders/3n/wjddhk5s4b9_8vrk72p0c4gc0000gn/T/d20250110-48425-30w80a'...
     Note: switching to '57a1d307f42df690fdef2637f3e5b776da02aad6'.
     
     You are in 'detached HEAD' state. You can look around, make experimental
     changes and commit them, and you can discard any commits you make in this
     state without impacting any branches by switching back to a branch.
     
     If you want to create a new branch to retain commits you create, you may
     do so (now or later) by using -c with the switch command. Example:
     
       git switch -c <new-branch-name>
     
     Or undo this operation with:
     
       git switch -
     
     Turn off this advice by setting config variable advice.detachedHead to false
     
  $ /usr/bin/rsync -a --exclude=.git --delete /var/folders/3n/wjddhk5s4b9_8vrk72p0c4gc0000gn/T/d20250110-48425-30w80a/ /Users/gr0nk/Library/Caches/CocoaPods/Pods/Release/GoogleUtilities/7.13.3-ea963
  > Copying GoogleUtilities from `/Users/gr0nk/Library/Caches/CocoaPods/Pods/Release/GoogleUtilities/7.13.3-ea963` to `Pods/GoogleUtilities`

-> Installing PromisesObjC (2.4.0)
 > Git download
 > Git download
     $ /usr/bin/git clone https://github.com/google/promises.git /var/folders/3n/wjddhk5s4b9_8vrk72p0c4gc0000gn/T/d20250110-48425-uf472v --template= --single-branch --depth 1 --branch 2.4.0
     Cloning into '/var/folders/3n/wjddhk5s4b9_8vrk72p0c4gc0000gn/T/d20250110-48425-uf472v'...
     Note: switching to '540318ecedd63d883069ae7f1ed811a2df00b6ac'.
     
     You are in 'detached HEAD' state. You can look around, make experimental
     changes and commit them, and you can discard any commits you make in this
     state without impacting any branches by switching back to a branch.
     
     If you want to create a new branch to retain commits you create, you may
     do so (now or later) by using -c with the switch command. Example:
     
       git switch -c <new-branch-name>
     
     Or undo this operation with:
     
       git switch -
     
     Turn off this advice by setting config variable advice.detachedHead to false
     
  $ /usr/bin/rsync -a --exclude=.git --delete /var/folders/3n/wjddhk5s4b9_8vrk72p0c4gc0000gn/T/d20250110-48425-uf472v/ /Users/gr0nk/Library/Caches/CocoaPods/Pods/Release/PromisesObjC/2.4.0-f5707
  > Copying PromisesObjC from `/Users/gr0nk/Library/Caches/CocoaPods/Pods/Release/PromisesObjC/2.4.0-f5707` to `Pods/PromisesObjC`

-> Installing RCT-Folly (2021.07.22.00)
 > Git download
 > Git download
     $ /usr/bin/git clone https://github.com/facebook/folly.git /var/folders/3n/wjddhk5s4b9_8vrk72p0c4gc0000gn/T/d20250110-48425-fzg42g --template= --single-branch --depth 1 --branch v2021.07.22.00
     Cloning into '/var/folders/3n/wjddhk5s4b9_8vrk72p0c4gc0000gn/T/d20250110-48425-fzg42g'...
     Note: switching to '4baba28200d7446c870e96f3cdbeb492f54625d0'.
     
     You are in 'detached HEAD' state. You can look around, make experimental
     changes and commit them, and you can discard any commits you make in this
     state without impacting any branches by switching back to a branch.
     
     If you want to create a new branch to retain commits you create, you may
     do so (now or later) by using -c with the switch command. Example:
     
       git switch -c <new-branch-name>
     
     Or undo this operation with:
     
       git switch -
     
     Turn off this advice by setting config variable advice.detachedHead to false
     
  $ /usr/bin/rsync -a --exclude=.git --delete /var/folders/3n/wjddhk5s4b9_8vrk72p0c4gc0000gn/T/d20250110-48425-fzg42g/ /Users/gr0nk/Library/Caches/CocoaPods/Pods/External/RCT-Folly/b957572a7e21d425b31cc1761b00a672-8dc08
  > Copying RCT-Folly from `/Users/gr0nk/Library/Caches/CocoaPods/Pods/External/RCT-Folly/b957572a7e21d425b31cc1761b00a672-8dc08` to `Pods/RCT-Folly`

-> Installing RCTRequired (0.72.3)

-> Installing RCTTypeSafety (0.72.3)

-> Installing RCTYouTube (2.0.2)

-> Installing RNCAsyncStorage (1.19.3)

-> Installing RNCPicker (2.4.10)

-> Installing RNDateTimePicker (7.2.0)

-> Installing RNFBAnalytics (18.5.0)

-> Installing RNFBApp (18.5.0)

-> Installing RNFBFirestore (18.6.0)

-> Installing RNGestureHandler (2.12.1)

-> Installing RNInAppBrowser (3.7.0)

-> Installing RNRate (1.2.12)

-> Installing RNReactNativeHapticFeedback (2.2.0)

-> Installing RNReanimated (3.3.0)

-> Installing RNScreens (3.22.1)

-> Installing ReachabilitySwift (5.2.4)
 > Git download
 > Git download
     $ /usr/bin/git clone https://github.com/ashleymills/Reachability.swift.git /var/folders/3n/wjddhk5s4b9_8vrk72p0c4gc0000gn/T/d20250110-48425-mf02o7 --template= --single-branch --depth 1 --branch v5.2.4
     Cloning into '/var/folders/3n/wjddhk5s4b9_8vrk72p0c4gc0000gn/T/d20250110-48425-mf02o7'...
     Note: switching to '21d1dc412cfecbe6e34f1f4c4eb88d3f912654a6'.
     
     You are in 'detached HEAD' state. You can look around, make experimental
     changes and commit them, and you can discard any commits you make in this
     state without impacting any branches by switching back to a branch.
     
     If you want to create a new branch to retain commits you create, you may
     do so (now or later) by using -c with the switch command. Example:
     
       git switch -c <new-branch-name>
     
     Or undo this operation with:
     
       git switch -
     
     Turn off this advice by setting config variable advice.detachedHead to false
     
  $ /usr/bin/rsync -a --exclude=.git --delete /var/folders/3n/wjddhk5s4b9_8vrk72p0c4gc0000gn/T/d20250110-48425-mf02o7/ /Users/gr0nk/Library/Caches/CocoaPods/Pods/Release/ReachabilitySwift/5.2.4-32793
  > Copying ReachabilitySwift from `/Users/gr0nk/Library/Caches/CocoaPods/Pods/Release/ReachabilitySwift/5.2.4-32793` to `Pods/ReachabilitySwift`

-> Installing React (0.72.3)

-> Installing React-Codegen (0.72.3)

-> Installing React-Core (0.72.3)

-> Installing React-CoreModules (0.72.3)

-> Installing React-NativeModulesApple (0.72.3)

-> Installing React-RCTActionSheet (0.72.3)

-> Installing React-RCTAnimation (0.72.3)

-> Installing React-RCTAppDelegate (0.72.3)

-> Installing React-RCTBlob (0.72.3)

-> Installing React-RCTImage (0.72.3)

-> Installing React-RCTLinking (0.72.3)

-> Installing React-RCTNetwork (0.72.3)

-> Installing React-RCTSettings (0.72.3)

-> Installing React-RCTText (0.72.3)

-> Installing React-RCTVibration (0.72.3)

-> Installing React-callinvoker (0.72.3)

-> Installing React-cxxreact (0.72.3)

-> Installing React-debug (0.72.3)

-> Installing React-jsc (0.72.3)

-> Installing React-jsi (0.72.3)

-> Installing React-jsiexecutor (0.72.3)

-> Installing React-jsinspector (0.72.3)

-> Installing React-logger (0.72.3)

-> Installing React-perflogger (0.72.3)

-> Installing React-rncore (0.72.3)
 > Running prepare command
   $ /bin/bash -c  set -e mkdir -p ../../../ios/../node_modules/react-native/ReactCommon/react/renderer/components/rncore && touch -a ../../../ios/../node_modules/react-native/ReactCommon/react/renderer/components/rncore/ComponentDescriptors.h ../../../ios/../node_modules/react-native/ReactCommon/react/renderer/components/rncore/EventEmitters.cpp ../../../ios/../node_modules/react-native/ReactCommon/react/renderer/components/rncore/EventEmitters.h ../../../ios/../node_modules/react-native/ReactCommon/react/renderer/components/rncore/Props.cpp ../../../ios/../node_modules/react-native/ReactCommon/react/renderer/components/rncore/Props.h ../../../ios/../node_modules/react-native/ReactCommon/react/renderer/components/rncore/States.cpp ../../../ios/../node_modules/react-native/ReactCommon/react/renderer/components/rncore/States.h ../../../ios/../node_modules/react-native/ReactCommon/react/renderer/components/rncore/RCTComponentViewHelpers.h ../../../ios/../node_modules/react-native/ReactCommon/react/renderer/components/rncore/ShadowNodes.cpp ../../../ios/../node_modules/react-native/ReactCommon/react/renderer/components/rncore/ShadowNodes.h

-> Installing React-runtimeexecutor (0.72.3)

-> Installing React-runtimescheduler (0.72.3)

-> Installing React-utils (0.72.3)

-> Installing ReactCommon (0.72.3)

-> Installing SocketRocket (0.6.1)
 > Git download
 > Git download
     $ /usr/bin/git clone https://github.com/facebook/SocketRocket.git /var/folders/3n/wjddhk5s4b9_8vrk72p0c4gc0000gn/T/d20250110-48425-q7otpn --template= --single-branch --depth 1 --branch 0.6.1
     Cloning into '/var/folders/3n/wjddhk5s4b9_8vrk72p0c4gc0000gn/T/d20250110-48425-q7otpn'...
     Note: switching to '6fdc5fd0db5c49b1ed050d4033ee6a6ee2ec4d39'.
     
     You are in 'detached HEAD' state. You can look around, make experimental
     changes and commit them, and you can discard any commits you make in this
     state without impacting any branches by switching back to a branch.
     
     If you want to create a new branch to retain commits you create, you may
     do so (now or later) by using -c with the switch command. Example:
     
       git switch -c <new-branch-name>
     
     Or undo this operation with:
     
       git switch -
     
     Turn off this advice by setting config variable advice.detachedHead to false
     
  $ /usr/bin/rsync -a --exclude=.git --delete /var/folders/3n/wjddhk5s4b9_8vrk72p0c4gc0000gn/T/d20250110-48425-q7otpn/ /Users/gr0nk/Library/Caches/CocoaPods/Pods/Release/SocketRocket/0.6.1-f32cd
  > Copying SocketRocket from `/Users/gr0nk/Library/Caches/CocoaPods/Pods/Release/SocketRocket/0.6.1-f32cd` to `Pods/SocketRocket`

-> Installing Yoga (1.14.0)

-> Installing YoutubePlayer-in-WKWebView (0.3.11)
 > Git download
 > Git download
     $ /usr/bin/git clone https://github.com/hmhv/YoutubePlayer-in-WKWebView.git /var/folders/3n/wjddhk5s4b9_8vrk72p0c4gc0000gn/T/d20250110-48425-atwgng --template= --single-branch --depth 1 --branch 0.3.11
     Cloning into '/var/folders/3n/wjddhk5s4b9_8vrk72p0c4gc0000gn/T/d20250110-48425-atwgng'...
     Note: switching to '3d24743643fd4460e40ca8f4cd844563d32bb05f'.
     
     You are in 'detached HEAD' state. You can look around, make experimental
     changes and commit them, and you can discard any commits you make in this
     state without impacting any branches by switching back to a branch.
     
     If you want to create a new branch to retain commits you create, you may
     do so (now or later) by using -c with the switch command. Example:
     
       git switch -c <new-branch-name>
     
     Or undo this operation with:
     
       git switch -
     
     Turn off this advice by setting config variable advice.detachedHead to false
     
  $ /usr/bin/rsync -a --exclude=.git --delete /var/folders/3n/wjddhk5s4b9_8vrk72p0c4gc0000gn/T/d20250110-48425-atwgng/ /Users/gr0nk/Library/Caches/CocoaPods/Pods/Release/YoutubePlayer-in-WKWebView/0.3.11-2c3aa
  > Copying YoutubePlayer-in-WKWebView from `/Users/gr0nk/Library/Caches/CocoaPods/Pods/Release/YoutubePlayer-in-WKWebView/0.3.11-2c3aa` to `Pods/YoutubePlayer-in-WKWebView`

-> Installing abseil (1.20220623.0)
 > Git download
 > Git download
     $ /usr/bin/git clone https://github.com/abseil/abseil-cpp.git /var/folders/3n/wjddhk5s4b9_8vrk72p0c4gc0000gn/T/d20250110-48425-fzvzqe --template= --single-branch --depth 1 --branch 20220623.0
     Cloning into '/var/folders/3n/wjddhk5s4b9_8vrk72p0c4gc0000gn/T/d20250110-48425-fzvzqe'...
     Note: switching to '273292d1cfc0a94a65082ee350509af1d113344d'.
     
     You are in 'detached HEAD' state. You can look around, make experimental
     changes and commit them, and you can discard any commits you make in this
     state without impacting any branches by switching back to a branch.
     
     If you want to create a new branch to retain commits you create, you may
     do so (now or later) by using -c with the switch command. Example:
     
       git switch -c <new-branch-name>
     
     Or undo this operation with:
     
       git switch -
     
     Turn off this advice by setting config variable advice.detachedHead to false
     
  $ /usr/bin/rsync -a --exclude=.git --delete /var/folders/3n/wjddhk5s4b9_8vrk72p0c4gc0000gn/T/d20250110-48425-fzvzqe/ /Users/gr0nk/Library/Caches/CocoaPods/Pods/Release/abseil/1.20220623.0-926fb
  > Copying abseil from `/Users/gr0nk/Library/Caches/CocoaPods/Pods/Release/abseil/1.20220623.0-926fb` to `Pods/abseil`

-> Installing boost (1.76.0)
 > Http download
   $ /usr/bin/curl -f -L -o /var/folders/3n/wjddhk5s4b9_8vrk72p0c4gc0000gn/T/d20250110-48425-f8qaiz/file.tbz https://boostorg.jfrog.io/artifactory/main/release/1.76.0/source/boost_1_76_0.tar.bz2 --create-dirs --netrc-optional --retry 2 -A 'CocoaPods/1.16.2 cocoapods-downloader/2.1'
     % Total    % Received % Xferd  Average Speed   Time    Time     Time  Current
                                    Dload  Upload   Total   Spent    Left  Speed
        0     0    0     0    0     0      0      0 --:--:-- --:--:-- --:--:--     0   100   138  100   138    0     0    268      0 --:--:-- --:--:-- --:--:--   269
        0     0    0     0    0     0      0      0 --:--:-- --:--:-- --:--:--     0     0   144    0     0    0     0      0      0 --:--:--  0:00:01 --:--:--     0
   curl: (22) The requested URL returned error: 409

[!] Error installing boost
[!] /usr/bin/curl -f -L -o /var/folders/3n/wjddhk5s4b9_8vrk72p0c4gc0000gn/T/d20250110-48425-f8qaiz/file.tbz https://boostorg.jfrog.io/artifactory/main/release/1.76.0/source/boost_1_76_0.tar.bz2 --create-dirs --netrc-optional --retry 2 -A 'CocoaPods/1.16.2 cocoapods-downloader/2.1'

  % Total    % Received % Xferd  Average Speed   Time    Time     Time  Current
                                 Dload  Upload   Total   Spent    Left  Speed
  0     0    0     0    0     0      0      0 --:--:-- --:--:-- --:--:--     0100   138  100   138    0     0    268      0 --:--:-- --:--:-- --:--:--   269
  0     0    0     0    0     0      0      0 --:--:-- --:--:-- --:--:--     0  0   144    0     0    0     0      0      0 --:--:--  0:00:01 --:--:--     0
curl: (22) The requested URL returned error: 409

/opt/homebrew/Cellar/cocoapods/1.16.2_1/libexec/gems/cocoapods-1.16.2/lib/cocoapods/downloader.rb:144:in 'execute_command'
/opt/homebrew/Cellar/cocoapods/1.16.2_1/libexec/gems/cocoapods-downloader-2.1/lib/cocoapods-downloader/base.rb:175:in 'block in Pod::Downloader::Http#executable'
/opt/homebrew/Cellar/cocoapods/1.16.2_1/libexec/gems/cocoapods-downloader-2.1/lib/cocoapods-downloader/http.rb:22:in 'Pod::Downloader::Http#download_file'
/opt/homebrew/Cellar/cocoapods/1.16.2_1/libexec/gems/cocoapods-downloader-2.1/lib/cocoapods-downloader/remote_file.rb:25:in 'Pod::Downloader::RemoteFile#download!'
/opt/homebrew/Cellar/cocoapods/1.16.2_1/libexec/gems/cocoapods-downloader-2.1/lib/cocoapods-downloader/base.rb:83:in 'block in Pod::Downloader::Base#download'
/opt/homebrew/Cellar/cocoapods/1.16.2_1/libexec/gems/cocoapods-1.16.2/lib/cocoapods/downloader.rb:159:in 'block in ui_action'
/opt/homebrew/Cellar/cocoapods/1.16.2_1/libexec/gems/cocoapods-1.16.2/lib/cocoapods/user_interface.rb:64:in 'Pod::UserInterface.section'
/opt/homebrew/Cellar/cocoapods/1.16.2_1/libexec/gems/cocoapods-1.16.2/lib/cocoapods/downloader.rb:158:in 'ui_action'
/opt/homebrew/Cellar/cocoapods/1.16.2_1/libexec/gems/cocoapods-downloader-2.1/lib/cocoapods-downloader/base.rb:81:in 'Pod::Downloader::Base#download'
/opt/homebrew/Cellar/cocoapods/1.16.2_1/libexec/gems/cocoapods-1.16.2/lib/cocoapods/downloader.rb:110:in 'Pod::Downloader.download_source'
/opt/homebrew/Cellar/cocoapods/1.16.2_1/libexec/gems/cocoapods-1.16.2/lib/cocoapods/downloader.rb:77:in 'Pod::Downloader.download_request'
/opt/homebrew/Cellar/cocoapods/1.16.2_1/libexec/gems/cocoapods-1.16.2/lib/cocoapods/downloader/cache.rb:256:in 'Pod::Downloader::Cache#download'
/opt/homebrew/Cellar/cocoapods/1.16.2_1/libexec/gems/cocoapods-1.16.2/lib/cocoapods/downloader/cache.rb:239:in 'block in Pod::Downloader::Cache#uncached_pod'
/opt/homebrew/Cellar/cocoapods/1.16.2_1/libexec/gems/cocoapods-1.16.2/lib/cocoapods/downloader/cache.rb:266:in 'Pod::Downloader::Cache#in_tmpdir'
/opt/homebrew/Cellar/cocoapods/1.16.2_1/libexec/gems/cocoapods-1.16.2/lib/cocoapods/downloader/cache.rb:238:in 'Pod::Downloader::Cache#uncached_pod'
/opt/homebrew/Cellar/cocoapods/1.16.2_1/libexec/gems/cocoapods-1.16.2/lib/cocoapods/downloader/cache.rb:33:in 'Pod::Downloader::Cache#download_pod'
/opt/homebrew/Cellar/cocoapods/1.16.2_1/libexec/gems/cocoapods-1.16.2/lib/cocoapods/downloader.rb:42:in 'Pod::Downloader.download'
/opt/homebrew/Cellar/cocoapods/1.16.2_1/libexec/gems/cocoapods-1.16.2/lib/cocoapods/installer/pod_source_downloader.rb:69:in 'Pod::Installer::PodSourceDownloader#download!'
/opt/homebrew/Cellar/cocoapods/1.16.2_1/libexec/gems/cocoapods-1.16.2/lib/cocoapods/installer/pod_source_installer.rb:117:in 'Pod::Installer::PodSourceInstaller#download_source'
/opt/homebrew/Cellar/cocoapods/1.16.2_1/libexec/gems/cocoapods-1.16.2/lib/cocoapods/installer/pod_source_installer.rb:67:in 'Pod::Installer::PodSourceInstaller#install!'
/opt/homebrew/Cellar/cocoapods/1.16.2_1/libexec/gems/cocoapods-1.16.2/lib/cocoapods/installer.rb:621:in 'Pod::Installer#install_source_of_pod'
/opt/homebrew/Cellar/cocoapods/1.16.2_1/libexec/gems/cocoapods-1.16.2/lib/cocoapods/installer.rb:539:in 'block (2 levels) in Pod::Installer#install_pod_sources'
/opt/homebrew/Cellar/cocoapods/1.16.2_1/libexec/gems/cocoapods-1.16.2/lib/cocoapods/user_interface.rb:86:in 'Pod::UserInterface.titled_section'
/opt/homebrew/Cellar/cocoapods/1.16.2_1/libexec/gems/cocoapods-1.16.2/lib/cocoapods/installer.rb:538:in 'block in Pod::Installer#install_pod_sources'
/opt/homebrew/Cellar/cocoapods/1.16.2_1/libexec/gems/cocoapods-1.16.2/lib/cocoapods/installer.rb:535:in 'Array#each'
/opt/homebrew/Cellar/cocoapods/1.16.2_1/libexec/gems/cocoapods-1.16.2/lib/cocoapods/installer.rb:535:in 'Pod::Installer#install_pod_sources'
/opt/homebrew/Cellar/cocoapods/1.16.2_1/libexec/gems/cocoapods-1.16.2/lib/cocoapods/installer.rb:258:in 'block in Pod::Installer#download_dependencies'
/opt/homebrew/Cellar/cocoapods/1.16.2_1/libexec/gems/cocoapods-1.16.2/lib/cocoapods/user_interface.rb:64:in 'Pod::UserInterface.section'
/opt/homebrew/Cellar/cocoapods/1.16.2_1/libexec/gems/cocoapods-1.16.2/lib/cocoapods/installer.rb:257:in 'Pod::Installer#download_dependencies'
/opt/homebrew/Cellar/cocoapods/1.16.2_1/libexec/gems/cocoapods-1.16.2/lib/cocoapods/installer.rb:163:in 'Pod::Installer#install!'
/opt/homebrew/Cellar/cocoapods/1.16.2_1/libexec/gems/cocoapods-1.16.2/lib/cocoapods/command/install.rb:52:in 'Pod::Command::Install#run'
/opt/homebrew/Cellar/cocoapods/1.16.2_1/libexec/gems/claide-1.1.0/lib/claide/command.rb:334:in 'CLAide::Command.run'
/opt/homebrew/Cellar/cocoapods/1.16.2_1/libexec/gems/cocoapods-1.16.2/lib/cocoapods/command.rb:52:in 'Pod::Command.run'
/opt/homebrew/Cellar/cocoapods/1.16.2_1/libexec/gems/cocoapods-1.16.2/bin/pod:55:in '<top (required)>'
/opt/homebrew/Cellar/cocoapods/1.16.2_1/libexec/bin/pod:25:in 'Kernel#load'
/opt/homebrew/Cellar/cocoapods/1.16.2_1/libexec/bin/pod:25:in '<main>'

[!] NPM package '@react-native-firebase/firestore' depends on '@react-native-firebase/app' v18.6.0 but found v18.5.0, this might cause build issues or runtime crashes.

[!] NPM package '@react-native-firebase/firestore' depends on '@react-native-firebase/app' v18.6.0 but found v18.5.0, this might cause build issues or runtime crashes.
Step 9: Aligning React Native Firebase versions...
Step 6: Removing existing Pods and Podfile.lock...
Step 7: Fixing Boost checksum mismatch...
Downloading Boost manually...
  % Total    % Received % Xferd  Average Speed   Time    Time     Time  Current
                                 Dload  Upload   Total   Spent    Left  Speed
  0     0    0     0    0     0      0      0 --:--:-- --:--:-- --:--:--     0100   138  100   138    0     0    260      0 --:--:-- --:--:-- --:--:--   260
Calculating checksum...
Checksum mismatch detected. Replacing the cached Boost file.
Step 8: Reinstalling pods...
  $ /opt/homebrew/bin/node -p require.resolve(     "@react-native-community/cli-platform-ios/native_modules.rb",     {paths: [process.argv[1]]},   ) /Users/gr0nk/Documents/GitHub/ToBeWisePro/node_modules/react-native/scripts
  /Users/gr0nk/Documents/GitHub/ToBeWisePro/node_modules/@react-native-community/cli-platform-ios/native_modules.rb

Using Expo modules
  — expo (49.0.11)
  — expo-application (5.3.1)
  [Expo] Enabling modular headers for pod ExpoModulesCore
  — expo-constants (14.4.2)
  — expo-eas-client (0.6.0)
  — expo-file-system (15.4.4)
  — expo-font (11.4.0)
  — expo-json-utils (0.7.1)
  — expo-keep-awake (12.3.0)
  — expo-manifests (0.7.2)
  — expo-modules-core (1.5.11)
  — expo-notifications (0.20.1)
  — expo-splash-screen (0.20.5)
  — expo-sqlite (11.3.3)
  — expo-structured-headers (3.3.0)
  [Expo] Enabling modular headers for pod React-Core
  [Expo] Enabling modular headers for pod EXStructuredHeaders
  [Expo] Enabling modular headers for pod EXUpdatesInterface
  [Expo] Enabling modular headers for pod EXManifests
  [Expo] Enabling modular headers for pod EASClient
  [Expo] Enabling modular headers for pod ReachabilitySwift
  [Expo] Enabling modular headers for pod ASN1Decoder
  [Expo] Enabling modular headers for pod RCT-Folly
  — expo-updates (0.18.13)
  $ /opt/homebrew/bin/node -e try {console.log(require('@react-native-community/cli').bin);} catch (e) {console.log(require('react-native/cli').bin);}
  /Users/gr0nk/Documents/GitHub/ToBeWisePro/node_modules/@react-native-community/cli/build/bin.js
RNFBAnalytics: Using default Firebase/Analytics with Ad Ids. May require App Tracking Transparency. Not allowed for Kids apps.
RNFBAnalytics: You may set variable `$RNFirebaseAnalyticsWithoutAdIdSupport=true` in Podfile to use analytics without ad ids.
Adding a custom script phase for Pod RNFBApp: [RNFB] Core Configuration
Auto-linking React Native modules for target `ToBeWisePro`: BVLinearGradient, RCTYouTube, RNCAsyncStorage, RNCPicker, RNDateTimePicker, RNFBAnalytics, RNFBApp, RNFBFirestore, RNGestureHandler, RNInAppBrowser, RNRate, RNReactNativeHapticFeedback, RNReanimated, RNScreens, react-native-config, react-native-safe-area-context, react-native-slider, and react-native-webview
Framework build type is static framework
  $ /bin/mkdir -p ./build/generated/ios
[Codegen] Generating ./build/generated/ios/React-Codegen.podspec.json
  Preparing

Analyzing dependencies

Inspecting targets to integrate
  Using `ARCHS` setting to build architectures of target `Pods-ToBeWisePro`: (``)

Fetching external sources
-> Fetching podspec for `BVLinearGradient` from `../node_modules/react-native-linear-gradient`
-> Fetching podspec for `DoubleConversion` from `../node_modules/react-native/third-party-podspecs/DoubleConversion.podspec`
-> Fetching podspec for `EASClient` from `../node_modules/expo-eas-client/ios`
-> Fetching podspec for `EXApplication` from `../node_modules/expo-application/ios`
-> Fetching podspec for `EXConstants` from `../node_modules/expo-constants/ios`
-> Fetching podspec for `EXFileSystem` from `../node_modules/expo-file-system/ios`
-> Fetching podspec for `EXFont` from `../node_modules/expo-font/ios`
-> Fetching podspec for `EXJSONUtils` from `../node_modules/expo-json-utils/ios`
-> Fetching podspec for `EXManifests` from `../node_modules/expo-manifests/ios`
-> Fetching podspec for `EXNotifications` from `../node_modules/expo-notifications/ios`
-> Fetching podspec for `EXSplashScreen` from `../node_modules/expo-splash-screen/ios`
-> Fetching podspec for `EXStructuredHeaders` from `../node_modules/expo-structured-headers/ios`
-> Fetching podspec for `EXUpdates` from `../node_modules/expo-updates/ios`
-> Fetching podspec for `EXUpdatesInterface` from `../node_modules/expo-updates-interface/ios`
-> Fetching podspec for `Expo` from `../node_modules/expo`
-> Fetching podspec for `ExpoKeepAwake` from `../node_modules/expo-keep-awake/ios`
-> Fetching podspec for `ExpoModulesCore` from `../node_modules/expo-modules-core`
-> Fetching podspec for `ExpoSQLite` from `../node_modules/expo-sqlite/ios`
-> Fetching podspec for `FBLazyVector` from `../node_modules/react-native/Libraries/FBLazyVector`
-> Fetching podspec for `FBReactNativeSpec` from `../node_modules/react-native/React/FBReactNativeSpec`
[Codegen] Found FBReactNativeSpec
-> Fetching podspec for `RCT-Folly` from `../node_modules/react-native/third-party-podspecs/RCT-Folly.podspec`
-> Fetching podspec for `RCTRequired` from `../node_modules/react-native/Libraries/RCTRequired`
-> Fetching podspec for `RCTTypeSafety` from `../node_modules/react-native/Libraries/TypeSafety`
-> Fetching podspec for `RCTYouTube` from `../node_modules/react-native-youtube`
-> Fetching podspec for `RNCAsyncStorage` from `../node_modules/@react-native-async-storage/async-storage`
-> Fetching podspec for `RNCPicker` from `../node_modules/@react-native-picker/picker`
-> Fetching podspec for `RNDateTimePicker` from `../node_modules/@react-native-community/datetimepicker`
-> Fetching podspec for `RNFBAnalytics` from `../node_modules/@react-native-firebase/analytics`
RNFBAnalytics: Using default Firebase/Analytics with Ad Ids. May require App Tracking Transparency. Not allowed for Kids apps.
RNFBAnalytics: You may set variable `$RNFirebaseAnalyticsWithoutAdIdSupport=true` in Podfile to use analytics without ad ids.
-> Fetching podspec for `RNFBApp` from `../node_modules/@react-native-firebase/app`
-> Fetching podspec for `RNFBFirestore` from `../node_modules/@react-native-firebase/firestore`
-> Fetching podspec for `RNGestureHandler` from `../node_modules/react-native-gesture-handler`
-> Fetching podspec for `RNInAppBrowser` from `../node_modules/react-native-inappbrowser-reborn`
-> Fetching podspec for `RNRate` from `../node_modules/react-native-rate`
-> Fetching podspec for `RNReactNativeHapticFeedback` from `../node_modules/react-native-haptic-feedback`
-> Fetching podspec for `RNReanimated` from `../node_modules/react-native-reanimated`
-> Fetching podspec for `RNScreens` from `../node_modules/react-native-screens`
-> Fetching podspec for `React` from `../node_modules/react-native/`
-> Fetching podspec for `React-Codegen` from `build/generated/ios`
-> Fetching podspec for `React-Core` from `../node_modules/react-native/`
-> Fetching podspec for `React-CoreModules` from `../node_modules/react-native/React/CoreModules`
-> Fetching podspec for `React-NativeModulesApple` from `../node_modules/react-native/ReactCommon/react/nativemodule/core/platform/ios`
-> Fetching podspec for `React-RCTActionSheet` from `../node_modules/react-native/Libraries/ActionSheetIOS`
-> Fetching podspec for `React-RCTAnimation` from `../node_modules/react-native/Libraries/NativeAnimation`
-> Fetching podspec for `React-RCTAppDelegate` from `../node_modules/react-native/Libraries/AppDelegate`
-> Fetching podspec for `React-RCTBlob` from `../node_modules/react-native/Libraries/Blob`
-> Fetching podspec for `React-RCTImage` from `../node_modules/react-native/Libraries/Image`
-> Fetching podspec for `React-RCTLinking` from `../node_modules/react-native/Libraries/LinkingIOS`
-> Fetching podspec for `React-RCTNetwork` from `../node_modules/react-native/Libraries/Network`
-> Fetching podspec for `React-RCTSettings` from `../node_modules/react-native/Libraries/Settings`
-> Fetching podspec for `React-RCTText` from `../node_modules/react-native/Libraries/Text`
-> Fetching podspec for `React-RCTVibration` from `../node_modules/react-native/Libraries/Vibration`
-> Fetching podspec for `React-callinvoker` from `../node_modules/react-native/ReactCommon/callinvoker`
-> Fetching podspec for `React-cxxreact` from `../node_modules/react-native/ReactCommon/cxxreact`
-> Fetching podspec for `React-debug` from `../node_modules/react-native/ReactCommon/react/debug`
-> Fetching podspec for `React-jsc` from `../node_modules/react-native/ReactCommon/jsc`
-> Fetching podspec for `React-jsi` from `../node_modules/react-native/ReactCommon/jsi`
-> Fetching podspec for `React-jsiexecutor` from `../node_modules/react-native/ReactCommon/jsiexecutor`
-> Fetching podspec for `React-jsinspector` from `../node_modules/react-native/ReactCommon/jsinspector`
-> Fetching podspec for `React-logger` from `../node_modules/react-native/ReactCommon/logger`
-> Fetching podspec for `React-perflogger` from `../node_modules/react-native/ReactCommon/reactperflogger`
-> Fetching podspec for `React-rncore` from `../node_modules/react-native/ReactCommon`
[Codegen] Found rncore
-> Fetching podspec for `React-runtimeexecutor` from `../node_modules/react-native/ReactCommon/runtimeexecutor`
-> Fetching podspec for `React-runtimescheduler` from `../node_modules/react-native/ReactCommon/react/renderer/runtimescheduler`
-> Fetching podspec for `React-utils` from `../node_modules/react-native/ReactCommon/react/utils`
-> Fetching podspec for `ReactCommon` from `../node_modules/react-native/ReactCommon`
-> Fetching podspec for `Yoga` from `../node_modules/react-native/ReactCommon/yoga`
-> Fetching podspec for `boost` from `../node_modules/react-native/third-party-podspecs/boost.podspec`
-> Fetching podspec for `glog` from `../node_modules/react-native/third-party-podspecs/glog.podspec`
-> Fetching podspec for `react-native-config` from `../node_modules/react-native-config`
-> Fetching podspec for `react-native-safe-area-context` from `../node_modules/react-native-safe-area-context`
-> Fetching podspec for `react-native-slider` from `../node_modules/@react-native-community/slider`
-> Fetching podspec for `react-native-webview` from `../node_modules/react-native-webview`

Resolving dependencies of `Podfile`
  CDN: trunk Relative path: CocoaPods-version.yml exists! Returning local because checking is only performed in repo update
  CDN: trunk Relative path: all_pods_versions_0_3_5.txt exists! Returning local because checking is only performed in repo update
  CDN: trunk Relative path: Specs/0/3/5/Firebase/11.6.0/Firebase.podspec.json exists! Returning local because checking is only performed in repo update
  CDN: trunk Relative path: Specs/0/3/5/Firebase/10.15.0/Firebase.podspec.json exists! Returning local because checking is only performed in repo update
  CDN: trunk Relative path: all_pods_versions_6_1_e.txt exists! Returning local because checking is only performed in repo update
  CDN: trunk Relative path: Specs/6/1/e/nanopb/3.30910.0/nanopb.podspec.json exists! Returning local because checking is only performed in repo update
  CDN: trunk Relative path: all_pods_versions_d_d_6.txt exists! Returning local because checking is only performed in repo update
  CDN: trunk Relative path: Specs/d/d/6/ReachabilitySwift/5.2.4/ReachabilitySwift.podspec.json exists! Returning local because checking is only performed in repo update
  CDN: trunk Relative path: all_pods_versions_f_1_2.txt exists! Returning local because checking is only performed in repo update
  CDN: trunk Relative path: Specs/f/1/2/ASN1Decoder/1.10.0/ASN1Decoder.podspec.json exists! Returning local because checking is only performed in repo update
  CDN: trunk Relative path: Specs/0/3/5/Firebase/10.15.0/Firebase.podspec.json exists! Returning local because checking is only performed in repo update
  CDN: trunk Relative path: Specs/0/3/5/Firebase/10.15.0/Firebase.podspec.json exists! Returning local because checking is only performed in repo update
  CDN: trunk Relative path: all_pods_versions_7_6_3.txt exists! Returning local because checking is only performed in repo update
  CDN: trunk Relative path: Specs/7/6/3/fmt/7.1.3/fmt.podspec.json exists! Returning local because checking is only performed in repo update
  CDN: trunk Relative path: all_pods_versions_a_9_3.txt exists! Returning local because checking is only performed in repo update
  CDN: trunk Relative path: Specs/a/9/3/SocketRocket/0.7.1/SocketRocket.podspec.json exists! Returning local because checking is only performed in repo update
  CDN: trunk Relative path: all_pods_versions_b_b_a.txt exists! Returning local because checking is only performed in repo update
  CDN: trunk Relative path: Specs/b/b/a/YoutubePlayer-in-WKWebView/0.3.11/YoutubePlayer-in-WKWebView.podspec.json exists! Returning local because checking is only performed in repo update
  CDN: trunk Relative path: all_pods_versions_0_9_f.txt exists! Returning local because checking is only performed in repo update
  CDN: trunk Relative path: Specs/0/9/f/FirebaseFirestore/11.6.0/FirebaseFirestore.podspec.json exists! Returning local because checking is only performed in repo update
  CDN: trunk Relative path: Specs/0/9/f/FirebaseFirestore/10.15.0/FirebaseFirestore.podspec.json exists! Returning local because checking is only performed in repo update
  CDN: trunk Relative path: all_pods_versions_8_b_d.txt exists! Returning local because checking is only performed in repo update
  CDN: trunk Relative path: Specs/8/b/d/FirebaseCore/11.6.0/FirebaseCore.podspec.json exists! Returning local because checking is only performed in repo update
  CDN: trunk Relative path: all_pods_versions_3_8_6.txt exists! Returning local because checking is only performed in repo update
  CDN: trunk Relative path: Specs/3/8/6/abseil/1.20240722.0/abseil.podspec.json exists! Returning local because checking is only performed in repo update
  CDN: trunk Relative path: Specs/3/8/6/abseil/1.20220623.0/abseil.podspec.json exists! Returning local because checking is only performed in repo update
  CDN: trunk Relative path: Specs/3/8/6/abseil/1.20220623.2/abseil.podspec.json exists! Returning local because checking is only performed in repo update
  CDN: trunk Relative path: Specs/3/8/6/abseil/1.20220623.0/abseil.podspec.json exists! Returning local because checking is only performed in repo update
  CDN: trunk Relative path: Specs/3/8/6/abseil/1.20220623.2/abseil.podspec.json exists! Returning local because checking is only performed in repo update
  CDN: trunk Relative path: Specs/3/8/6/abseil/1.20220623.0/abseil.podspec.json exists! Returning local because checking is only performed in repo update
  CDN: trunk Relative path: Specs/3/8/6/abseil/1.20220623.2/abseil.podspec.json exists! Returning local because checking is only performed in repo update
  CDN: trunk Relative path: Specs/3/8/6/abseil/1.20220623.0/abseil.podspec.json exists! Returning local because checking is only performed in repo update
  CDN: trunk Relative path: Specs/3/8/6/abseil/1.20220623.2/abseil.podspec.json exists! Returning local because checking is only performed in repo update
  CDN: trunk Relative path: Specs/3/8/6/abseil/1.20220623.0/abseil.podspec.json exists! Returning local because checking is only performed in repo update
  CDN: trunk Relative path: Specs/3/8/6/abseil/1.20220623.2/abseil.podspec.json exists! Returning local because checking is only performed in repo update
  CDN: trunk Relative path: Specs/3/8/6/abseil/1.20220623.0/abseil.podspec.json exists! Returning local because checking is only performed in repo update
  CDN: trunk Relative path: Specs/3/8/6/abseil/1.20220623.2/abseil.podspec.json exists! Returning local because checking is only performed in repo update
  CDN: trunk Relative path: Specs/3/8/6/abseil/1.20220623.0/abseil.podspec.json exists! Returning local because checking is only performed in repo update
  CDN: trunk Relative path: Specs/3/8/6/abseil/1.20220623.2/abseil.podspec.json exists! Returning local because checking is only performed in repo update
  CDN: trunk Relative path: Specs/3/8/6/abseil/1.20220623.0/abseil.podspec.json exists! Returning local because checking is only performed in repo update
  CDN: trunk Relative path: Specs/3/8/6/abseil/1.20220623.2/abseil.podspec.json exists! Returning local because checking is only performed in repo update
  CDN: trunk Relative path: all_pods_versions_c_8_7.txt exists! Returning local because checking is only performed in repo update
  CDN: trunk Relative path: Specs/c/8/7/gRPC-C++/1.69.0/gRPC-C++.podspec.json exists! Returning local because checking is only performed in repo update
  CDN: trunk Relative path: all_pods_versions_a_d_a.txt exists! Returning local because checking is only performed in repo update
  CDN: trunk Relative path: Specs/a/d/a/leveldb-library/1.22.6/leveldb-library.podspec.json exists! Returning local because checking is only performed in repo update
  CDN: trunk Relative path: Specs/7/6/3/fmt/6.2.1/fmt.podspec.json exists! Returning local because checking is only performed in repo update
  CDN: trunk Relative path: Specs/0/3/5/Firebase/10.15.0/Firebase.podspec.json exists! Returning local because checking is only performed in repo update
  CDN: trunk Relative path: Specs/c/8/7/gRPC-C++/1.50.1/gRPC-C++.podspec.json exists! Returning local because checking is only performed in repo update
  CDN: trunk Relative path: Specs/c/8/7/gRPC-C++/1.50.1/gRPC-C++.podspec.json exists! Returning local because checking is only performed in repo update
  CDN: trunk Relative path: Specs/c/8/7/gRPC-C++/1.50.1/gRPC-C++.podspec.json exists! Returning local because checking is only performed in repo update
  CDN: trunk Relative path: all_pods_versions_e_2_1.txt exists! Returning local because checking is only performed in repo update
  CDN: trunk Relative path: Specs/e/2/1/FirebaseAnalytics/11.6.0/FirebaseAnalytics.podspec.json exists! Returning local because checking is only performed in repo update
  CDN: trunk Relative path: all_pods_versions_9_1_0.txt exists! Returning local because checking is only performed in repo update
  CDN: trunk Relative path: Specs/9/1/0/gRPC-Core/1.69.0/gRPC-Core.podspec.json exists! Returning local because checking is only performed in repo update
  CDN: trunk Relative path: Specs/3/8/6/abseil/1.20220623.0/abseil.podspec.json exists! Returning local because checking is only performed in repo update
  CDN: trunk Relative path: Specs/3/8/6/abseil/1.20220623.0/abseil.podspec.json exists! Returning local because checking is only performed in repo update
  CDN: trunk Relative path: Specs/3/8/6/abseil/1.20220623.0/abseil.podspec.json exists! Returning local because checking is only performed in repo update
  CDN: trunk Relative path: Specs/3/8/6/abseil/1.20220623.0/abseil.podspec.json exists! Returning local because checking is only performed in repo update
  CDN: trunk Relative path: Specs/3/8/6/abseil/1.20220623.0/abseil.podspec.json exists! Returning local because checking is only performed in repo update
  CDN: trunk Relative path: Specs/3/8/6/abseil/1.20220623.0/abseil.podspec.json exists! Returning local because checking is only performed in repo update
  CDN: trunk Relative path: Specs/3/8/6/abseil/1.20220623.0/abseil.podspec.json exists! Returning local because checking is only performed in repo update
  CDN: trunk Relative path: Specs/3/8/6/abseil/1.20220623.0/abseil.podspec.json exists! Returning local because checking is only performed in repo update
  CDN: trunk Relative path: Specs/3/8/6/abseil/1.20220623.0/abseil.podspec.json exists! Returning local because checking is only performed in repo update
  CDN: trunk Relative path: Specs/3/8/6/abseil/1.20220623.0/abseil.podspec.json exists! Returning local because checking is only performed in repo update
  CDN: trunk Relative path: Specs/3/8/6/abseil/1.20220623.0/abseil.podspec.json exists! Returning local because checking is only performed in repo update
  CDN: trunk Relative path: Specs/3/8/6/abseil/1.20220623.0/abseil.podspec.json exists! Returning local because checking is only performed in repo update
  CDN: trunk Relative path: Specs/3/8/6/abseil/1.20220623.0/abseil.podspec.json exists! Returning local because checking is only performed in repo update
  CDN: trunk Relative path: Specs/3/8/6/abseil/1.20220623.0/abseil.podspec.json exists! Returning local because checking is only performed in repo update
  CDN: trunk Relative path: Specs/3/8/6/abseil/1.20220623.0/abseil.podspec.json exists! Returning local because checking is only performed in repo update
  CDN: trunk Relative path: Specs/3/8/6/abseil/1.20220623.0/abseil.podspec.json exists! Returning local because checking is only performed in repo update
  CDN: trunk Relative path: Specs/3/8/6/abseil/1.20220623.0/abseil.podspec.json exists! Returning local because checking is only performed in repo update
  CDN: trunk Relative path: Specs/3/8/6/abseil/1.20220623.0/abseil.podspec.json exists! Returning local because checking is only performed in repo update
  CDN: trunk Relative path: Specs/3/8/6/abseil/1.20220623.0/abseil.podspec.json exists! Returning local because checking is only performed in repo update
  CDN: trunk Relative path: Specs/3/8/6/abseil/1.20220623.0/abseil.podspec.json exists! Returning local because checking is only performed in repo update
  CDN: trunk Relative path: Specs/3/8/6/abseil/1.20220623.0/abseil.podspec.json exists! Returning local because checking is only performed in repo update
  CDN: trunk Relative path: Specs/3/8/6/abseil/1.20220623.0/abseil.podspec.json exists! Returning local because checking is only performed in repo update
  CDN: trunk Relative path: Specs/3/8/6/abseil/1.20220623.0/abseil.podspec.json exists! Returning local because checking is only performed in repo update
  CDN: trunk Relative path: Specs/3/8/6/abseil/1.20220623.0/abseil.podspec.json exists! Returning local because checking is only performed in repo update
  CDN: trunk Relative path: Specs/e/2/1/FirebaseAnalytics/10.15.0/FirebaseAnalytics.podspec.json exists! Returning local because checking is only performed in repo update
  CDN: trunk Relative path: all_pods_versions_2_f_7.txt exists! Returning local because checking is only performed in repo update
  CDN: trunk Relative path: Specs/2/f/7/FirebaseInstallations/11.6.0/FirebaseInstallations.podspec.json exists! Returning local because checking is only performed in repo update
  CDN: trunk Relative path: all_pods_versions_0_8_4.txt exists! Returning local because checking is only performed in repo update
  CDN: trunk Relative path: Specs/0/8/4/GoogleUtilities/8.0.2/GoogleUtilities.podspec.json exists! Returning local because checking is only performed in repo update
  CDN: trunk Relative path: Specs/0/8/4/GoogleUtilities/7.11.0/GoogleUtilities.podspec.json exists! Returning local because checking is only performed in repo update
  CDN: trunk Relative path: Specs/0/8/4/GoogleUtilities/7.11.1/GoogleUtilities.podspec.json exists! Returning local because checking is only performed in repo update
  CDN: trunk Relative path: Specs/0/8/4/GoogleUtilities/7.11.4/GoogleUtilities.podspec.json exists! Returning local because checking is only performed in repo update
  CDN: trunk Relative path: Specs/0/8/4/GoogleUtilities/7.11.5/GoogleUtilities.podspec.json exists! Returning local because checking is only performed in repo update
  CDN: trunk Relative path: Specs/0/8/4/GoogleUtilities/7.11.6/GoogleUtilities.podspec.json exists! Returning local because checking is only performed in repo update
  CDN: trunk Relative path: Specs/0/8/4/GoogleUtilities/7.12.0/GoogleUtilities.podspec.json exists! Returning local because checking is only performed in repo update
  CDN: trunk Relative path: Specs/0/8/4/GoogleUtilities/7.13.0/GoogleUtilities.podspec.json exists! Returning local because checking is only performed in repo update
  CDN: trunk Relative path: Specs/0/8/4/GoogleUtilities/7.13.2/GoogleUtilities.podspec.json exists! Returning local because checking is only performed in repo update
  CDN: trunk Relative path: Specs/0/8/4/GoogleUtilities/7.13.3/GoogleUtilities.podspec.json exists! Returning local because checking is only performed in repo update
  CDN: trunk Relative path: Specs/0/8/4/GoogleUtilities/7.11.0/GoogleUtilities.podspec.json exists! Returning local because checking is only performed in repo update
  CDN: trunk Relative path: Specs/0/8/4/GoogleUtilities/7.11.1/GoogleUtilities.podspec.json exists! Returning local because checking is only performed in repo update
  CDN: trunk Relative path: Specs/0/8/4/GoogleUtilities/7.11.4/GoogleUtilities.podspec.json exists! Returning local because checking is only performed in repo update
  CDN: trunk Relative path: Specs/0/8/4/GoogleUtilities/7.11.5/GoogleUtilities.podspec.json exists! Returning local because checking is only performed in repo update
  CDN: trunk Relative path: Specs/0/8/4/GoogleUtilities/7.11.6/GoogleUtilities.podspec.json exists! Returning local because checking is only performed in repo update
  CDN: trunk Relative path: Specs/0/8/4/GoogleUtilities/7.12.0/GoogleUtilities.podspec.json exists! Returning local because checking is only performed in repo update
  CDN: trunk Relative path: Specs/0/8/4/GoogleUtilities/7.13.0/GoogleUtilities.podspec.json exists! Returning local because checking is only performed in repo update
  CDN: trunk Relative path: Specs/0/8/4/GoogleUtilities/7.13.2/GoogleUtilities.podspec.json exists! Returning local because checking is only performed in repo update
  CDN: trunk Relative path: Specs/0/8/4/GoogleUtilities/7.13.3/GoogleUtilities.podspec.json exists! Returning local because checking is only performed in repo update
  CDN: trunk Relative path: Specs/0/8/4/GoogleUtilities/7.11.0/GoogleUtilities.podspec.json exists! Returning local because checking is only performed in repo update
  CDN: trunk Relative path: Specs/0/8/4/GoogleUtilities/7.11.1/GoogleUtilities.podspec.json exists! Returning local because checking is only performed in repo update
  CDN: trunk Relative path: Specs/0/8/4/GoogleUtilities/7.11.4/GoogleUtilities.podspec.json exists! Returning local because checking is only performed in repo update
  CDN: trunk Relative path: Specs/0/8/4/GoogleUtilities/7.11.5/GoogleUtilities.podspec.json exists! Returning local because checking is only performed in repo update
  CDN: trunk Relative path: Specs/0/8/4/GoogleUtilities/7.11.6/GoogleUtilities.podspec.json exists! Returning local because checking is only performed in repo update
  CDN: trunk Relative path: Specs/0/8/4/GoogleUtilities/7.12.0/GoogleUtilities.podspec.json exists! Returning local because checking is only performed in repo update
  CDN: trunk Relative path: Specs/0/8/4/GoogleUtilities/7.13.0/GoogleUtilities.podspec.json exists! Returning local because checking is only performed in repo update
  CDN: trunk Relative path: Specs/0/8/4/GoogleUtilities/7.13.2/GoogleUtilities.podspec.json exists! Returning local because checking is only performed in repo update
  CDN: trunk Relative path: Specs/0/8/4/GoogleUtilities/7.13.3/GoogleUtilities.podspec.json exists! Returning local because checking is only performed in repo update
  CDN: trunk Relative path: Specs/0/8/4/GoogleUtilities/7.11.0/GoogleUtilities.podspec.json exists! Returning local because checking is only performed in repo update
  CDN: trunk Relative path: Specs/0/8/4/GoogleUtilities/7.11.1/GoogleUtilities.podspec.json exists! Returning local because checking is only performed in repo update
  CDN: trunk Relative path: Specs/0/8/4/GoogleUtilities/7.11.4/GoogleUtilities.podspec.json exists! Returning local because checking is only performed in repo update
  CDN: trunk Relative path: Specs/0/8/4/GoogleUtilities/7.11.5/GoogleUtilities.podspec.json exists! Returning local because checking is only performed in repo update
  CDN: trunk Relative path: Specs/0/8/4/GoogleUtilities/7.11.6/GoogleUtilities.podspec.json exists! Returning local because checking is only performed in repo update
  CDN: trunk Relative path: Specs/0/8/4/GoogleUtilities/7.12.0/GoogleUtilities.podspec.json exists! Returning local because checking is only performed in repo update
  CDN: trunk Relative path: Specs/0/8/4/GoogleUtilities/7.13.0/GoogleUtilities.podspec.json exists! Returning local because checking is only performed in repo update
  CDN: trunk Relative path: Specs/0/8/4/GoogleUtilities/7.13.2/GoogleUtilities.podspec.json exists! Returning local because checking is only performed in repo update
  CDN: trunk Relative path: Specs/0/8/4/GoogleUtilities/7.13.3/GoogleUtilities.podspec.json exists! Returning local because checking is only performed in repo update
  CDN: trunk Relative path: Specs/e/2/1/FirebaseAnalytics/10.15.0/FirebaseAnalytics.podspec.json exists! Returning local because checking is only performed in repo update
  CDN: trunk Relative path: Specs/3/8/6/abseil/1.20220623.0/abseil.podspec.json exists! Returning local because checking is only performed in repo update
  CDN: trunk Relative path: Specs/3/8/6/abseil/1.20220623.0/abseil.podspec.json exists! Returning local because checking is only performed in repo update
  CDN: trunk Relative path: Specs/3/8/6/abseil/1.20220623.0/abseil.podspec.json exists! Returning local because checking is only performed in repo update
  CDN: trunk Relative path: Specs/3/8/6/abseil/1.20220623.0/abseil.podspec.json exists! Returning local because checking is only performed in repo update
  CDN: trunk Relative path: Specs/3/8/6/abseil/1.20220623.0/abseil.podspec.json exists! Returning local because checking is only performed in repo update
  CDN: trunk Relative path: Specs/3/8/6/abseil/1.20220623.0/abseil.podspec.json exists! Returning local because checking is only performed in repo update
  CDN: trunk Relative path: Specs/3/8/6/abseil/1.20220623.0/abseil.podspec.json exists! Returning local because checking is only performed in repo update
  CDN: trunk Relative path: Specs/3/8/6/abseil/1.20220623.0/abseil.podspec.json exists! Returning local because checking is only performed in repo update
  CDN: trunk Relative path: Specs/3/8/6/abseil/1.20220623.0/abseil.podspec.json exists! Returning local because checking is only performed in repo update
  CDN: trunk Relative path: Specs/3/8/6/abseil/1.20220623.0/abseil.podspec.json exists! Returning local because checking is only performed in repo update
  CDN: trunk Relative path: Specs/3/8/6/abseil/1.20220623.0/abseil.podspec.json exists! Returning local because checking is only performed in repo update
  CDN: trunk Relative path: Specs/3/8/6/abseil/1.20220623.0/abseil.podspec.json exists! Returning local because checking is only performed in repo update
  CDN: trunk Relative path: Specs/3/8/6/abseil/1.20220623.0/abseil.podspec.json exists! Returning local because checking is only performed in repo update
  CDN: trunk Relative path: Specs/3/8/6/abseil/1.20220623.0/abseil.podspec.json exists! Returning local because checking is only performed in repo update
  CDN: trunk Relative path: Specs/3/8/6/abseil/1.20220623.0/abseil.podspec.json exists! Returning local because checking is only performed in repo update
  CDN: trunk Relative path: Specs/3/8/6/abseil/1.20220623.0/abseil.podspec.json exists! Returning local because checking is only performed in repo update
  CDN: trunk Relative path: Specs/3/8/6/abseil/1.20220623.0/abseil.podspec.json exists! Returning local because checking is only performed in repo update
  CDN: trunk Relative path: Specs/3/8/6/abseil/1.20220623.0/abseil.podspec.json exists! Returning local because checking is only performed in repo update
  CDN: trunk Relative path: Specs/3/8/6/abseil/1.20220623.0/abseil.podspec.json exists! Returning local because checking is only performed in repo update
  CDN: trunk Relative path: Specs/3/8/6/abseil/1.20220623.0/abseil.podspec.json exists! Returning local because checking is only performed in repo update
  CDN: trunk Relative path: Specs/3/8/6/abseil/1.20220623.0/abseil.podspec.json exists! Returning local because checking is only performed in repo update
  CDN: trunk Relative path: Specs/3/8/6/abseil/1.20220623.0/abseil.podspec.json exists! Returning local because checking is only performed in repo update
  CDN: trunk Relative path: Specs/3/8/6/abseil/1.20220623.0/abseil.podspec.json exists! Returning local because checking is only performed in repo update
  CDN: trunk Relative path: Specs/3/8/6/abseil/1.20220623.0/abseil.podspec.json exists! Returning local because checking is only performed in repo update
  CDN: trunk Relative path: Specs/3/8/6/abseil/1.20220623.0/abseil.podspec.json exists! Returning local because checking is only performed in repo update
  CDN: trunk Relative path: Specs/3/8/6/abseil/1.20220623.0/abseil.podspec.json exists! Returning local because checking is only performed in repo update
  CDN: trunk Relative path: Specs/3/8/6/abseil/1.20220623.0/abseil.podspec.json exists! Returning local because checking is only performed in repo update
  CDN: trunk Relative path: Specs/3/8/6/abseil/1.20220623.0/abseil.podspec.json exists! Returning local because checking is only performed in repo update
  CDN: trunk Relative path: Specs/3/8/6/abseil/1.20220623.0/abseil.podspec.json exists! Returning local because checking is only performed in repo update
  CDN: trunk Relative path: all_pods_versions_e_3_b.txt exists! Returning local because checking is only performed in repo update
  CDN: trunk Relative path: Specs/e/3/b/GoogleAppMeasurement/11.6.0/GoogleAppMeasurement.podspec.json exists! Returning local because checking is only performed in repo update
  CDN: trunk Relative path: Specs/3/8/6/abseil/1.20220623.0/abseil.podspec.json exists! Returning local because checking is only performed in repo update
  CDN: trunk Relative path: Specs/3/8/6/abseil/1.20220623.0/abseil.podspec.json exists! Returning local because checking is only performed in repo update
  CDN: trunk Relative path: Specs/3/8/6/abseil/1.20220623.0/abseil.podspec.json exists! Returning local because checking is only performed in repo update
  CDN: trunk Relative path: Specs/3/8/6/abseil/1.20220623.0/abseil.podspec.json exists! Returning local because checking is only performed in repo update
  CDN: trunk Relative path: Specs/3/8/6/abseil/1.20220623.0/abseil.podspec.json exists! Returning local because checking is only performed in repo update
  CDN: trunk Relative path: Specs/3/8/6/abseil/1.20220623.0/abseil.podspec.json exists! Returning local because checking is only performed in repo update
  CDN: trunk Relative path: Specs/9/1/0/gRPC-Core/1.50.1/gRPC-Core.podspec.json exists! Returning local because checking is only performed in repo update
  CDN: trunk Relative path: Specs/9/1/0/gRPC-Core/1.50.1/gRPC-Core.podspec.json exists! Returning local because checking is only performed in repo update
  CDN: trunk Relative path: Specs/9/1/0/gRPC-Core/1.50.1/gRPC-Core.podspec.json exists! Returning local because checking is only performed in repo update
  CDN: trunk Relative path: Specs/3/8/6/abseil/1.20220623.0/abseil.podspec.json exists! Returning local because checking is only performed in repo update
  CDN: trunk Relative path: Specs/3/8/6/abseil/1.20220623.0/abseil.podspec.json exists! Returning local because checking is only performed in repo update
  CDN: trunk Relative path: Specs/3/8/6/abseil/1.20220623.0/abseil.podspec.json exists! Returning local because checking is only performed in repo update
  CDN: trunk Relative path: Specs/3/8/6/abseil/1.20220623.0/abseil.podspec.json exists! Returning local because checking is only performed in repo update
  CDN: trunk Relative path: Specs/3/8/6/abseil/1.20220623.0/abseil.podspec.json exists! Returning local because checking is only performed in repo update
  CDN: trunk Relative path: Specs/3/8/6/abseil/1.20220623.0/abseil.podspec.json exists! Returning local because checking is only performed in repo update
  CDN: trunk Relative path: Specs/3/8/6/abseil/1.20220623.0/abseil.podspec.json exists! Returning local because checking is only performed in repo update
  CDN: trunk Relative path: Specs/3/8/6/abseil/1.20220623.0/abseil.podspec.json exists! Returning local because checking is only performed in repo update
  CDN: trunk Relative path: Specs/3/8/6/abseil/1.20220623.0/abseil.podspec.json exists! Returning local because checking is only performed in repo update
  CDN: trunk Relative path: Specs/3/8/6/abseil/1.20220623.0/abseil.podspec.json exists! Returning local because checking is only performed in repo update
  CDN: trunk Relative path: Specs/3/8/6/abseil/1.20220623.0/abseil.podspec.json exists! Returning local because checking is only performed in repo update
  CDN: trunk Relative path: Specs/3/8/6/abseil/1.20220623.0/abseil.podspec.json exists! Returning local because checking is only performed in repo update
  CDN: trunk Relative path: Specs/3/8/6/abseil/1.20220623.0/abseil.podspec.json exists! Returning local because checking is only performed in repo update
  CDN: trunk Relative path: Specs/3/8/6/abseil/1.20220623.0/abseil.podspec.json exists! Returning local because checking is only performed in repo update
  CDN: trunk Relative path: Specs/3/8/6/abseil/1.20220623.0/abseil.podspec.json exists! Returning local because checking is only performed in repo update
  CDN: trunk Relative path: Specs/3/8/6/abseil/1.20220623.0/abseil.podspec.json exists! Returning local because checking is only performed in repo update
  CDN: trunk Relative path: Specs/3/8/6/abseil/1.20220623.0/abseil.podspec.json exists! Returning local because checking is only performed in repo update
  CDN: trunk Relative path: Specs/3/8/6/abseil/1.20220623.0/abseil.podspec.json exists! Returning local because checking is only performed in repo update
  CDN: trunk Relative path: Specs/3/8/6/abseil/1.20220623.0/abseil.podspec.json exists! Returning local because checking is only performed in repo update
  CDN: trunk Relative path: Specs/3/8/6/abseil/1.20220623.0/abseil.podspec.json exists! Returning local because checking is only performed in repo update
  CDN: trunk Relative path: Specs/3/8/6/abseil/1.20220623.0/abseil.podspec.json exists! Returning local because checking is only performed in repo update
  CDN: trunk Relative path: Specs/3/8/6/abseil/1.20220623.0/abseil.podspec.json exists! Returning local because checking is only performed in repo update
  CDN: trunk Relative path: Specs/3/8/6/abseil/1.20220623.0/abseil.podspec.json exists! Returning local because checking is only performed in repo update
  CDN: trunk Relative path: Specs/3/8/6/abseil/1.20220623.0/abseil.podspec.json exists! Returning local because checking is only performed in repo update
  CDN: trunk Relative path: Specs/3/8/6/abseil/1.20220623.0/abseil.podspec.json exists! Returning local because checking is only performed in repo update
  CDN: trunk Relative path: Specs/3/8/6/abseil/1.20220623.0/abseil.podspec.json exists! Returning local because checking is only performed in repo update
  CDN: trunk Relative path: Specs/3/8/6/abseil/1.20220623.0/abseil.podspec.json exists! Returning local because checking is only performed in repo update
  CDN: trunk Relative path: Specs/3/8/6/abseil/1.20220623.0/abseil.podspec.json exists! Returning local because checking is only performed in repo update
  CDN: trunk Relative path: Specs/3/8/6/abseil/1.20220623.0/abseil.podspec.json exists! Returning local because checking is only performed in repo update
  CDN: trunk Relative path: Specs/3/8/6/abseil/1.20220623.0/abseil.podspec.json exists! Returning local because checking is only performed in repo update
  CDN: trunk Relative path: Specs/3/8/6/abseil/1.20220623.0/abseil.podspec.json exists! Returning local because checking is only performed in repo update
  CDN: trunk Relative path: Specs/a/9/3/SocketRocket/0.6.1/SocketRocket.podspec.json exists! Returning local because checking is only performed in repo update
  CDN: trunk Relative path: Specs/8/b/d/FirebaseCore/10.15.0/FirebaseCore.podspec.json exists! Returning local because checking is only performed in repo update
  CDN: trunk Relative path: Specs/0/8/4/GoogleUtilities/7.8.0/GoogleUtilities.podspec.json exists! Returning local because checking is only performed in repo update
  CDN: trunk Relative path: Specs/0/8/4/GoogleUtilities/7.10.0/GoogleUtilities.podspec.json exists! Returning local because checking is only performed in repo update
  CDN: trunk Relative path: Specs/0/8/4/GoogleUtilities/7.11.0/GoogleUtilities.podspec.json exists! Returning local because checking is only performed in repo update
  CDN: trunk Relative path: Specs/0/8/4/GoogleUtilities/7.11.1/GoogleUtilities.podspec.json exists! Returning local because checking is only performed in repo update
  CDN: trunk Relative path: Specs/0/8/4/GoogleUtilities/7.11.4/GoogleUtilities.podspec.json exists! Returning local because checking is only performed in repo update
  CDN: trunk Relative path: Specs/0/8/4/GoogleUtilities/7.11.5/GoogleUtilities.podspec.json exists! Returning local because checking is only performed in repo update
  CDN: trunk Relative path: Specs/0/8/4/GoogleUtilities/7.11.6/GoogleUtilities.podspec.json exists! Returning local because checking is only performed in repo update
  CDN: trunk Relative path: Specs/0/8/4/GoogleUtilities/7.12.0/GoogleUtilities.podspec.json exists! Returning local because checking is only performed in repo update
  CDN: trunk Relative path: Specs/0/8/4/GoogleUtilities/7.13.0/GoogleUtilities.podspec.json exists! Returning local because checking is only performed in repo update
  CDN: trunk Relative path: Specs/0/8/4/GoogleUtilities/7.13.2/GoogleUtilities.podspec.json exists! Returning local because checking is only performed in repo update
  CDN: trunk Relative path: Specs/0/8/4/GoogleUtilities/7.13.3/GoogleUtilities.podspec.json exists! Returning local because checking is only performed in repo update
  CDN: trunk Relative path: Specs/0/8/4/GoogleUtilities/7.8.0/GoogleUtilities.podspec.json exists! Returning local because checking is only performed in repo update
  CDN: trunk Relative path: Specs/0/8/4/GoogleUtilities/7.10.0/GoogleUtilities.podspec.json exists! Returning local because checking is only performed in repo update
  CDN: trunk Relative path: Specs/0/8/4/GoogleUtilities/7.11.0/GoogleUtilities.podspec.json exists! Returning local because checking is only performed in repo update
  CDN: trunk Relative path: Specs/0/8/4/GoogleUtilities/7.11.1/GoogleUtilities.podspec.json exists! Returning local because checking is only performed in repo update
  CDN: trunk Relative path: Specs/0/8/4/GoogleUtilities/7.11.4/GoogleUtilities.podspec.json exists! Returning local because checking is only performed in repo update
  CDN: trunk Relative path: Specs/0/8/4/GoogleUtilities/7.11.5/GoogleUtilities.podspec.json exists! Returning local because checking is only performed in repo update
  CDN: trunk Relative path: Specs/0/8/4/GoogleUtilities/7.11.6/GoogleUtilities.podspec.json exists! Returning local because checking is only performed in repo update
  CDN: trunk Relative path: Specs/0/8/4/GoogleUtilities/7.12.0/GoogleUtilities.podspec.json exists! Returning local because checking is only performed in repo update
  CDN: trunk Relative path: Specs/0/8/4/GoogleUtilities/7.13.0/GoogleUtilities.podspec.json exists! Returning local because checking is only performed in repo update
  CDN: trunk Relative path: Specs/0/8/4/GoogleUtilities/7.13.2/GoogleUtilities.podspec.json exists! Returning local because checking is only performed in repo update
  CDN: trunk Relative path: Specs/0/8/4/GoogleUtilities/7.13.3/GoogleUtilities.podspec.json exists! Returning local because checking is only performed in repo update
  CDN: trunk Relative path: all_pods_versions_7_9_1.txt exists! Returning local because checking is only performed in repo update
  CDN: trunk Relative path: Specs/7/9/1/FirebaseCoreInternal/11.6.0/FirebaseCoreInternal.podspec.json exists! Returning local because checking is only performed in repo update
  CDN: trunk Relative path: Specs/8/b/d/FirebaseCore/10.29.0/FirebaseCore.podspec.json exists! Returning local because checking is only performed in repo update
  CDN: trunk Relative path: Specs/8/b/d/FirebaseCore/10.28.1/FirebaseCore.podspec.json exists! Returning local because checking is only performed in repo update
  CDN: trunk Relative path: Specs/8/b/d/FirebaseCore/10.28.0/FirebaseCore.podspec.json exists! Returning local because checking is only performed in repo update
  CDN: trunk Relative path: Specs/8/b/d/FirebaseCore/10.27.0/FirebaseCore.podspec.json exists! Returning local because checking is only performed in repo update
  CDN: trunk Relative path: Specs/8/b/d/FirebaseCore/10.25.0/FirebaseCore.podspec.json exists! Returning local because checking is only performed in repo update
  CDN: trunk Relative path: Specs/8/b/d/FirebaseCore/10.24.0/FirebaseCore.podspec.json exists! Returning local because checking is only performed in repo update
  CDN: trunk Relative path: Specs/8/b/d/FirebaseCore/10.23.1/FirebaseCore.podspec.json exists! Returning local because checking is only performed in repo update
  CDN: trunk Relative path: Specs/8/b/d/FirebaseCore/10.23.0/FirebaseCore.podspec.json exists! Returning local because checking is only performed in repo update
  CDN: trunk Relative path: Specs/8/b/d/FirebaseCore/10.22.0/FirebaseCore.podspec.json exists! Returning local because checking is only performed in repo update
  CDN: trunk Relative path: Specs/8/b/d/FirebaseCore/10.21.0/FirebaseCore.podspec.json exists! Returning local because checking is only performed in repo update
  CDN: trunk Relative path: Specs/8/b/d/FirebaseCore/10.20.0/FirebaseCore.podspec.json exists! Returning local because checking is only performed in repo update
  CDN: trunk Relative path: Specs/8/b/d/FirebaseCore/10.19.0/FirebaseCore.podspec.json exists! Returning local because checking is only performed in repo update
  CDN: trunk Relative path: Specs/8/b/d/FirebaseCore/10.18.0/FirebaseCore.podspec.json exists! Returning local because checking is only performed in repo update
  CDN: trunk Relative path: Specs/8/b/d/FirebaseCore/10.17.0/FirebaseCore.podspec.json exists! Returning local because checking is only performed in repo update
  CDN: trunk Relative path: Specs/8/b/d/FirebaseCore/10.16.0/FirebaseCore.podspec.json exists! Returning local because checking is only performed in repo update
  CDN: trunk Relative path: Specs/8/b/d/FirebaseCore/10.15.0/FirebaseCore.podspec.json exists! Returning local because checking is only performed in repo update
  CDN: trunk Relative path: Specs/8/b/d/FirebaseCore/10.14.0/FirebaseCore.podspec.json exists! Returning local because checking is only performed in repo update
  CDN: trunk Relative path: Specs/8/b/d/FirebaseCore/10.13.0/FirebaseCore.podspec.json exists! Returning local because checking is only performed in repo update
  CDN: trunk Relative path: Specs/8/b/d/FirebaseCore/10.12.0/FirebaseCore.podspec.json exists! Returning local because checking is only performed in repo update
  CDN: trunk Relative path: Specs/8/b/d/FirebaseCore/10.11.0/FirebaseCore.podspec.json exists! Returning local because checking is only performed in repo update
  CDN: trunk Relative path: Specs/8/b/d/FirebaseCore/10.10.0/FirebaseCore.podspec.json exists! Returning local because checking is only performed in repo update
  CDN: trunk Relative path: Specs/8/b/d/FirebaseCore/10.9.0/FirebaseCore.podspec.json exists! Returning local because checking is only performed in repo update
  CDN: trunk Relative path: Specs/8/b/d/FirebaseCore/10.8.0/FirebaseCore.podspec.json exists! Returning local because checking is only performed in repo update
  CDN: trunk Relative path: Specs/8/b/d/FirebaseCore/10.7.0/FirebaseCore.podspec.json exists! Returning local because checking is only performed in repo update
  CDN: trunk Relative path: Specs/8/b/d/FirebaseCore/10.6.0/FirebaseCore.podspec.json exists! Returning local because checking is only performed in repo update
  CDN: trunk Relative path: Specs/8/b/d/FirebaseCore/10.5.0/FirebaseCore.podspec.json exists! Returning local because checking is only performed in repo update
  CDN: trunk Relative path: Specs/8/b/d/FirebaseCore/10.4.0/FirebaseCore.podspec.json exists! Returning local because checking is only performed in repo update
  CDN: trunk Relative path: Specs/8/b/d/FirebaseCore/10.3.0/FirebaseCore.podspec.json exists! Returning local because checking is only performed in repo update
  CDN: trunk Relative path: Specs/8/b/d/FirebaseCore/10.2.0/FirebaseCore.podspec.json exists! Returning local because checking is only performed in repo update
  CDN: trunk Relative path: Specs/8/b/d/FirebaseCore/10.1.0/FirebaseCore.podspec.json exists! Returning local because checking is only performed in repo update
  CDN: trunk Relative path: Specs/8/b/d/FirebaseCore/10.0.0/FirebaseCore.podspec.json exists! Returning local because checking is only performed in repo update
  CDN: trunk Relative path: Specs/e/3/b/GoogleAppMeasurement/10.15.0/GoogleAppMeasurement.podspec.json exists! Returning local because checking is only performed in repo update
  CDN: trunk Relative path: Specs/e/3/b/GoogleAppMeasurement/10.15.0/GoogleAppMeasurement.podspec.json exists! Returning local because checking is only performed in repo update
  CDN: trunk Relative path: Specs/3/8/6/abseil/1.20220623.0/abseil.podspec.json exists! Returning local because checking is only performed in repo update
  CDN: trunk Relative path: Specs/3/8/6/abseil/1.20220623.0/abseil.podspec.json exists! Returning local because checking is only performed in repo update
  CDN: trunk Relative path: Specs/3/8/6/abseil/1.20220623.0/abseil.podspec.json exists! Returning local because checking is only performed in repo update
  CDN: trunk Relative path: Specs/3/8/6/abseil/1.20220623.0/abseil.podspec.json exists! Returning local because checking is only performed in repo update
  CDN: trunk Relative path: Specs/3/8/6/abseil/1.20220623.0/abseil.podspec.json exists! Returning local because checking is only performed in repo update
  CDN: trunk Relative path: all_pods_versions_f_8_8.txt exists! Returning local because checking is only performed in repo update
  CDN: trunk Relative path: Specs/f/8/8/BoringSSL-GRPC/0.0.38/BoringSSL-GRPC.podspec.json exists! Returning local because checking is only performed in repo update
  CDN: trunk Relative path: Specs/e/3/b/GoogleAppMeasurement/10.15.0/GoogleAppMeasurement.podspec.json exists! Returning local because checking is only performed in repo update
  CDN: trunk Relative path: Specs/f/8/8/BoringSSL-GRPC/0.0.24/BoringSSL-GRPC.podspec.json exists! Returning local because checking is only performed in repo update
  CDN: trunk Relative path: Specs/f/8/8/BoringSSL-GRPC/0.0.24/BoringSSL-GRPC.podspec.json exists! Returning local because checking is only performed in repo update
  CDN: trunk Relative path: Specs/f/8/8/BoringSSL-GRPC/0.0.24/BoringSSL-GRPC.podspec.json exists! Returning local because checking is only performed in repo update
  CDN: trunk Relative path: Specs/3/8/6/abseil/1.20220623.0/abseil.podspec.json exists! Returning local because checking is only performed in repo update
  CDN: trunk Relative path: Specs/3/8/6/abseil/1.20220623.0/abseil.podspec.json exists! Returning local because checking is only performed in repo update
  CDN: trunk Relative path: Specs/3/8/6/abseil/1.20220623.0/abseil.podspec.json exists! Returning local because checking is only performed in repo update
  CDN: trunk Relative path: Specs/3/8/6/abseil/1.20220623.0/abseil.podspec.json exists! Returning local because checking is only performed in repo update
  CDN: trunk Relative path: Specs/3/8/6/abseil/1.20220623.0/abseil.podspec.json exists! Returning local because checking is only performed in repo update
  CDN: trunk Relative path: Specs/3/8/6/abseil/1.20220623.0/abseil.podspec.json exists! Returning local because checking is only performed in repo update
  CDN: trunk Relative path: Specs/3/8/6/abseil/1.20220623.2/abseil.podspec.json exists! Returning local because checking is only performed in repo update
  CDN: trunk Relative path: Specs/3/8/6/abseil/1.20220623.2/abseil.podspec.json exists! Returning local because checking is only performed in repo update
  CDN: trunk Relative path: Specs/3/8/6/abseil/1.20220623.2/abseil.podspec.json exists! Returning local because checking is only performed in repo update
  CDN: trunk Relative path: Specs/3/8/6/abseil/1.20220623.2/abseil.podspec.json exists! Returning local because checking is only performed in repo update
  CDN: trunk Relative path: Specs/3/8/6/abseil/1.20220623.2/abseil.podspec.json exists! Returning local because checking is only performed in repo update
  CDN: trunk Relative path: Specs/3/8/6/abseil/1.20220623.2/abseil.podspec.json exists! Returning local because checking is only performed in repo update
  CDN: trunk Relative path: Specs/3/8/6/abseil/1.20220623.2/abseil.podspec.json exists! Returning local because checking is only performed in repo update
  CDN: trunk Relative path: Specs/3/8/6/abseil/1.20220623.2/abseil.podspec.json exists! Returning local because checking is only performed in repo update
  CDN: trunk Relative path: Specs/3/8/6/abseil/1.20220623.2/abseil.podspec.json exists! Returning local because checking is only performed in repo update
  CDN: trunk Relative path: Specs/3/8/6/abseil/1.20220623.0/abseil.podspec.json exists! Returning local because checking is only performed in repo update
  CDN: trunk Relative path: Specs/3/8/6/abseil/1.20220623.0/abseil.podspec.json exists! Returning local because checking is only performed in repo update
  CDN: trunk Relative path: Specs/3/8/6/abseil/1.20220623.0/abseil.podspec.json exists! Returning local because checking is only performed in repo update
  CDN: trunk Relative path: Specs/3/8/6/abseil/1.20220623.0/abseil.podspec.json exists! Returning local because checking is only performed in repo update
  CDN: trunk Relative path: Specs/3/8/6/abseil/1.20220623.2/abseil.podspec.json exists! Returning local because checking is only performed in repo update
  CDN: trunk Relative path: Specs/3/8/6/abseil/1.20220623.2/abseil.podspec.json exists! Returning local because checking is only performed in repo update
  CDN: trunk Relative path: Specs/3/8/6/abseil/1.20220623.2/abseil.podspec.json exists! Returning local because checking is only performed in repo update
  CDN: trunk Relative path: Specs/3/8/6/abseil/1.20220623.2/abseil.podspec.json exists! Returning local because checking is only performed in repo update
  CDN: trunk Relative path: Specs/3/8/6/abseil/1.20220623.2/abseil.podspec.json exists! Returning local because checking is only performed in repo update
  CDN: trunk Relative path: Specs/3/8/6/abseil/1.20220623.2/abseil.podspec.json exists! Returning local because checking is only performed in repo update
  CDN: trunk Relative path: Specs/3/8/6/abseil/1.20220623.0/abseil.podspec.json exists! Returning local because checking is only performed in repo update
  CDN: trunk Relative path: Specs/3/8/6/abseil/1.20220623.0/abseil.podspec.json exists! Returning local because checking is only performed in repo update
  CDN: trunk Relative path: Specs/3/8/6/abseil/1.20220623.2/abseil.podspec.json exists! Returning local because checking is only performed in repo update
  CDN: trunk Relative path: Specs/3/8/6/abseil/1.20220623.2/abseil.podspec.json exists! Returning local because checking is only performed in repo update
  CDN: trunk Relative path: Specs/3/8/6/abseil/1.20220623.2/abseil.podspec.json exists! Returning local because checking is only performed in repo update
  CDN: trunk Relative path: Specs/3/8/6/abseil/1.20220623.2/abseil.podspec.json exists! Returning local because checking is only performed in repo update
  CDN: trunk Relative path: Specs/3/8/6/abseil/1.20220623.2/abseil.podspec.json exists! Returning local because checking is only performed in repo update
  CDN: trunk Relative path: Specs/3/8/6/abseil/1.20220623.2/abseil.podspec.json exists! Returning local because checking is only performed in repo update
  CDN: trunk Relative path: Specs/3/8/6/abseil/1.20220623.2/abseil.podspec.json exists! Returning local because checking is only performed in repo update
  CDN: trunk Relative path: Specs/3/8/6/abseil/1.20220623.2/abseil.podspec.json exists! Returning local because checking is only performed in repo update
  CDN: trunk Relative path: Specs/3/8/6/abseil/1.20220623.2/abseil.podspec.json exists! Returning local because checking is only performed in repo update
  CDN: trunk Relative path: Specs/3/8/6/abseil/1.20220623.2/abseil.podspec.json exists! Returning local because checking is only performed in repo update
  CDN: trunk Relative path: Specs/3/8/6/abseil/1.20220623.2/abseil.podspec.json exists! Returning local because checking is only performed in repo update
  CDN: trunk Relative path: Specs/3/8/6/abseil/1.20220623.2/abseil.podspec.json exists! Returning local because checking is only performed in repo update
  CDN: trunk Relative path: Specs/3/8/6/abseil/1.20220623.2/abseil.podspec.json exists! Returning local because checking is only performed in repo update
  CDN: trunk Relative path: Specs/3/8/6/abseil/1.20220623.2/abseil.podspec.json exists! Returning local because checking is only performed in repo update
  CDN: trunk Relative path: Specs/3/8/6/abseil/1.20220623.2/abseil.podspec.json exists! Returning local because checking is only performed in repo update
  CDN: trunk Relative path: Specs/3/8/6/abseil/1.20220623.2/abseil.podspec.json exists! Returning local because checking is only performed in repo update
  CDN: trunk Relative path: Specs/3/8/6/abseil/1.20220623.2/abseil.podspec.json exists! Returning local because checking is only performed in repo update
  CDN: trunk Relative path: Specs/3/8/6/abseil/1.20220623.0/abseil.podspec.json exists! Returning local because checking is only performed in repo update
  CDN: trunk Relative path: Specs/6/1/e/nanopb/2.30909.1/nanopb.podspec.json exists! Returning local because checking is only performed in repo update
  CDN: trunk Relative path: Specs/6/1/e/nanopb/2.30909.0/nanopb.podspec.json exists! Returning local because checking is only performed in repo update
  CDN: trunk Relative path: Specs/6/1/e/nanopb/2.30908.0/nanopb.podspec.json exists! Returning local because checking is only performed in repo update
  CDN: trunk Relative path: Specs/6/1/e/nanopb/2.30909.1/nanopb.podspec.json exists! Returning local because checking is only performed in repo update
  CDN: trunk Relative path: Specs/6/1/e/nanopb/2.30909.1/nanopb.podspec.json exists! Returning local because checking is only performed in repo update
  CDN: trunk Relative path: Specs/f/1/2/ASN1Decoder/1.10.0/ASN1Decoder.podspec.json exists! Returning local because checking is only performed in repo update
  CDN: trunk Relative path: Specs/f/1/2/ASN1Decoder/1.9.0/ASN1Decoder.podspec.json exists! Returning local because checking is only performed in repo update
  CDN: trunk Relative path: Specs/f/1/2/ASN1Decoder/1.8.0/ASN1Decoder.podspec.json exists! Returning local because checking is only performed in repo update
  CDN: trunk Relative path: Specs/a/d/a/leveldb-library/1.22.6/leveldb-library.podspec.json exists! Returning local because checking is only performed in repo update
  CDN: trunk Relative path: Specs/a/d/a/leveldb-library/1.22.5/leveldb-library.podspec.json exists! Returning local because checking is only performed in repo update
  CDN: trunk Relative path: Specs/a/d/a/leveldb-library/1.22.4/leveldb-library.podspec.json exists! Returning local because checking is only performed in repo update
  CDN: trunk Relative path: Specs/a/d/a/leveldb-library/1.22.3/leveldb-library.podspec.json exists! Returning local because checking is only performed in repo update
  CDN: trunk Relative path: Specs/a/d/a/leveldb-library/1.22.2/leveldb-library.podspec.json exists! Returning local because checking is only performed in repo update
  CDN: trunk Relative path: Specs/a/d/a/leveldb-library/1.22.1/leveldb-library.podspec.json exists! Returning local because checking is only performed in repo update
  CDN: trunk Relative path: Specs/a/d/a/leveldb-library/1.22/leveldb-library.podspec.json exists! Returning local because checking is only performed in repo update
  CDN: trunk Relative path: Specs/b/b/a/YoutubePlayer-in-WKWebView/0.3.11/YoutubePlayer-in-WKWebView.podspec.json exists! Returning local because checking is only performed in repo update
  CDN: trunk Relative path: Specs/b/b/a/YoutubePlayer-in-WKWebView/0.3.9/YoutubePlayer-in-WKWebView.podspec.json exists! Returning local because checking is only performed in repo update
  CDN: trunk Relative path: Specs/b/b/a/YoutubePlayer-in-WKWebView/0.3.8/YoutubePlayer-in-WKWebView.podspec.json exists! Returning local because checking is only performed in repo update
  CDN: trunk Relative path: Specs/b/b/a/YoutubePlayer-in-WKWebView/0.3.7/YoutubePlayer-in-WKWebView.podspec.json exists! Returning local because checking is only performed in repo update
  CDN: trunk Relative path: Specs/b/b/a/YoutubePlayer-in-WKWebView/0.3.5/YoutubePlayer-in-WKWebView.podspec.json exists! Returning local because checking is only performed in repo update
  CDN: trunk Relative path: Specs/b/b/a/YoutubePlayer-in-WKWebView/0.3.4/YoutubePlayer-in-WKWebView.podspec.json exists! Returning local because checking is only performed in repo update
  CDN: trunk Relative path: Specs/b/b/a/YoutubePlayer-in-WKWebView/0.3.3/YoutubePlayer-in-WKWebView.podspec.json exists! Returning local because checking is only performed in repo update
  CDN: trunk Relative path: Specs/b/b/a/YoutubePlayer-in-WKWebView/0.3.2/YoutubePlayer-in-WKWebView.podspec.json exists! Returning local because checking is only performed in repo update
  CDN: trunk Relative path: Specs/b/b/a/YoutubePlayer-in-WKWebView/0.3.1/YoutubePlayer-in-WKWebView.podspec.json exists! Returning local because checking is only performed in repo update
  CDN: trunk Relative path: Specs/0/8/4/GoogleUtilities/7.13.3/GoogleUtilities.podspec.json exists! Returning local because checking is only performed in repo update
  CDN: trunk Relative path: Specs/0/8/4/GoogleUtilities/7.13.3/GoogleUtilities.podspec.json exists! Returning local because checking is only performed in repo update
  CDN: trunk Relative path: Specs/0/8/4/GoogleUtilities/7.13.3/GoogleUtilities.podspec.json exists! Returning local because checking is only performed in repo update
  CDN: trunk Relative path: all_pods_versions_0_b_5.txt exists! Returning local because checking is only performed in repo update
  CDN: trunk Relative path: Specs/0/b/5/PromisesObjC/2.4.0/PromisesObjC.podspec.json exists! Returning local because checking is only performed in repo update
  CDN: trunk Relative path: Specs/0/8/4/GoogleUtilities/7.13.3/GoogleUtilities.podspec.json exists! Returning local because checking is only performed in repo update
  CDN: trunk Relative path: Specs/0/8/4/GoogleUtilities/7.13.3/GoogleUtilities.podspec.json exists! Returning local because checking is only performed in repo update
  CDN: trunk Relative path: Specs/0/8/4/GoogleUtilities/7.13.3/GoogleUtilities.podspec.json exists! Returning local because checking is only performed in repo update
  CDN: trunk Relative path: Specs/0/b/5/PromisesObjC/2.4.0/PromisesObjC.podspec.json exists! Returning local because checking is only performed in repo update
  CDN: trunk Relative path: Specs/0/b/5/PromisesObjC/2.3.1/PromisesObjC.podspec.json exists! Returning local because checking is only performed in repo update
  CDN: trunk Relative path: Specs/0/b/5/PromisesObjC/2.3.0/PromisesObjC.podspec.json exists! Returning local because checking is only performed in repo update
  CDN: trunk Relative path: Specs/0/b/5/PromisesObjC/2.2.0/PromisesObjC.podspec.json exists! Returning local because checking is only performed in repo update
  CDN: trunk Relative path: Specs/0/b/5/PromisesObjC/2.1.1/PromisesObjC.podspec.json exists! Returning local because checking is only performed in repo update
  CDN: trunk Relative path: Specs/0/b/5/PromisesObjC/2.1.0/PromisesObjC.podspec.json exists! Returning local because checking is only performed in repo update
  CDN: trunk Relative path: Specs/0/b/5/PromisesObjC/2.0.0/PromisesObjC.podspec.json exists! Returning local because checking is only performed in repo update
  CDN: trunk Relative path: Specs/0/b/5/PromisesObjC/1.2.12/PromisesObjC.podspec.json exists! Returning local because checking is only performed in repo update
  CDN: trunk Relative path: Specs/0/b/5/PromisesObjC/1.2.11/PromisesObjC.podspec.json exists! Returning local because checking is only performed in repo update
  CDN: trunk Relative path: Specs/0/b/5/PromisesObjC/1.2.10/PromisesObjC.podspec.json exists! Returning local because checking is only performed in repo update
  CDN: trunk Relative path: Specs/0/b/5/PromisesObjC/1.2.9/PromisesObjC.podspec.json exists! Returning local because checking is only performed in repo update
  CDN: trunk Relative path: Specs/0/b/5/PromisesObjC/1.2.8/PromisesObjC.podspec.json exists! Returning local because checking is only performed in repo update
  CDN: trunk Relative path: Specs/0/b/5/PromisesObjC/1.2.7/PromisesObjC.podspec.json exists! Returning local because checking is only performed in repo update
  CDN: trunk Relative path: Specs/0/b/5/PromisesObjC/1.2.6/PromisesObjC.podspec.json exists! Returning local because checking is only performed in repo update
  CDN: trunk Relative path: Specs/0/b/5/PromisesObjC/1.2.5/PromisesObjC.podspec.json exists! Returning local because checking is only performed in repo update
  CDN: trunk Relative path: Specs/0/b/5/PromisesObjC/1.2.4/PromisesObjC.podspec.json exists! Returning local because checking is only performed in repo update
  CDN: trunk Relative path: Specs/0/b/5/PromisesObjC/1.2.3/PromisesObjC.podspec.json exists! Returning local because checking is only performed in repo update
  CDN: trunk Relative path: Specs/0/b/5/PromisesObjC/1.2.2/PromisesObjC.podspec.json exists! Returning local because checking is only performed in repo update
  CDN: trunk Relative path: Specs/0/b/5/PromisesObjC/1.2.1/PromisesObjC.podspec.json exists! Returning local because checking is only performed in repo update
  CDN: trunk Relative path: Specs/0/b/5/PromisesObjC/1.2/PromisesObjC.podspec.json exists! Returning local because checking is only performed in repo update
  CDN: trunk Relative path: Specs/d/d/6/ReachabilitySwift/5.2.4/ReachabilitySwift.podspec.json exists! Returning local because checking is only performed in repo update
  CDN: trunk Relative path: Specs/d/d/6/ReachabilitySwift/5.2.3/ReachabilitySwift.podspec.json exists! Returning local because checking is only performed in repo update
  CDN: trunk Relative path: Specs/d/d/6/ReachabilitySwift/5.2.2/ReachabilitySwift.podspec.json exists! Returning local because checking is only performed in repo update
  CDN: trunk Relative path: Specs/d/d/6/ReachabilitySwift/5.2.1/ReachabilitySwift.podspec.json exists! Returning local because checking is only performed in repo update
  CDN: trunk Relative path: Specs/d/d/6/ReachabilitySwift/5.0.0/ReachabilitySwift.podspec.json exists! Returning local because checking is only performed in repo update
  CDN: trunk Relative path: Specs/d/d/6/ReachabilitySwift/5.0.0-beta1/ReachabilitySwift.podspec.json exists! Returning local because checking is only performed in repo update
  CDN: trunk Relative path: Specs/d/d/6/ReachabilitySwift/4.3.1/ReachabilitySwift.podspec.json exists! Returning local because checking is only performed in repo update
  CDN: trunk Relative path: Specs/d/d/6/ReachabilitySwift/4.3.0/ReachabilitySwift.podspec.json exists! Returning local because checking is only performed in repo update
  CDN: trunk Relative path: Specs/d/d/6/ReachabilitySwift/4.2.1/ReachabilitySwift.podspec.json exists! Returning local because checking is only performed in repo update
  CDN: trunk Relative path: Specs/d/d/6/ReachabilitySwift/4.2.0/ReachabilitySwift.podspec.json exists! Returning local because checking is only performed in repo update
  CDN: trunk Relative path: Specs/d/d/6/ReachabilitySwift/4.1.0/ReachabilitySwift.podspec.json exists! Returning local because checking is only performed in repo update
  CDN: trunk Relative path: Specs/d/d/6/ReachabilitySwift/4.0.0/ReachabilitySwift.podspec.json exists! Returning local because checking is only performed in repo update
  CDN: trunk Relative path: Specs/d/d/6/ReachabilitySwift/4.0-beta2/ReachabilitySwift.podspec.json exists! Returning local because checking is only performed in repo update
  CDN: trunk Relative path: Specs/d/d/6/ReachabilitySwift/3/ReachabilitySwift.podspec.json exists! Returning local because checking is only performed in repo update
  CDN: trunk Relative path: Specs/d/d/6/ReachabilitySwift/2.4/ReachabilitySwift.podspec.json exists! Returning local because checking is only performed in repo update
  CDN: trunk Relative path: Specs/d/d/6/ReachabilitySwift/2.3.3/ReachabilitySwift.podspec.json exists! Returning local because checking is only performed in repo update
  CDN: trunk Relative path: Specs/d/d/6/ReachabilitySwift/2.3/ReachabilitySwift.podspec.json exists! Returning local because checking is only performed in repo update
  CDN: trunk Relative path: Specs/d/d/6/ReachabilitySwift/2.1/ReachabilitySwift.podspec.json exists! Returning local because checking is only performed in repo update
  CDN: trunk Relative path: Specs/d/d/6/ReachabilitySwift/2.0/ReachabilitySwift.podspec.json exists! Returning local because checking is only performed in repo update
  CDN: trunk Relative path: Specs/d/d/6/ReachabilitySwift/2.0-beta1/ReachabilitySwift.podspec.json exists! Returning local because checking is only performed in repo update
  CDN: trunk Relative path: Specs/d/d/6/ReachabilitySwift/1.1/ReachabilitySwift.podspec.json exists! Returning local because checking is only performed in repo update
  CDN: trunk Relative path: Specs/2/f/7/FirebaseInstallations/10.29.0/FirebaseInstallations.podspec.json exists! Returning local because checking is only performed in repo update
  CDN: trunk Relative path: Specs/2/f/7/FirebaseInstallations/10.28.0/FirebaseInstallations.podspec.json exists! Returning local because checking is only performed in repo update
  CDN: trunk Relative path: Specs/2/f/7/FirebaseInstallations/10.27.0/FirebaseInstallations.podspec.json exists! Returning local because checking is only performed in repo update
  CDN: trunk Relative path: Specs/2/f/7/FirebaseInstallations/10.25.0/FirebaseInstallations.podspec.json exists! Returning local because checking is only performed in repo update
  CDN: trunk Relative path: Specs/2/f/7/FirebaseInstallations/10.24.0/FirebaseInstallations.podspec.json exists! Returning local because checking is only performed in repo update
  CDN: trunk Relative path: Specs/2/f/7/FirebaseInstallations/10.23.0/FirebaseInstallations.podspec.json exists! Returning local because checking is only performed in repo update
  CDN: trunk Relative path: Specs/2/f/7/FirebaseInstallations/10.22.0/FirebaseInstallations.podspec.json exists! Returning local because checking is only performed in repo update
  CDN: trunk Relative path: Specs/2/f/7/FirebaseInstallations/10.21.0/FirebaseInstallations.podspec.json exists! Returning local because checking is only performed in repo update
  CDN: trunk Relative path: Specs/2/f/7/FirebaseInstallations/10.20.0/FirebaseInstallations.podspec.json exists! Returning local because checking is only performed in repo update
  CDN: trunk Relative path: Specs/2/f/7/FirebaseInstallations/10.19.0/FirebaseInstallations.podspec.json exists! Returning local because checking is only performed in repo update
  CDN: trunk Relative path: Specs/2/f/7/FirebaseInstallations/10.18.0/FirebaseInstallations.podspec.json exists! Returning local because checking is only performed in repo update
  CDN: trunk Relative path: Specs/2/f/7/FirebaseInstallations/10.17.0/FirebaseInstallations.podspec.json exists! Returning local because checking is only performed in repo update
  CDN: trunk Relative path: Specs/2/f/7/FirebaseInstallations/10.16.0/FirebaseInstallations.podspec.json exists! Returning local because checking is only performed in repo update
  CDN: trunk Relative path: Specs/2/f/7/FirebaseInstallations/10.15.0/FirebaseInstallations.podspec.json exists! Returning local because checking is only performed in repo update
  CDN: trunk Relative path: Specs/2/f/7/FirebaseInstallations/10.14.0/FirebaseInstallations.podspec.json exists! Returning local because checking is only performed in repo update
  CDN: trunk Relative path: Specs/2/f/7/FirebaseInstallations/10.13.0/FirebaseInstallations.podspec.json exists! Returning local because checking is only performed in repo update
  CDN: trunk Relative path: Specs/2/f/7/FirebaseInstallations/10.12.0/FirebaseInstallations.podspec.json exists! Returning local because checking is only performed in repo update
  CDN: trunk Relative path: Specs/2/f/7/FirebaseInstallations/10.11.0/FirebaseInstallations.podspec.json exists! Returning local because checking is only performed in repo update
  CDN: trunk Relative path: Specs/2/f/7/FirebaseInstallations/10.10.0/FirebaseInstallations.podspec.json exists! Returning local because checking is only performed in repo update
  CDN: trunk Relative path: Specs/2/f/7/FirebaseInstallations/10.9.0/FirebaseInstallations.podspec.json exists! Returning local because checking is only performed in repo update
  CDN: trunk Relative path: Specs/2/f/7/FirebaseInstallations/10.8.0/FirebaseInstallations.podspec.json exists! Returning local because checking is only performed in repo update
  CDN: trunk Relative path: Specs/2/f/7/FirebaseInstallations/10.7.0/FirebaseInstallations.podspec.json exists! Returning local because checking is only performed in repo update
  CDN: trunk Relative path: Specs/2/f/7/FirebaseInstallations/10.6.0/FirebaseInstallations.podspec.json exists! Returning local because checking is only performed in repo update
  CDN: trunk Relative path: Specs/2/f/7/FirebaseInstallations/10.5.0/FirebaseInstallations.podspec.json exists! Returning local because checking is only performed in repo update
  CDN: trunk Relative path: Specs/2/f/7/FirebaseInstallations/10.4.0/FirebaseInstallations.podspec.json exists! Returning local because checking is only performed in repo update
  CDN: trunk Relative path: Specs/2/f/7/FirebaseInstallations/10.3.0/FirebaseInstallations.podspec.json exists! Returning local because checking is only performed in repo update
  CDN: trunk Relative path: Specs/2/f/7/FirebaseInstallations/10.2.0/FirebaseInstallations.podspec.json exists! Returning local because checking is only performed in repo update
  CDN: trunk Relative path: Specs/2/f/7/FirebaseInstallations/10.1.0/FirebaseInstallations.podspec.json exists! Returning local because checking is only performed in repo update
  CDN: trunk Relative path: Specs/2/f/7/FirebaseInstallations/10.0.0/FirebaseInstallations.podspec.json exists! Returning local because checking is only performed in repo update
  CDN: trunk Relative path: Specs/0/8/4/GoogleUtilities/7.8.0/GoogleUtilities.podspec.json exists! Returning local because checking is only performed in repo update
  CDN: trunk Relative path: Specs/0/8/4/GoogleUtilities/7.10.0/GoogleUtilities.podspec.json exists! Returning local because checking is only performed in repo update
  CDN: trunk Relative path: Specs/0/8/4/GoogleUtilities/7.11.0/GoogleUtilities.podspec.json exists! Returning local because checking is only performed in repo update
  CDN: trunk Relative path: Specs/0/8/4/GoogleUtilities/7.11.1/GoogleUtilities.podspec.json exists! Returning local because checking is only performed in repo update
  CDN: trunk Relative path: Specs/0/8/4/GoogleUtilities/7.11.4/GoogleUtilities.podspec.json exists! Returning local because checking is only performed in repo update
  CDN: trunk Relative path: Specs/0/8/4/GoogleUtilities/7.11.5/GoogleUtilities.podspec.json exists! Returning local because checking is only performed in repo update
  CDN: trunk Relative path: Specs/0/8/4/GoogleUtilities/7.11.6/GoogleUtilities.podspec.json exists! Returning local because checking is only performed in repo update
  CDN: trunk Relative path: Specs/0/8/4/GoogleUtilities/7.12.0/GoogleUtilities.podspec.json exists! Returning local because checking is only performed in repo update
  CDN: trunk Relative path: Specs/0/8/4/GoogleUtilities/7.13.0/GoogleUtilities.podspec.json exists! Returning local because checking is only performed in repo update
  CDN: trunk Relative path: Specs/0/8/4/GoogleUtilities/7.13.2/GoogleUtilities.podspec.json exists! Returning local because checking is only performed in repo update
  CDN: trunk Relative path: Specs/0/8/4/GoogleUtilities/7.13.3/GoogleUtilities.podspec.json exists! Returning local because checking is only performed in repo update
  CDN: trunk Relative path: Specs/0/b/5/PromisesObjC/2.4.0/PromisesObjC.podspec.json exists! Returning local because checking is only performed in repo update
  CDN: trunk Relative path: Specs/0/b/5/PromisesObjC/2.3.1/PromisesObjC.podspec.json exists! Returning local because checking is only performed in repo update
  CDN: trunk Relative path: Specs/0/b/5/PromisesObjC/2.3.0/PromisesObjC.podspec.json exists! Returning local because checking is only performed in repo update
  CDN: trunk Relative path: Specs/0/b/5/PromisesObjC/2.2.0/PromisesObjC.podspec.json exists! Returning local because checking is only performed in repo update
  CDN: trunk Relative path: Specs/0/b/5/PromisesObjC/2.1.1/PromisesObjC.podspec.json exists! Returning local because checking is only performed in repo update
  CDN: trunk Relative path: Specs/0/b/5/PromisesObjC/2.1.0/PromisesObjC.podspec.json exists! Returning local because checking is only performed in repo update
  CDN: trunk Relative path: Specs/7/9/1/FirebaseCoreInternal/10.29.0/FirebaseCoreInternal.podspec.json exists! Returning local because checking is only performed in repo update
  CDN: trunk Relative path: Specs/7/9/1/FirebaseCoreInternal/10.28.0/FirebaseCoreInternal.podspec.json exists! Returning local because checking is only performed in repo update
  CDN: trunk Relative path: Specs/7/9/1/FirebaseCoreInternal/10.27.0/FirebaseCoreInternal.podspec.json exists! Returning local because checking is only performed in repo update
  CDN: trunk Relative path: Specs/7/9/1/FirebaseCoreInternal/10.25.0/FirebaseCoreInternal.podspec.json exists! Returning local because checking is only performed in repo update
  CDN: trunk Relative path: Specs/7/9/1/FirebaseCoreInternal/10.24.0/FirebaseCoreInternal.podspec.json exists! Returning local because checking is only performed in repo update
  CDN: trunk Relative path: Specs/7/9/1/FirebaseCoreInternal/10.23.0/FirebaseCoreInternal.podspec.json exists! Returning local because checking is only performed in repo update
  CDN: trunk Relative path: Specs/7/9/1/FirebaseCoreInternal/10.22.0/FirebaseCoreInternal.podspec.json exists! Returning local because checking is only performed in repo update
  CDN: trunk Relative path: Specs/7/9/1/FirebaseCoreInternal/10.21.0/FirebaseCoreInternal.podspec.json exists! Returning local because checking is only performed in repo update
  CDN: trunk Relative path: Specs/7/9/1/FirebaseCoreInternal/10.20.0/FirebaseCoreInternal.podspec.json exists! Returning local because checking is only performed in repo update
  CDN: trunk Relative path: Specs/7/9/1/FirebaseCoreInternal/10.19.0/FirebaseCoreInternal.podspec.json exists! Returning local because checking is only performed in repo update
  CDN: trunk Relative path: Specs/7/9/1/FirebaseCoreInternal/10.18.0/FirebaseCoreInternal.podspec.json exists! Returning local because checking is only performed in repo update
  CDN: trunk Relative path: Specs/7/9/1/FirebaseCoreInternal/10.17.0/FirebaseCoreInternal.podspec.json exists! Returning local because checking is only performed in repo update
  CDN: trunk Relative path: Specs/7/9/1/FirebaseCoreInternal/10.16.0/FirebaseCoreInternal.podspec.json exists! Returning local because checking is only performed in repo update
  CDN: trunk Relative path: Specs/7/9/1/FirebaseCoreInternal/10.15.0/FirebaseCoreInternal.podspec.json exists! Returning local because checking is only performed in repo update
  CDN: trunk Relative path: Specs/7/9/1/FirebaseCoreInternal/10.14.0/FirebaseCoreInternal.podspec.json exists! Returning local because checking is only performed in repo update
  CDN: trunk Relative path: Specs/7/9/1/FirebaseCoreInternal/10.13.0/FirebaseCoreInternal.podspec.json exists! Returning local because checking is only performed in repo update
  CDN: trunk Relative path: Specs/7/9/1/FirebaseCoreInternal/10.12.0/FirebaseCoreInternal.podspec.json exists! Returning local because checking is only performed in repo update
  CDN: trunk Relative path: Specs/7/9/1/FirebaseCoreInternal/10.11.0/FirebaseCoreInternal.podspec.json exists! Returning local because checking is only performed in repo update
  CDN: trunk Relative path: Specs/7/9/1/FirebaseCoreInternal/10.10.0/FirebaseCoreInternal.podspec.json exists! Returning local because checking is only performed in repo update
  CDN: trunk Relative path: Specs/7/9/1/FirebaseCoreInternal/10.9.0/FirebaseCoreInternal.podspec.json exists! Returning local because checking is only performed in repo update
  CDN: trunk Relative path: Specs/7/9/1/FirebaseCoreInternal/10.8.0/FirebaseCoreInternal.podspec.json exists! Returning local because checking is only performed in repo update
  CDN: trunk Relative path: Specs/7/9/1/FirebaseCoreInternal/10.7.0/FirebaseCoreInternal.podspec.json exists! Returning local because checking is only performed in repo update
  CDN: trunk Relative path: Specs/7/9/1/FirebaseCoreInternal/10.6.0/FirebaseCoreInternal.podspec.json exists! Returning local because checking is only performed in repo update
  CDN: trunk Relative path: Specs/7/9/1/FirebaseCoreInternal/10.5.0/FirebaseCoreInternal.podspec.json exists! Returning local because checking is only performed in repo update
  CDN: trunk Relative path: Specs/7/9/1/FirebaseCoreInternal/10.4.0/FirebaseCoreInternal.podspec.json exists! Returning local because checking is only performed in repo update
  CDN: trunk Relative path: Specs/7/9/1/FirebaseCoreInternal/10.3.0/FirebaseCoreInternal.podspec.json exists! Returning local because checking is only performed in repo update
  CDN: trunk Relative path: Specs/7/9/1/FirebaseCoreInternal/10.2.0/FirebaseCoreInternal.podspec.json exists! Returning local because checking is only performed in repo update
  CDN: trunk Relative path: Specs/7/9/1/FirebaseCoreInternal/10.1.0/FirebaseCoreInternal.podspec.json exists! Returning local because checking is only performed in repo update
  CDN: trunk Relative path: Specs/7/9/1/FirebaseCoreInternal/10.0.0/FirebaseCoreInternal.podspec.json exists! Returning local because checking is only performed in repo update
  CDN: trunk Relative path: Specs/0/8/4/GoogleUtilities/7.8.0/GoogleUtilities.podspec.json exists! Returning local because checking is only performed in repo update
  CDN: trunk Relative path: Specs/0/8/4/GoogleUtilities/7.10.0/GoogleUtilities.podspec.json exists! Returning local because checking is only performed in repo update
  CDN: trunk Relative path: Specs/0/8/4/GoogleUtilities/7.11.0/GoogleUtilities.podspec.json exists! Returning local because checking is only performed in repo update
  CDN: trunk Relative path: Specs/0/8/4/GoogleUtilities/7.11.1/GoogleUtilities.podspec.json exists! Returning local because checking is only performed in repo update
  CDN: trunk Relative path: Specs/0/8/4/GoogleUtilities/7.11.4/GoogleUtilities.podspec.json exists! Returning local because checking is only performed in repo update
  CDN: trunk Relative path: Specs/0/8/4/GoogleUtilities/7.11.5/GoogleUtilities.podspec.json exists! Returning local because checking is only performed in repo update
  CDN: trunk Relative path: Specs/0/8/4/GoogleUtilities/7.11.6/GoogleUtilities.podspec.json exists! Returning local because checking is only performed in repo update
  CDN: trunk Relative path: Specs/0/8/4/GoogleUtilities/7.12.0/GoogleUtilities.podspec.json exists! Returning local because checking is only performed in repo update
  CDN: trunk Relative path: Specs/0/8/4/GoogleUtilities/7.13.0/GoogleUtilities.podspec.json exists! Returning local because checking is only performed in repo update
  CDN: trunk Relative path: Specs/0/8/4/GoogleUtilities/7.13.2/GoogleUtilities.podspec.json exists! Returning local because checking is only performed in repo update
  CDN: trunk Relative path: Specs/0/8/4/GoogleUtilities/7.13.3/GoogleUtilities.podspec.json exists! Returning local because checking is only performed in repo update

Comparing resolved specification to the sandbox manifest
  A ASN1Decoder
  A BVLinearGradient
  A BoringSSL-GRPC
  A DoubleConversion
  A EASClient
  A EXApplication
  A EXConstants
  A EXFileSystem
  A EXFont
  A EXJSONUtils
  A EXManifests
  A EXNotifications
  A EXSplashScreen
  A EXStructuredHeaders
  A EXUpdates
  A EXUpdatesInterface
  A Expo
  A ExpoKeepAwake
  A ExpoModulesCore
  A ExpoSQLite
  A FBLazyVector
  A FBReactNativeSpec
  A Firebase
  A FirebaseAnalytics
  A FirebaseCore
  A FirebaseCoreInternal
  A FirebaseFirestore
  A FirebaseInstallations
  A GoogleAppMeasurement
  A GoogleUtilities
  A PromisesObjC
  A RCT-Folly
  A RCTRequired
  A RCTTypeSafety
  A RCTYouTube
  A RNCAsyncStorage
  A RNCPicker
  A RNDateTimePicker
  A RNFBAnalytics
  A RNFBApp
  A RNFBFirestore
  A RNGestureHandler
  A RNInAppBrowser
  A RNRate
  A RNReactNativeHapticFeedback
  A RNReanimated
  A RNScreens
  A ReachabilitySwift
  A React
  A React-Codegen
  A React-Core
  A React-CoreModules
  A React-NativeModulesApple
  A React-RCTActionSheet
  A React-RCTAnimation
  A React-RCTAppDelegate
  A React-RCTBlob
  A React-RCTImage
  A React-RCTLinking
  A React-RCTNetwork
  A React-RCTSettings
  A React-RCTText
  A React-RCTVibration
  A React-callinvoker
  A React-cxxreact
  A React-debug
  A React-jsc
  A React-jsi
  A React-jsiexecutor
  A React-jsinspector
  A React-logger
  A React-perflogger
  A React-rncore
  A React-runtimeexecutor
  A React-runtimescheduler
  A React-utils
  A ReactCommon
  A SocketRocket
  A Yoga
  A YoutubePlayer-in-WKWebView
  A abseil
  A boost
  A fmt
  A gRPC-C++
  A gRPC-Core
  A glog
  A leveldb-library
  A nanopb
  A react-native-config
  A react-native-safe-area-context
  A react-native-slider
  A react-native-webview

Downloading dependencies

-> Installing ASN1Decoder (1.10.0)
 > Git download
 > Git download
     $ /usr/bin/git clone https://github.com/filom/ASN1Decoder.git /var/folders/3n/wjddhk5s4b9_8vrk72p0c4gc0000gn/T/d20250110-59597-d6h6ey --template= --single-branch --depth 1 --branch 1.10.0
     Cloning into '/var/folders/3n/wjddhk5s4b9_8vrk72p0c4gc0000gn/T/d20250110-59597-d6h6ey'...
     Note: switching to '7e1523662c69d019a3299bbfb22fb824141dd1f6'.
     
     You are in 'detached HEAD' state. You can look around, make experimental
     changes and commit them, and you can discard any commits you make in this
     state without impacting any branches by switching back to a branch.
     
     If you want to create a new branch to retain commits you create, you may
     do so (now or later) by using -c with the switch command. Example:
     
       git switch -c <new-branch-name>
     
     Or undo this operation with:
     
       git switch -
     
     Turn off this advice by setting config variable advice.detachedHead to false
     
  $ /usr/bin/rsync -a --exclude=.git --delete /var/folders/3n/wjddhk5s4b9_8vrk72p0c4gc0000gn/T/d20250110-59597-d6h6ey/ /Users/gr0nk/Library/Caches/CocoaPods/Pods/Release/ASN1Decoder/1.10.0-91cb1
  > Copying ASN1Decoder from `/Users/gr0nk/Library/Caches/CocoaPods/Pods/Release/ASN1Decoder/1.10.0-91cb1` to `Pods/ASN1Decoder`

-> Installing BVLinearGradient (2.8.3)

-> Installing BoringSSL-GRPC (0.0.24)
 > Git download
 > Git download
     $ /usr/bin/git clone https://github.com/google/boringssl.git /var/folders/3n/wjddhk5s4b9_8vrk72p0c4gc0000gn/T/d20250110-59597-qvovpt --template=
     Cloning into '/var/folders/3n/wjddhk5s4b9_8vrk72p0c4gc0000gn/T/d20250110-59597-qvovpt'...
Pod install failed. Please check the logs for more details.
Step 6: Removing existing Pods and Podfile.lock...
Step 7: Fixing Boost checksum mismatch...
Downloading Boost manually...
  % Total    % Received % Xferd  Average Speed   Time    Time     Time  Current
                                 Dload  Upload   Total   Spent    Left  Speed
  0     0    0     0    0     0      0      0 --:--:-- --:--:-- --:--:--     0  0     0    0     0    0     0      0      0 --:--:-- --:--:-- --:--:--     0100   138  100   138    0     0    293      0 --:--:-- --:--:-- --:--:--   293
Calculating checksum...
Checksum mismatch detected. Replacing the cached Boost file.
Step 8: Reinstalling pods...
  $ /opt/homebrew/bin/node -p require.resolve(     "@react-native-community/cli-platform-ios/native_modules.rb",     {paths: [process.argv[1]]},   ) /Users/gr0nk/Documents/GitHub/ToBeWisePro/node_modules/react-native/scripts
  /Users/gr0nk/Documents/GitHub/ToBeWisePro/node_modules/@react-native-community/cli-platform-ios/native_modules.rb
undefined:48
<<<<<<< Updated upstream
^

SyntaxError: /Users/gr0nk/Documents/GitHub/ToBeWisePro/package.json: Expected double-quoted property name in JSON at position 1243 (line 48 column 1)
    at parse (<anonymous>)
    at Object..json (node:internal/modules/cjs/loader:1917:39)
    at Module.load (node:internal/modules/cjs/loader:1474:32)
    at Function._load (node:internal/modules/cjs/loader:1286:12)
    at TracingChannel.traceSync (node:diagnostics_channel:322:14)
    at wrapModuleLoad (node:internal/modules/cjs/loader:234:24)
    at Module.require (node:internal/modules/cjs/loader:1496:12)
    at require (node:internal/modules/helpers:135:16)
    at mergeLinkingOptionsAsync (/Users/gr0nk/Documents/GitHub/ToBeWisePro/node_modules/expo-modules-autolinking/build/autolinking/mergeLinkingOptions.js:25:25)
    at Command.<anonymous> (/Users/gr0nk/Documents/GitHub/ToBeWisePro/node_modules/expo-modules-autolinking/build/index.js:21:74)

Node.js v23.5.0

[!] Invalid `Podfile` file: Couldn't parse JSON coming from `expo-modules-autolinking` command:
unexpected token at ''.

 #  from /Users/gr0nk/Documents/GitHub/ToBeWisePro/ios/Podfile:38
 #  -------------------------------------------
 #    # Use Expo modules
 >    use_expo_modules!
 #    
 #  -------------------------------------------

/opt/homebrew/Cellar/cocoapods/1.16.2_1/libexec/gems/cocoapods-core-1.16.2/lib/cocoapods-core/podfile.rb:335:in 'block in Pod::Podfile.from_ruby'
/opt/homebrew/Cellar/cocoapods/1.16.2_1/libexec/gems/cocoapods-core-1.16.2/lib/cocoapods-core/podfile.rb:50:in 'BasicObject#instance_eval'
/opt/homebrew/Cellar/cocoapods/1.16.2_1/libexec/gems/cocoapods-core-1.16.2/lib/cocoapods-core/podfile.rb:50:in 'Pod::Podfile#initialize'
/opt/homebrew/Cellar/cocoapods/1.16.2_1/libexec/gems/cocoapods-core-1.16.2/lib/cocoapods-core/podfile.rb:327:in 'Class#new'
/opt/homebrew/Cellar/cocoapods/1.16.2_1/libexec/gems/cocoapods-core-1.16.2/lib/cocoapods-core/podfile.rb:327:in 'Pod::Podfile.from_ruby'
/opt/homebrew/Cellar/cocoapods/1.16.2_1/libexec/gems/cocoapods-core-1.16.2/lib/cocoapods-core/podfile.rb:293:in 'Pod::Podfile.from_file'
/opt/homebrew/Cellar/cocoapods/1.16.2_1/libexec/gems/cocoapods-1.16.2/lib/cocoapods/config.rb:206:in 'Pod::Config#podfile'
/opt/homebrew/Cellar/cocoapods/1.16.2_1/libexec/gems/cocoapods-1.16.2/lib/cocoapods/command.rb:160:in 'Pod::Command#verify_podfile_exists!'
/opt/homebrew/Cellar/cocoapods/1.16.2_1/libexec/gems/cocoapods-1.16.2/lib/cocoapods/command/install.rb:46:in 'Pod::Command::Install#run'
/opt/homebrew/Cellar/cocoapods/1.16.2_1/libexec/gems/claide-1.1.0/lib/claide/command.rb:334:in 'CLAide::Command.run'
/opt/homebrew/Cellar/cocoapods/1.16.2_1/libexec/gems/cocoapods-1.16.2/lib/cocoapods/command.rb:52:in 'Pod::Command.run'
/opt/homebrew/Cellar/cocoapods/1.16.2_1/libexec/gems/cocoapods-1.16.2/bin/pod:55:in '<top (required)>'
/opt/homebrew/Cellar/cocoapods/1.16.2_1/libexec/bin/pod:25:in 'Kernel#load'
/opt/homebrew/Cellar/cocoapods/1.16.2_1/libexec/bin/pod:25:in '<main>'
Step 9: Aligning React Native Firebase versions...
Step 6: Removing existing Pods and Podfile.lock...
Step 7: Fixing Boost checksum mismatch...
Downloading Boost manually...
  % Total    % Received % Xferd  Average Speed   Time    Time     Time  Current
                                 Dload  Upload   Total   Spent    Left  Speed
  0     0    0     0    0     0      0      0 --:--:-- --:--:-- --:--:--     0100   138  100   138    0     0    371      0 --:--:-- --:--:-- --:--:--   371
Calculating checksum...
Checksum mismatch detected. Replacing the cached Boost file.
Step 8: Reinstalling pods...
  $ /opt/homebrew/bin/node -p require.resolve(     "@react-native-community/cli-platform-ios/native_modules.rb",     {paths: [process.argv[1]]},   ) /Users/gr0nk/Documents/GitHub/ToBeWisePro/node_modules/react-native/scripts
  /Users/gr0nk/Documents/GitHub/ToBeWisePro/node_modules/@react-native-community/cli-platform-ios/native_modules.rb

Using Expo modules
  — expo (49.0.23)
  — expo-application (5.3.1)
  [Expo] Enabling modular headers for pod ExpoModulesCore
  — expo-constants (14.4.2)
  — expo-eas-client (0.6.0)
  — expo-file-system (15.4.5)
  — expo-font (11.4.0)
  — expo-json-utils (0.7.1)
  — expo-keep-awake (12.3.0)
  — expo-manifests (0.7.2)
  — expo-modules-core (1.5.13)
  — expo-notifications (0.20.1)
  — expo-splash-screen (0.20.5)
  — expo-sqlite (11.3.3)
  — expo-structured-headers (3.3.0)
  [Expo] Enabling modular headers for pod React-Core
  [Expo] Enabling modular headers for pod EXStructuredHeaders
  [Expo] Enabling modular headers for pod EXUpdatesInterface
  [Expo] Enabling modular headers for pod EXManifests
  [Expo] Enabling modular headers for pod EASClient
  [Expo] Enabling modular headers for pod ReachabilitySwift
  [Expo] Enabling modular headers for pod ASN1Decoder
  [Expo] Enabling modular headers for pod RCT-Folly
  — expo-updates (0.18.19)
  $ /opt/homebrew/bin/node -e try {console.log(require('@react-native-community/cli').bin);} catch (e) {console.log(require('react-native/cli').bin);}
  /Users/gr0nk/Documents/GitHub/ToBeWisePro/node_modules/@react-native-community/cli/build/bin.js
Adding a custom script phase for Pod RNFBApp: [RNFB] Core Configuration
RNFBAnalytics: Using default Firebase/Analytics with Ad Ids. May require App Tracking Transparency. Not allowed for Kids apps.
RNFBAnalytics: You may set variable `$RNFirebaseAnalyticsWithoutAdIdSupport=true` in Podfile to use analytics without ad ids.
Auto-linking React Native modules for target `ToBeWisePro`: BVLinearGradient, RCTYouTube, RNCAsyncStorage, RNCPicker, RNDateTimePicker, RNFBAnalytics, RNFBApp, RNFBFirestore, RNGestureHandler, RNInAppBrowser, RNRate, RNReactNativeHapticFeedback, RNReanimated, RNScreens, react-native-config, react-native-safe-area-context, react-native-slider, and react-native-webview
Framework build type is static framework
  $ /bin/mkdir -p ./build/generated/ios
[Codegen] Generating ./build/generated/ios/React-Codegen.podspec.json
  Preparing

Analyzing dependencies

Inspecting targets to integrate
[!] The file `/Users/gr0nk/Documents/GitHub/ToBeWisePro/ios/ToBeWisePro.xcodeproj/project.pbxproj` is in a merge conflict.

/opt/homebrew/Cellar/cocoapods/1.16.2_1/libexec/gems/xcodeproj-1.27.0/lib/xcodeproj/plist.rb:21:in 'Xcodeproj::Plist.read_from_path'
/opt/homebrew/Cellar/cocoapods/1.16.2_1/libexec/gems/xcodeproj-1.27.0/lib/xcodeproj/project.rb:211:in 'Xcodeproj::Project#initialize_from_file'
/opt/homebrew/Cellar/cocoapods/1.16.2_1/libexec/gems/xcodeproj-1.27.0/lib/xcodeproj/project.rb:113:in 'Xcodeproj::Project.open'
/opt/homebrew/Cellar/cocoapods/1.16.2_1/libexec/gems/cocoapods-1.16.2/lib/cocoapods/installer/analyzer.rb:1194:in 'block (2 levels) in Pod::Installer::Analyzer#inspect_targets_to_integrate'
/opt/homebrew/Cellar/cocoapods/1.16.2_1/libexec/gems/cocoapods-1.16.2/lib/cocoapods/installer/analyzer.rb:1193:in 'Hash#each'
/opt/homebrew/Cellar/cocoapods/1.16.2_1/libexec/gems/cocoapods-1.16.2/lib/cocoapods/installer/analyzer.rb:1193:in 'block in Pod::Installer::Analyzer#inspect_targets_to_integrate'
/opt/homebrew/Cellar/cocoapods/1.16.2_1/libexec/gems/cocoapods-1.16.2/lib/cocoapods/user_interface.rb:64:in 'Pod::UserInterface.section'
/opt/homebrew/Cellar/cocoapods/1.16.2_1/libexec/gems/cocoapods-1.16.2/lib/cocoapods/installer/analyzer.rb:1188:in 'Pod::Installer::Analyzer#inspect_targets_to_integrate'
/opt/homebrew/Cellar/cocoapods/1.16.2_1/libexec/gems/cocoapods-1.16.2/lib/cocoapods/installer/analyzer.rb:107:in 'Pod::Installer::Analyzer#analyze'
/opt/homebrew/Cellar/cocoapods/1.16.2_1/libexec/gems/cocoapods-1.16.2/lib/cocoapods/installer.rb:422:in 'Pod::Installer#analyze'
/opt/homebrew/Cellar/cocoapods/1.16.2_1/libexec/gems/cocoapods-1.16.2/lib/cocoapods/installer.rb:244:in 'block in Pod::Installer#resolve_dependencies'
/opt/homebrew/Cellar/cocoapods/1.16.2_1/libexec/gems/cocoapods-1.16.2/lib/cocoapods/user_interface.rb:64:in 'Pod::UserInterface.section'
/opt/homebrew/Cellar/cocoapods/1.16.2_1/libexec/gems/cocoapods-1.16.2/lib/cocoapods/installer.rb:243:in 'Pod::Installer#resolve_dependencies'
/opt/homebrew/Cellar/cocoapods/1.16.2_1/libexec/gems/cocoapods-1.16.2/lib/cocoapods/installer.rb:162:in 'Pod::Installer#install!'
/opt/homebrew/Cellar/cocoapods/1.16.2_1/libexec/gems/cocoapods-1.16.2/lib/cocoapods/command/install.rb:52:in 'Pod::Command::Install#run'
/opt/homebrew/Cellar/cocoapods/1.16.2_1/libexec/gems/claide-1.1.0/lib/claide/command.rb:334:in 'CLAide::Command.run'
/opt/homebrew/Cellar/cocoapods/1.16.2_1/libexec/gems/cocoapods-1.16.2/lib/cocoapods/command.rb:52:in 'Pod::Command.run'
/opt/homebrew/Cellar/cocoapods/1.16.2_1/libexec/gems/cocoapods-1.16.2/bin/pod:55:in '<top (required)>'
/opt/homebrew/Cellar/cocoapods/1.16.2_1/libexec/bin/pod:25:in 'Kernel#load'
/opt/homebrew/Cellar/cocoapods/1.16.2_1/libexec/bin/pod:25:in '<main>'
Step 9: Aligning React Native Firebase versions...
